id,cltv
89393,89861.555
89394,135143.5
89395,100038.83
89396,88031.28
89397,109568.14
89398,111373.99
89399,49703.09
89400,109478.9
89401,48387.73
89402,167235.08
89403,163644.16
89404,83432.48
89405,40926.13
89406,51587.2
89407,54052.797
89408,113826.17
89409,125074.57
89410,125710.38
89411,126637.38
89412,137544.61
89413,132507.3
89414,48677.168
89415,48019.12
89416,99650.25
89417,149448.67
89418,101539.92
89419,54673.527
89420,124197.164
89421,151397.27
89422,105233.016
89423,170003.19
89424,47984.67
89425,103836.59
89426,119832.52
89427,104127.74
89428,112506.266
89429,92392.97
89430,55580.535
89431,116652.43
89432,121236.8
89433,47825.81
89434,48657.62
89435,46290.977
89436,117493.29
89437,50325.094
89438,147873.95
89439,52407.434
89440,145499.69
89441,137723.78
89442,57859.723
89443,105691.58
89444,88051.9
89445,107186.695
89446,90770.98
89447,126858.04
89448,132659.19
89449,138388.02
89450,137385.47
89451,121422.695
89452,131103.0
89453,127628.5
89454,144654.9
89455,110277.266
89456,136506.27
89457,106951.08
89458,136032.33
89459,129887.56
89460,131240.77
89461,103101.805
89462,92833.6
89463,113744.55
89464,173935.61
89465,138372.53
89466,52257.3
89467,129576.57
89468,46862.086
89469,114165.79
89470,53026.414
89471,155981.0
89472,125083.805
89473,137735.5
89474,121723.484
89475,110343.97
89476,141180.2
89477,55926.492
89478,131693.66
89479,128069.48
89480,102139.5
89481,51952.55
89482,51853.715
89483,107769.164
89484,51295.344
89485,115866.78
89486,126300.23
89487,116148.47
89488,85209.805
89489,53557.22
89490,94530.77
89491,115595.16
89492,106742.59
89493,49414.69
89494,47658.43
89495,98077.75
89496,103855.38
89497,141632.27
89498,99131.94
89499,46392.797
89500,123108.04
89501,59934.22
89502,44806.168
89503,169003.78
89504,153352.52
89505,81717.914
89506,48123.703
89507,116482.38
89508,94781.47
89509,163153.48
89510,51070.195
89511,128702.23
89512,138003.34
89513,106480.68
89514,139511.14
89515,103375.3
89516,47623.223
89517,103104.67
89518,49014.51
89519,137202.66
89520,52695.6
89521,97448.65
89522,50412.645
89523,55121.42
89524,47937.62
89525,98516.51
89526,44150.652
89527,50112.65
89528,94584.7
89529,108647.32
89530,139825.31
89531,139922.56
89532,44808.793
89533,57018.14
89534,105158.77
89535,113222.02
89536,110976.46
89537,122455.3
89538,161087.8
89539,114254.95
89540,57138.586
89541,119882.93
89542,81735.62
89543,56854.78
89544,110651.15
89545,51463.543
89546,218036.08
89547,94825.67
89548,116593.15
89549,86133.61
89550,64515.77
89551,110995.23
89552,88939.19
89553,132055.27
89554,61999.516
89555,54778.664
89556,91355.05
89557,113768.445
89558,149692.17
89559,113796.67
89560,46085.395
89561,128157.7
89562,138888.08
89563,94738.72
89564,146471.44
89565,96612.12
89566,110096.305
89567,100617.95
89568,131332.53
89569,88971.586
89570,124830.28
89571,113160.47
89572,62308.99
89573,53265.645
89574,40440.65
89575,146450.28
89576,142033.03
89577,50650.92
89578,91133.05
89579,144406.55
89580,133847.52
89581,126120.31
89582,46500.715
89583,106537.414
89584,105989.66
89585,49536.1
89586,48960.656
89587,46806.656
89588,45874.12
89589,50255.21
89590,133021.2
89591,181243.58
89592,110565.01
89593,142116.11
89594,100685.08
89595,111803.664
89596,88015.016
89597,49786.18
89598,86987.94
89599,110574.35
89600,102364.71
89601,121140.72
89602,129493.266
89603,108797.79
89604,151573.84
89605,100740.03
89606,112283.984
89607,110246.13
89608,142660.92
89609,118282.516
89610,102123.84
89611,88997.3
89612,151837.42
89613,111583.47
89614,50423.516
89615,103418.37
89616,157011.52
89617,46575.367
89618,86064.45
89619,52999.56
89620,90700.26
89621,145536.86
89622,112509.88
89623,122975.42
89624,137261.12
89625,47257.266
89626,112631.836
89627,49921.984
89628,54228.766
89629,140948.48
89630,100333.79
89631,126529.87
89632,48379.402
89633,101046.46
89634,122684.46
89635,128923.125
89636,126904.875
89637,47800.887
89638,90575.1
89639,114200.84
89640,120126.04
89641,49258.78
89642,47948.035
89643,89493.695
89644,133136.56
89645,129676.56
89646,150702.98
89647,46734.92
89648,44934.95
89649,110656.164
89650,109641.62
89651,76770.75
89652,100271.375
89653,112138.05
89654,107484.15
89655,131467.39
89656,101865.49
89657,47389.273
89658,142634.52
89659,132710.89
89660,127841.086
89661,95912.73
89662,132872.38
89663,52418.13
89664,60088.82
89665,89529.336
89666,49901.652
89667,42708.777
89668,135014.69
89669,107926.94
89670,138485.05
89671,109288.6
89672,122923.22
89673,51135.98
89674,133994.14
89675,107374.01
89676,53004.152
89677,52970.066
89678,119163.61
89679,118280.86
89680,48897.18
89681,109011.66
89682,49520.03
89683,128891.51
89684,82879.88
89685,117537.38
89686,52835.87
89687,48050.832
89688,108001.24
89689,51090.64
89690,119326.37
89691,52546.652
89692,106841.79
89693,152498.0
89694,105252.836
89695,120384.555
89696,103300.29
89697,78270.26
89698,123937.59
89699,50095.074
89700,45259.18
89701,82325.76
89702,129455.38
89703,45243.492
89704,130438.375
89705,121199.414
89706,100261.06
89707,50222.43
89708,128650.9
89709,53848.01
89710,106461.29
89711,118434.56
89712,129178.836
89713,98229.484
89714,140901.73
89715,153719.78
89716,45338.38
89717,168761.84
89718,103233.65
89719,117700.69
89720,78699.47
89721,132123.27
89722,47971.39
89723,86491.78
89724,96085.81
89725,123879.16
89726,50560.18
89727,47400.492
89728,50929.12
89729,161536.44
89730,96612.12
89731,146346.88
89732,49306.645
89733,126965.695
89734,121318.08
89735,134898.19
89736,87707.266
89737,126788.05
89738,47858.727
89739,49819.504
89740,110276.016
89741,106928.16
89742,130275.75
89743,110757.61
89744,44907.23
89745,119891.14
89746,45883.312
89747,137890.5
89748,110448.23
89749,59776.72
89750,121666.48
89751,101737.164
89752,44606.742
89753,130025.32
89754,129813.39
89755,126131.67
89756,50166.137
89757,147088.88
89758,130464.59
89759,121648.68
89760,50669.86
89761,127727.59
89762,123210.09
89763,111170.336
89764,100014.23
89765,112105.76
89766,135210.19
89767,148524.22
89768,89827.93
89769,112047.69
89770,77140.37
89771,110513.35
89772,102418.6
89773,112602.59
89774,145340.14
89775,129647.05
89776,114297.53
89777,98861.0
89778,188829.05
89779,47079.082
89780,53716.22
89781,108524.4
89782,86241.12
89783,119097.91
89784,80866.32
89785,117195.12
89786,114708.234
89787,110889.99
89788,159181.11
89789,53972.473
89790,139092.72
89791,51128.92
89792,105055.94
89793,168740.53
89794,155851.97
89795,102941.92
89796,57321.098
89797,125570.1
89798,44344.945
89799,51226.93
89800,120913.875
89801,95201.43
89802,140636.19
89803,139175.64
89804,121643.805
89805,107761.016
89806,122175.17
89807,113619.9
89808,48141.418
89809,141249.02
89810,106328.375
89811,84828.89
89812,49894.74
89813,50565.46
89814,40592.37
89815,52398.688
89816,139022.7
89817,113424.016
89818,52730.062
89819,101786.2
89820,47424.53
89821,46138.348
89822,41455.06
89823,48978.684
89824,112473.75
89825,49020.33
89826,121912.2
89827,116806.33
89828,132839.3
89829,114745.36
89830,48407.46
89831,139948.72
89832,103450.48
89833,50160.086
89834,107317.95
89835,46504.77
89836,104548.74
89837,93238.59
89838,48911.47
89839,111154.54
89840,122665.02
89841,50811.88
89842,55612.508
89843,131251.92
89844,47205.605
89845,47665.207
89846,126219.56
89847,82649.24
89848,44474.01
89849,45676.965
89850,46633.598
89851,126153.07
89852,121403.35
89853,164891.69
89854,128278.23
89855,116337.39
89856,158698.52
89857,49834.742
89858,101012.54
89859,93607.2
89860,45387.25
89861,161966.45
89862,113195.85
89863,108310.11
89864,85886.94
89865,49294.27
89866,121946.76
89867,155336.1
89868,50509.41
89869,114462.93
89870,154051.73
89871,59142.438
89872,115252.96
89873,171077.4
89874,92701.086
89875,99462.57
89876,125459.695
89877,78481.82
89878,47312.94
89879,44907.23
89880,46101.523
89881,129380.63
89882,129354.62
89883,109204.766
89884,114542.68
89885,124062.5
89886,94825.67
89887,121864.19
89888,132358.17
89889,159631.61
89890,81463.82
89891,119054.51
89892,45034.492
89893,108678.01
89894,45636.11
89895,53086.04
89896,113241.695
89897,115079.3
89898,49772.273
89899,144769.73
89900,83781.914
89901,111580.125
89902,129465.82
89903,123246.29
89904,78528.125
89905,59912.906
89906,117514.74
89907,99045.43
89908,50060.496
89909,118392.44
89910,124483.3
89911,100619.5
89912,98490.13
89913,56870.71
89914,105791.41
89915,118881.33
89916,119829.164
89917,139590.77
89918,110976.27
89919,123502.22
89920,52722.344
89921,120981.375
89922,113166.61
89923,130680.9
89924,118359.055
89925,48795.188
89926,42228.473
89927,94555.49
89928,142969.4
89929,139705.08
89930,118765.016
89931,174574.45
89932,135002.2
89933,49308.066
89934,124740.87
89935,122956.02
89936,55918.01
89937,115290.72
89938,111590.55
89939,137420.97
89940,47771.043
89941,143235.73
89942,96742.65
89943,158085.84
89944,138301.28
89945,109749.305
89946,88818.55
89947,130128.31
89948,98332.07
89949,126168.42
89950,109134.336
89951,38518.168
89952,127184.26
89953,129647.05
89954,94674.98
89955,100332.53
89956,118077.49
89957,56329.574
89958,98863.12
89959,88323.63
89960,167489.98
89961,48147.383
89962,104333.92
89963,45709.16
89964,88560.15
89965,120199.04
89966,99224.625
89967,101190.65
89968,125734.31
89969,129299.12
89970,166826.38
89971,48979.812
89972,105324.88
89973,53479.47
89974,124950.1
89975,152127.22
89976,49815.44
89977,93076.72
89978,144642.05
89979,99260.47
89980,132034.83
89981,52363.805
89982,135481.84
89983,59873.062
89984,248688.92
89985,108467.8
89986,136661.67
89987,47968.383
89988,53178.74
89989,48168.703
89990,126208.734
89991,91790.4
89992,118458.336
89993,135836.03
89994,54905.45
89995,49807.676
89996,48426.945
89997,123026.16
89998,47760.55
89999,146565.11
90000,47470.652
90001,50280.062
90002,166795.84
90003,118218.37
90004,126581.94
90005,128985.22
90006,48992.8
90007,139646.47
90008,137651.14
90009,45524.81
90010,51461.406
90011,60173.605
90012,121271.055
90013,157899.86
90014,154433.94
90015,52854.26
90016,119190.31
90017,152349.48
90018,88516.63
90019,46818.215
90020,45147.8
90021,111911.69
90022,47190.64
90023,151597.75
90024,85556.75
90025,125124.055
90026,119110.62
90027,122340.56
90028,43271.91
90029,59337.83
90030,52853.61
90031,178414.3
90032,50990.035
90033,99676.766
90034,80589.79
90035,103070.66
90036,125850.35
90037,44324.85
90038,102351.98
90039,47056.723
90040,167148.39
90041,50818.293
90042,100304.13
90043,116396.99
90044,103478.39
90045,149659.8
90046,61974.45
90047,122563.875
90048,138966.22
90049,53380.25
90050,145845.44
90051,48603.418
90052,43631.418
90053,54511.27
90054,118252.35
90055,48128.418
90056,101381.38
90057,46177.145
90058,115087.125
90059,145181.0
90060,56738.01
90061,144610.0
90062,52560.594
90063,46386.05
90064,92273.664
90065,51744.242
90066,152045.05
90067,169660.22
90068,113888.87
90069,115536.586
90070,113327.85
90071,67709.414
90072,150112.25
90073,133529.75
90074,46213.574
90075,47400.492
90076,58450.938
90077,134092.12
90078,116252.15
90079,52687.36
90080,51659.727
90081,125174.35
90082,50890.848
90083,121614.99
90084,115975.99
90085,89590.61
90086,127265.0
90087,133189.58
90088,170334.72
90089,45311.69
90090,57823.2
90091,47850.008
90092,172890.14
90093,47904.46
90094,54959.6
90095,58049.19
90096,89880.25
90097,154475.2
90098,88576.39
90099,46925.844
90100,53839.008
90101,135943.98
90102,60880.51
90103,119025.39
90104,119305.52
90105,159876.34
90106,115169.44
90107,47507.727
90108,46952.082
90109,48071.953
90110,107819.54
90111,111321.88
90112,107450.5
90113,91327.89
90114,61834.074
90115,90654.125
90116,150864.06
90117,107533.695
90118,159805.16
90119,101539.92
90120,127194.61
90121,47357.633
90122,126100.66
90123,48190.203
90124,111339.875
90125,149122.92
90126,131930.69
90127,114351.15
90128,50006.227
90129,117141.6
90130,106925.17
90131,103712.11
90132,158845.0
90133,122783.26
90134,53318.535
90135,47939.492
90136,103728.875
90137,45762.285
90138,92996.98
90139,114500.2
90140,129358.75
90141,77664.695
90142,160886.19
90143,129686.42
90144,72512.22
90145,58182.504
90146,136592.81
90147,114709.93
90148,47957.75
90149,42260.41
90150,49529.246
90151,86319.234
90152,50148.99
90153,114062.234
90154,52315.51
90155,110459.11
90156,118992.78
90157,106666.664
90158,106844.54
90159,46707.98
90160,113893.836
90161,136234.94
90162,156956.08
90163,128773.37
90164,57087.84
90165,54914.633
90166,169907.86
90167,70104.516
90168,44424.01
90169,53747.28
90170,64907.234
90171,114177.57
90172,65749.266
90173,120793.1
90174,107010.24
90175,155777.8
90176,117723.02
90177,48262.324
90178,122703.57
90179,96179.016
90180,129362.49
90181,58367.676
90182,51150.203
90183,168794.75
90184,133610.48
90185,98988.34
90186,111410.586
90187,113976.15
90188,170171.98
90189,118827.055
90190,50686.31
90191,112363.04
90192,50492.668
90193,123369.43
90194,92412.89
90195,127487.055
90196,46893.67
90197,50394.38
90198,84411.84
90199,110487.29
90200,55372.5
90201,47024.0
90202,139451.12
90203,154449.94
90204,114352.69
90205,112422.805
90206,117602.85
90207,122887.945
90208,109971.56
90209,52778.59
90210,128521.43
90211,45026.402
90212,131312.67
90213,106869.72
90214,121043.01
90215,45873.074
90216,101132.19
90217,119362.69
90218,107323.68
90219,132306.31
90220,145717.8
90221,109441.914
90222,142284.31
90223,129200.62
90224,55764.633
90225,49972.86
90226,107709.15
90227,52091.965
90228,47024.0
90229,135122.19
90230,44517.06
90231,55037.57
90232,128069.26
90233,51452.664
90234,108201.42
90235,130146.7
90236,45245.613
90237,138949.3
90238,123721.96
90239,46035.39
90240,89880.25
90241,88966.02
90242,49134.14
90243,47984.67
90244,45066.457
90245,58443.99
90246,52122.26
90247,144252.23
90248,48376.11
90249,120618.97
90250,161205.97
90251,116094.586
90252,125418.22
90253,123855.57
90254,110245.18
90255,128685.69
90256,53673.2
90257,120892.76
90258,52144.11
90259,99923.1
90260,127488.23
90261,121522.92
90262,126189.05
90263,110969.11
90264,140705.4
90265,119542.86
90266,92553.05
90267,134687.67
90268,112800.67
90269,120168.83
90270,148117.42
90271,167977.53
90272,139937.38
90273,125959.88
90274,43664.113
90275,89819.914
90276,56857.09
90277,106992.39
90278,139423.83
90279,139839.86
90280,51848.773
90281,88275.51
90282,132908.8
90283,49051.59
90284,94958.805
90285,50539.113
90286,122475.234
90287,91222.55
90288,48438.92
90289,50394.38
90290,128277.44
90291,54750.137
90292,65262.03
90293,72885.18
90294,102085.51
90295,47654.74
90296,47724.67
90297,138981.7
90298,49877.184
90299,141803.66
90300,53676.742
90301,44423.242
90302,101888.84
90303,116436.03
90304,107953.016
90305,60583.11
90306,127759.59
90307,110057.93
90308,114703.64
90309,69003.664
90310,65725.19
90311,125347.02
90312,128228.58
90313,90047.97
90314,120580.945
90315,152166.06
90316,109271.87
90317,111846.77
90318,141555.77
90319,141126.03
90320,118854.89
90321,55498.53
90322,129554.27
90323,101663.98
90324,98742.35
90325,45769.848
90326,57301.63
90327,47183.484
90328,57460.55
90329,138245.16
90330,142214.12
90331,111508.7
90332,108409.04
90333,50435.51
90334,49291.84
90335,101063.1
90336,47024.0
90337,124222.09
90338,50785.023
90339,115443.3
90340,49207.14
90341,139851.89
90342,117283.28
90343,54433.867
90344,117302.336
90345,134161.0
90346,119810.65
90347,133368.5
90348,45607.555
90349,167080.05
90350,124118.84
90351,96225.086
90352,112022.766
90353,135671.78
90354,53742.574
90355,126457.055
90356,45664.566
90357,93367.51
90358,66765.67
90359,46667.582
90360,141953.19
90361,92003.266
90362,48715.867
90363,103607.46
90364,124753.02
90365,49260.973
90366,108370.46
90367,121324.305
90368,97019.59
90369,125348.14
90370,86319.234
90371,124924.23
90372,163682.61
90373,117137.805
90374,112210.01
90375,114236.72
90376,114405.63
90377,46737.227
90378,49584.47
90379,100694.82
90380,108482.125
90381,126162.336
90382,131715.5
90383,147510.36
90384,128142.055
90385,127983.95
90386,120456.016
90387,141656.16
90388,123558.66
90389,143246.52
90390,50082.41
90391,48363.344
90392,101033.734
90393,101368.76
90394,127183.87
90395,137137.52
90396,46098.902
90397,123902.37
90398,151847.53
90399,51214.93
90400,142088.28
90401,104715.016
90402,139494.06
90403,103280.12
90404,63568.203
90405,126176.38
90406,172405.4
90407,126331.4
90408,153888.72
90409,121025.71
90410,54660.004
90411,123664.164
90412,148209.72
90413,106435.11
90414,109783.3
90415,119617.8
90416,50052.18
90417,103885.34
90418,55808.52
90419,131861.53
90420,123207.26
90421,122275.39
90422,50350.26
90423,127956.21
90424,138213.8
90425,125138.05
90426,123605.4
90427,113106.984
90428,45599.152
90429,51983.805
90430,121460.59
90431,129817.33
90432,119248.28
90433,120218.61
90434,130583.766
90435,124726.55
90436,49581.246
90437,107048.5
90438,41843.613
90439,97597.51
90440,95996.44
90441,51446.48
90442,51822.402
90443,138200.69
90444,158528.42
90445,43518.18
90446,55839.266
90447,92973.45
90448,105806.62
90449,161334.6
90450,118591.555
90451,49260.973
90452,183005.0
90453,47358.57
90454,141382.33
90455,94218.02
90456,47331.664
90457,117109.54
90458,100962.484
90459,99468.234
90460,59856.824
90461,50242.63
90462,58006.605
90463,108016.66
90464,115310.56
90465,135100.95
90466,130627.67
90467,152528.8
90468,49076.23
90469,111887.38
90470,114797.836
90471,99828.44
90472,101208.62
90473,46135.1
90474,96968.21
90475,49260.973
90476,50627.36
90477,52983.004
90478,148735.02
90479,55302.418
90480,142956.45
90481,122263.016
90482,96505.79
90483,36070.004
90484,127918.26
90485,138306.84
90486,155615.67
90487,52038.453
90488,130961.48
90489,128385.21
90490,120938.76
90491,114746.72
90492,50815.336
90493,104141.53
90494,124846.59
90495,62951.336
90496,57522.117
90497,106811.18
90498,66941.5
90499,106110.66
90500,50928.723
90501,85464.6
90502,105506.18
90503,67934.67
90504,47787.49
90505,153168.5
90506,157852.95
90507,106431.9
90508,113042.9
90509,62287.99
90510,130188.21
90511,134843.8
90512,48022.715
90513,89793.16
90514,45002.664
90515,139948.45
90516,123699.19
90517,48064.83
90518,46916.06
90519,105159.88
90520,78097.4
90521,39939.812
90522,108351.195
90523,100067.664
90524,95742.82
90525,123904.9
90526,44885.332
90527,99977.43
90528,128647.0
90529,116152.75
90530,50397.08
90531,88734.81
90532,133959.83
90533,173503.31
90534,127189.164
90535,44608.836
90536,164937.8
90537,54059.15
90538,86925.82
90539,48435.406
90540,116277.52
90541,107928.625
90542,98851.17
90543,98364.98
90544,174853.03
90545,49939.996
90546,45478.64
90547,158145.7
90548,84539.05
90549,118369.33
90550,152649.81
90551,108585.68
90552,127610.46
90553,139413.19
90554,131898.53
90555,102088.85
90556,44611.715
90557,102068.32
90558,105755.16
90559,49981.395
90560,116023.84
90561,44049.305
90562,115621.99
90563,131677.97
90564,94891.96
90565,99304.47
90566,63021.25
90567,134898.98
90568,100405.04
90569,135435.16
90570,109696.305
90571,135107.38
90572,125709.47
90573,127510.586
90574,116226.53
90575,128617.74
90576,54439.94
90577,46305.34
90578,114655.875
90579,46182.242
90580,102113.195
90581,135749.5
90582,137177.67
90583,94555.49
90584,116646.35
90585,111629.0
90586,91468.93
90587,47345.03
90588,54124.523
90589,135887.62
90590,50788.547
90591,94555.49
90592,116574.38
90593,121612.27
90594,114529.2
90595,117235.34
90596,96588.56
90597,132134.95
90598,143768.83
90599,84089.8
90600,112212.266
90601,121173.62
90602,116387.57
90603,100982.91
90604,50624.65
90605,106494.59
90606,125978.66
90607,51361.14
90608,106215.19
90609,125380.15
90610,86756.65
90611,115353.31
90612,104510.93
90613,122063.9
90614,42281.586
90615,186782.3
90616,154034.73
90617,116698.83
90618,109447.23
90619,91248.84
90620,160112.83
90621,45697.24
90622,119986.195
90623,102918.16
90624,49354.355
90625,88913.07
90626,50337.184
90627,110502.53
90628,109539.43
90629,43023.17
90630,50698.355
90631,120518.25
90632,48799.37
90633,121845.234
90634,100660.79
90635,111537.92
90636,86589.88
90637,51569.17
90638,137107.23
90639,156757.97
90640,50056.91
90641,157163.83
90642,87901.3
90643,141253.78
90644,44361.902
90645,102163.17
90646,55649.797
90647,46715.887
90648,96527.6
90649,53611.016
90650,106509.1
90651,98523.266
90652,136263.73
90653,191427.98
90654,219927.42
90655,153483.94
90656,118944.69
90657,61799.605
90658,50087.61
90659,121531.195
90660,48824.7
90661,158209.55
90662,50702.926
90663,107733.29
90664,95269.695
90665,136211.81
90666,57913.953
90667,47389.273
90668,101539.92
90669,52618.97
90670,60053.957
90671,132090.67
90672,120364.2
90673,84729.24
90674,136785.7
90675,47939.492
90676,48075.07
90677,160164.73
90678,50287.855
90679,152084.97
90680,59839.086
90681,147637.95
90682,133945.27
90683,127335.1
90684,128037.33
90685,55942.05
90686,120565.87
90687,120560.55
90688,40185.145
90689,41358.0
90690,130952.04
90691,124362.88
90692,134909.86
90693,129234.37
90694,97753.18
90695,126169.43
90696,131780.62
90697,50659.89
90698,82488.914
90699,48311.754
90700,44642.367
90701,114548.09
90702,90472.2
90703,145607.03
90704,121015.13
90705,151233.16
90706,129610.13
90707,113144.336
90708,116822.45
90709,145662.1
90710,129936.78
90711,50066.613
90712,128390.68
90713,136936.98
90714,127709.31
90715,110005.125
90716,95367.72
90717,152863.86
90718,44097.3
90719,47072.28
90720,127447.03
90721,100982.75
90722,54396.273
90723,121319.875
90724,56740.875
90725,142487.83
90726,107409.914
90727,51903.81
90728,85844.266
90729,109029.445
90730,55860.39
90731,79129.234
90732,118762.766
90733,54169.28
90734,115398.445
90735,110591.5
90736,117338.125
90737,114348.5
90738,138163.73
90739,86294.67
90740,158836.61
90741,135835.9
90742,130541.89
90743,85395.36
90744,146714.14
90745,76770.75
90746,47098.586
90747,95928.805
90748,50931.58
90749,45014.402
90750,114063.54
90751,52857.965
90752,99828.44
90753,61586.492
90754,148257.1
90755,102795.29
90756,108794.01
90757,43451.684
90758,132208.2
90759,136324.53
90760,123691.67
90761,108993.49
90762,52182.992
90763,115221.35
90764,49796.25
90765,55327.94
90766,53827.105
90767,116420.3
90768,44931.78
90769,139635.47
90770,139921.72
90771,101408.81
90772,105080.6
90773,110675.79
90774,92535.8
90775,100766.99
90776,54482.02
90777,103627.31
90778,125359.21
90779,157053.1
90780,48216.19
90781,163486.86
90782,128740.62
90783,48118.324
90784,129505.97
90785,52307.438
90786,114164.64
90787,100782.56
90788,125718.32
90789,40832.24
90790,83959.47
90791,61306.93
90792,122986.805
90793,150497.95
90794,49560.57
90795,51675.227
90796,45755.77
90797,91206.97
90798,121064.34
90799,107546.68
90800,46641.727
90801,114068.85
90802,47114.39
90803,124754.54
90804,67437.31
90805,145366.73
90806,44867.01
90807,158243.25
90808,97889.74
90809,47459.22
90810,134567.8
90811,119211.17
90812,126347.766
90813,126600.766
90814,62258.02
90815,45093.48
90816,92809.08
90817,120595.26
90818,103793.11
90819,49685.098
90820,124329.95
90821,46841.332
90822,117549.0
90823,117015.24
90824,135257.89
90825,116808.67
90826,107385.445
90827,159356.78
90828,113109.51
90829,97298.29
90830,49395.938
90831,121645.234
90832,48481.6
90833,51005.797
90834,51606.766
90835,112089.69
90836,48747.746
90837,109567.1
90838,135049.78
90839,49867.242
90840,114195.39
90841,132066.1
90842,48379.465
90843,109286.14
90844,133032.86
90845,70606.02
90846,135409.89
90847,123922.37
90848,124677.7
90849,101063.1
90850,127566.016
90851,159424.81
90852,49965.605
90853,129358.96
90854,108175.87
90855,48527.715
90856,112936.83
90857,123654.55
90858,53049.7
90859,117878.13
90860,117152.93
90861,150376.39
90862,89508.88
90863,108264.984
90864,48936.77
90865,119626.414
90866,114144.77
90867,56944.418
90868,138988.84
90869,128725.11
90870,59517.13
90871,147760.52
90872,188024.47
90873,45440.504
90874,54035.195
90875,106905.68
90876,143144.52
90877,53713.0
90878,106875.5
90879,93082.125
90880,133327.8
90881,97738.79
90882,122399.8
90883,104644.836
90884,111762.016
90885,140611.3
90886,125319.94
90887,52029.29
90888,112529.06
90889,133942.75
90890,132719.58
90891,41783.184
90892,158257.86
90893,129557.72
90894,132223.31
90895,140984.84
90896,123578.46
90897,114746.72
90898,49476.69
90899,29989.018
90900,139692.67
90901,129531.39
90902,75633.44
90903,101168.984
90904,96966.914
90905,118393.02
90906,69174.44
90907,89475.7
90908,101463.414
90909,83798.41
90910,112639.695
90911,142972.28
90912,50026.45
90913,137006.03
90914,46287.895
90915,67548.83
90916,113587.82
90917,126349.25
90918,45014.746
90919,120978.445
90920,127435.18
90921,49957.777
90922,55108.695
90923,135907.48
90924,97753.18
90925,47287.816
90926,48584.54
90927,53401.703
90928,126932.81
90929,56102.48
90930,142549.56
90931,87823.414
90932,136752.64
90933,94674.98
90934,117604.18
90935,107991.32
90936,163929.47
90937,51713.25
90938,102984.59
90939,102791.12
90940,159593.44
90941,56804.52
90942,154564.17
90943,50039.97
90944,106586.945
90945,120944.43
90946,98845.1
90947,54750.66
90948,47880.89
90949,52401.03
90950,122922.03
90951,133802.34
90952,101676.414
90953,151837.42
90954,123101.37
90955,103526.93
90956,58220.445
90957,127329.04
90958,46944.785
90959,60575.156
90960,49272.73
90961,110709.73
90962,103782.12
90963,50548.45
90964,125190.33
90965,139819.66
90966,134941.56
90967,131220.06
90968,117159.02
90969,91348.09
90970,110553.03
90971,114622.375
90972,134999.77
90973,41943.836
90974,118434.12
90975,127489.59
90976,108663.0
90977,110156.04
90978,54193.215
90979,56005.35
90980,48101.273
90981,108261.73
90982,135272.14
90983,99705.73
90984,108439.914
90985,90146.99
90986,58899.95
90987,47039.918
90988,55262.95
90989,95196.92
90990,145989.44
90991,55296.305
90992,52482.01
90993,51464.652
90994,53503.785
90995,46078.6
90996,118304.75
90997,47634.246
90998,116444.484
90999,89955.836
91000,146461.72
91001,121305.805
91002,43083.652
91003,87279.35
91004,119156.53
91005,150080.81
91006,45768.953
91007,110440.44
91008,51304.414
91009,157614.53
91010,106635.164
91011,98098.164
91012,105742.016
91013,57416.92
91014,46877.766
91015,147561.16
91016,45068.367
91017,127811.66
91018,51195.523
91019,120269.91
91020,119674.086
91021,169125.0
91022,131370.4
91023,137465.7
91024,138064.19
91025,59768.566
91026,89516.164
91027,95478.44
91028,49994.582
91029,62936.285
91030,109150.36
91031,47376.137
91032,90699.516
91033,55964.535
91034,55651.895
91035,118994.99
91036,141373.67
91037,167818.03
91038,122035.17
91039,179522.39
91040,166219.22
91041,53593.816
91042,59839.086
91043,52979.34
91044,130808.0
91045,44647.36
91046,50575.8
91047,107230.27
91048,105042.15
91049,125679.33
91050,114344.73
91051,135215.58
91052,128583.87
91053,145895.31
91054,50622.508
91055,115699.24
91056,137349.45
91057,109722.48
91058,133868.03
91059,97070.84
91060,48931.727
91061,125511.4
91062,105054.34
91063,137149.78
91064,96527.6
91065,111302.98
91066,136659.89
91067,51018.04
91068,47604.89
91069,132011.4
91070,121373.97
91071,114865.055
91072,130937.68
91073,92410.98
91074,89721.234
91075,42597.043
91076,144168.81
91077,54206.39
91078,46865.152
91079,121734.734
91080,106324.01
91081,119828.055
91082,50058.625
91083,91451.85
91084,62053.613
91085,142714.06
91086,42197.402
91087,117024.164
91088,42643.945
91089,51012.64
91090,133514.66
91091,154719.66
91092,104158.35
91093,173838.61
91094,134562.84
91095,56240.77
91096,51924.242
91097,132263.12
91098,132529.67
91099,52423.24
91100,48283.562
91101,52657.383
91102,112259.45
91103,136288.88
91104,122996.07
91105,86871.63
91106,102586.63
91107,51866.785
91108,44038.297
91109,127923.85
91110,44329.15
91111,94674.98
91112,124728.09
91113,121103.766
91114,49337.83
91115,109409.16
91116,131455.92
91117,51777.65
91118,154138.94
91119,142239.53
91120,153047.0
91121,114164.89
91122,100520.73
91123,63523.63
91124,144299.19
91125,97485.445
91126,117953.39
91127,129121.97
91128,47768.46
91129,153971.12
91130,46231.527
91131,160428.86
91132,137932.16
91133,50882.598
91134,46607.883
91135,115762.445
91136,56623.664
91137,98952.95
91138,93585.99
91139,108516.8
91140,127834.1
91141,120334.12
91142,100982.75
91143,57745.457
91144,46877.766
91145,143077.61
91146,44530.16
91147,126448.57
91148,166303.58
91149,125531.27
91150,92926.06
91151,170897.22
91152,137324.81
91153,47234.55
91154,47316.68
91155,48144.066
91156,48320.12
91157,44923.926
91158,148014.92
91159,91279.44
91160,53953.883
91161,99149.75
91162,47791.875
91163,113027.01
91164,120611.03
91165,48830.074
91166,48323.555
91167,51832.65
91168,46969.336
91169,116889.32
91170,53109.914
91171,88031.28
91172,98397.14
91173,94021.29
91174,102866.8
91175,95417.19
91176,113298.32
91177,47918.582
91178,125802.02
91179,123991.9
91180,103492.695
91181,56584.516
91182,57124.61
91183,86300.58
91184,124934.6
91185,47793.99
91186,175497.38
91187,109787.414
91188,89264.875
91189,117488.02
91190,134545.2
91191,47563.18
91192,144162.27
91193,95479.016
91194,133420.03
91195,122027.59
91196,128213.586
91197,47957.75
91198,108310.15
91199,45416.574
91200,48625.465
91201,96446.234
91202,132018.44
91203,45321.844
91204,144480.9
91205,141951.3
91206,48655.93
91207,48158.91
91208,191568.55
91209,113109.51
91210,113210.67
91211,132232.66
91212,149027.56
91213,112638.69
91214,134301.3
91215,49421.09
91216,108013.41
91217,104607.3
91218,102111.484
91219,53492.41
91220,186403.23
91221,113417.78
91222,48641.598
91223,85045.48
91224,50809.62
91225,52224.64
91226,47860.906
91227,125807.82
91228,151468.95
91229,115394.37
91230,102576.38
91231,97195.09
91232,46138.44
91233,177910.5
91234,116825.95
91235,120674.38
91236,44608.836
91237,104625.836
91238,108162.45
91239,122739.97
91240,138871.38
91241,122182.6
91242,131321.83
91243,129861.14
91244,88015.016
91245,51677.164
91246,49121.38
91247,48149.51
91248,46843.297
91249,169325.61
91250,139833.02
91251,96863.625
91252,109496.195
91253,55222.074
91254,53369.074
91255,49253.086
91256,45542.07
91257,189009.34
91258,51340.867
91259,155719.2
91260,50356.484
91261,90326.34
91262,49058.918
91263,58310.824
91264,113943.43
91265,45748.95
91266,126187.87
91267,49592.44
91268,159345.25
91269,100704.52
91270,155191.77
91271,55852.266
91272,154919.6
91273,90423.9
91274,105330.375
91275,99691.13
91276,133581.7
91277,54261.99
91278,97301.21
91279,136159.72
91280,108923.75
91281,89045.336
91282,122883.86
91283,104827.195
91284,126656.55
91285,90708.81
91286,128250.555
91287,109411.89
91288,94639.016
91289,110529.47
91290,112831.08
91291,55975.848
91292,119053.36
91293,115070.2
91294,50297.457
91295,52820.277
91296,50880.91
91297,167967.39
91298,146988.48
91299,108458.84
91300,118821.83
91301,103656.85
91302,123234.49
91303,50311.4
91304,111571.75
91305,42289.39
91306,130525.44
91307,91370.68
91308,141614.7
91309,107698.14
91310,112913.21
91311,86410.03
91312,55633.508
91313,128675.45
91314,114923.02
91315,84631.6
91316,47211.84
91317,117926.87
91318,108309.08
91319,106146.414
91320,111320.83
91321,106269.26
91322,116697.12
91323,101915.78
91324,52021.63
91325,53169.785
91326,107485.305
91327,137141.28
91328,44641.97
91329,120451.28
91330,91962.98
91331,129979.125
91332,49067.867
91333,47028.71
91334,98029.16
91335,120695.81
91336,112608.65
91337,114236.914
91338,90841.01
91339,50883.13
91340,68123.81
91341,52362.414
91342,99963.664
91343,108052.39
91344,80668.64
91345,113465.76
91346,130994.2
91347,133179.73
91348,131563.64
91349,153544.86
91350,117474.16
91351,126399.01
91352,143448.61
91353,125397.2
91354,101315.836
91355,119060.72
91356,135702.02
91357,91658.85
91358,125769.164
91359,47298.793
91360,48283.562
91361,121371.055
91362,91451.85
91363,58548.945
91364,131841.27
91365,63219.414
91366,133711.6
91367,148050.36
91368,100420.8
91369,113904.17
91370,94168.766
91371,111840.72
91372,47941.86
91373,56245.777
91374,124742.305
91375,111323.984
91376,47678.863
91377,108637.29
91378,58968.113
91379,110725.94
91380,94938.1
91381,53501.773
91382,55386.13
91383,131922.58
91384,105129.44
91385,86107.42
91386,116073.12
91387,104390.2
91388,179375.75
91389,143540.03
91390,44305.27
91391,134470.27
91392,172052.92
91393,143941.3
91394,102674.15
91395,89580.12
91396,149033.86
91397,45540.98
91398,133593.66
91399,104035.5
91400,46088.1
91401,102487.61
91402,45043.082
91403,57016.332
91404,85546.63
91405,123126.984
91406,107408.234
91407,71945.58
91408,54240.62
91409,59412.082
91410,127834.48
91411,117636.91
91412,46807.906
91413,96957.54
91414,99925.336
91415,94156.03
91416,119091.32
91417,48342.93
91418,45864.508
91419,125595.56
91420,115368.37
91421,50633.035
91422,110502.83
91423,123870.266
91424,45820.33
91425,142274.4
91426,134207.4
91427,126582.164
91428,51928.016
91429,146073.27
91430,81991.17
91431,111169.984
91432,96201.23
91433,125879.89
91434,46780.418
91435,102165.086
91436,136878.48
91437,143638.45
91438,101621.44
91439,115964.39
91440,173192.4
91441,52855.098
91442,137237.73
91443,109379.02
91444,125298.43
91445,114139.31
91446,49425.363
91447,49500.297
91448,117195.98
91449,126206.48
91450,120538.375
91451,49980.668
91452,48126.348
91453,122813.01
91454,109790.016
91455,127724.54
91456,102717.31
91457,138202.86
91458,46545.098
91459,50988.53
91460,104323.08
91461,120911.23
91462,117147.07
91463,174069.02
91464,45410.562
91465,118711.71
91466,116977.516
91467,124979.14
91468,52176.973
91469,51118.047
91470,120094.31
91471,101980.66
91472,107679.43
91473,144371.06
91474,108512.195
91475,117440.14
91476,50990.383
91477,158050.36
91478,42405.484
91479,137361.03
91480,117934.4
91481,121244.734
91482,142975.1
91483,120030.99
91484,120317.36
91485,48984.63
91486,100043.65
91487,123978.06
91488,149384.86
91489,102950.78
91490,97918.36
91491,144479.11
91492,49265.727
91493,100811.2
91494,47224.76
91495,110972.695
91496,87528.28
91497,116071.59
91498,167646.42
91499,55282.95
91500,80523.805
91501,130206.96
91502,137460.62
91503,98096.81
91504,145397.95
91505,94162.03
91506,130668.85
91507,130446.29
91508,43600.29
91509,154454.64
91510,116639.61
91511,105889.8
91512,101921.77
91513,44849.375
91514,157593.08
91515,131401.89
91516,113210.375
91517,108968.78
91518,40860.664
91519,133283.02
91520,130037.766
91521,103226.266
91522,43944.63
91523,53120.74
91524,48048.63
91525,137723.77
91526,103112.92
91527,100333.79
91528,135785.56
91529,154240.22
91530,181124.88
91531,49695.906
91532,148071.16
91533,53507.76
91534,142173.2
91535,162728.44
91536,117841.195
91537,27346.422
91538,156752.75
91539,105379.71
91540,122832.27
91541,142031.69
91542,144995.53
91543,128968.09
91544,110299.61
91545,107443.164
91546,113210.766
91547,140711.33
91548,96380.13
91549,54865.086
91550,125236.67
91551,53123.28
91552,99130.86
91553,98306.97
91554,108621.6
91555,104664.84
91556,127048.24
91557,114156.22
91558,132080.72
91559,87131.766
91560,87069.4
91561,154773.94
91562,53255.504
91563,157443.05
91564,52022.19
91565,97614.52
91566,54511.21
91567,49732.086
91568,56104.223
91569,177447.52
91570,115419.945
91571,52467.7
91572,50506.47
91573,56516.98
91574,120593.44
91575,134730.1
91576,54761.543
91577,122246.54
91578,107163.625
91579,48346.492
91580,58840.47
91581,113570.586
91582,168752.72
91583,49756.758
91584,53287.43
91585,47028.71
91586,170106.2
91587,155067.25
91588,98248.54
91589,138219.48
91590,166502.81
91591,49116.89
91592,49915.76
91593,124858.71
91594,95890.266
91595,46700.87
91596,134568.0
91597,103747.38
91598,87063.125
91599,112659.82
91600,98149.1
91601,54681.605
91602,110111.48
91603,136043.5
91604,131595.16
91605,106035.6
91606,87560.234
91607,108295.7
91608,52379.895
91609,48283.562
91610,126715.734
91611,167553.9
91612,102847.46
91613,92083.12
91614,145228.83
91615,164077.42
91616,147624.27
91617,110229.27
91618,122849.42
91619,128001.1
91620,109505.6
91621,47779.98
91622,120064.68
91623,44981.125
91624,118857.64
91625,100510.29
91626,128896.28
91627,132803.45
91628,43246.04
91629,47303.008
91630,55260.344
91631,175927.47
91632,47568.316
91633,113176.89
91634,60011.355
91635,86064.45
91636,46354.03
91637,144280.66
91638,119388.5
91639,45177.984
91640,119746.46
91641,108078.16
91642,154910.05
91643,132920.47
91644,54709.84
91645,53153.26
91646,123384.89
91647,58748.434
91648,45203.246
91649,104030.37
91650,120779.35
91651,54523.65
91652,110638.02
91653,123030.01
91654,98688.67
91655,135401.42
91656,45950.8
91657,48836.773
91658,119317.69
91659,39116.1
91660,57471.21
91661,46073.887
91662,91325.67
91663,48487.918
91664,49630.195
91665,101240.32
91666,116186.14
91667,131921.9
91668,135500.05
91669,127387.48
91670,49764.168
91671,60319.176
91672,109956.87
91673,112649.945
91674,152715.72
91675,47488.14
91676,140265.02
91677,126791.266
91678,146081.19
91679,49424.24
91680,50803.652
91681,158847.14
91682,96835.2
91683,129787.74
91684,51676.395
91685,135450.89
91686,46946.68
91687,47298.793
91688,51047.41
91689,154280.38
91690,54833.7
91691,60465.848
91692,115907.01
91693,45621.715
91694,140007.31
91695,140634.64
91696,117918.78
91697,130210.16
91698,141534.72
91699,61919.88
91700,132722.08
91701,123010.42
91702,99892.61
91703,46088.1
91704,54597.445
91705,121974.305
91706,45607.555
91707,44945.69
91708,136820.06
91709,114474.266
91710,134318.25
91711,146822.58
91712,93107.445
91713,120621.055
91714,41673.688
91715,118124.39
91716,67320.984
91717,99405.516
91718,48482.457
91719,93293.484
91720,143023.1
91721,87630.78
91722,162287.55
91723,124219.97
91724,45247.77
91725,131257.62
91726,52196.742
91727,54959.168
91728,112697.57
91729,60645.023
91730,152155.88
91731,110064.734
91732,107660.85
91733,99946.37
91734,49066.742
91735,125175.03
91736,91883.266
91737,133994.7
91738,86148.51
91739,50600.348
91740,122504.87
91741,121065.664
91742,55375.047
91743,47239.215
91744,86701.484
91745,120906.32
91746,48412.69
91747,161132.64
91748,46670.27
91749,52757.555
91750,44887.395
91751,135661.0
91752,91625.25
91753,48741.47
91754,113682.42
91755,108801.86
91756,159403.98
91757,134057.95
91758,118854.62
91759,169644.5
91760,120851.375
91761,47029.418
91762,53666.875
91763,103030.5
91764,121737.625
91765,47100.395
91766,119624.6
91767,103974.9
91768,117479.1
91769,88966.02
91770,109671.86
91771,105282.33
91772,81396.19
91773,105265.14
91774,88748.28
91775,111145.22
91776,93763.0
91777,132583.4
91778,94443.77
91779,99406.9
91780,126226.836
91781,120784.95
91782,44878.945
91783,126590.37
91784,109654.38
91785,116283.875
91786,49626.0
91787,139103.72
91788,120923.59
91789,47092.5
91790,201617.1
91791,102907.5
91792,113406.85
91793,113410.09
91794,105612.28
91795,66125.89
91796,122097.36
91797,109187.44
91798,108088.414
91799,122528.68
91800,133837.23
91801,49968.55
91802,98570.24
91803,160974.23
91804,108603.43
91805,122158.77
91806,101174.734
91807,100619.85
91808,54387.406
91809,132989.06
91810,128208.91
91811,56706.035
91812,113650.22
91813,98750.45
91814,45368.25
91815,49108.688
91816,116247.17
91817,44316.395
91818,100694.82
91819,44631.445
91820,58214.05
91821,49152.305
91822,97016.4
91823,95296.38
91824,166049.47
91825,47193.5
91826,53525.72
91827,43832.047
91828,118620.18
91829,114474.91
91830,98098.164
91831,112490.22
91832,127692.055
91833,49503.957
91834,71960.96
91835,117945.47
91836,112131.08
91837,84752.2
91838,88433.93
91839,138386.73
91840,50060.496
91841,43165.273
91842,53290.94
91843,50198.652
91844,118044.59
91845,58389.742
91846,53320.867
91847,114426.46
91848,173284.19
91849,98397.14
91850,127995.58
91851,44895.066
91852,119000.16
91853,117620.016
91854,118263.47
91855,86178.95
91856,49038.09
91857,48878.613
91858,141058.39
91859,109008.99
91860,47883.156
91861,52841.27
91862,47415.793
91863,145622.92
91864,118574.5
91865,126467.875
91866,56678.953
91867,104900.73
91868,138082.83
91869,134903.78
91870,116764.09
91871,155067.25
91872,121778.65
91873,90046.34
91874,54074.223
91875,100332.53
91876,52529.902
91877,103338.52
91878,50471.934
91879,46108.816
91880,121476.99
91881,171511.58
91882,120734.17
91883,118777.56
91884,48249.34
91885,46693.55
91886,90341.555
91887,56294.402
91888,114138.08
91889,52153.703
91890,53925.465
91891,177434.97
91892,56964.2
91893,46305.34
91894,57072.617
91895,102502.24
91896,128528.38
91897,113735.08
91898,102697.16
91899,132464.7
91900,100694.82
91901,100014.23
91902,144636.77
91903,115861.625
91904,106968.16
91905,117023.52
91906,117675.77
91907,115215.28
91908,139256.98
91909,135582.03
91910,142656.94
91911,41538.363
91912,156258.33
91913,137029.58
91914,134933.98
91915,142922.67
91916,107616.7
91917,126726.89
91918,50852.742
91919,96745.734
91920,54780.09
91921,45129.19
91922,115614.33
91923,149739.92
91924,156647.94
91925,122572.02
91926,50827.336
91927,125352.79
91928,58878.344
91929,111438.73
91930,128909.54
91931,58746.234
91932,97380.74
91933,120864.93
91934,137768.8
91935,127445.086
91936,154359.88
91937,130990.414
91938,50580.707
91939,100144.13
91940,104405.555
91941,48166.55
91942,99358.38
91943,110618.2
91944,43147.133
91945,119904.96
91946,142737.03
91947,138344.94
91948,51186.85
91949,44838.824
91950,145862.86
91951,108215.0
91952,149380.78
91953,198993.44
91954,116026.68
91955,149400.58
91956,122177.25
91957,118249.06
91958,109629.03
91959,108432.07
91960,66228.79
91961,103643.53
91962,125710.38
91963,156194.4
91964,117054.25
91965,50132.08
91966,125411.3
91967,134705.11
91968,47601.945
91969,53367.31
91970,45242.293
91971,140790.08
91972,111442.97
91973,112000.01
91974,50394.38
91975,107176.88
91976,128264.016
91977,149207.28
91978,48432.758
91979,103682.0
91980,52171.22
91981,131697.75
91982,63844.656
91983,50236.375
91984,117152.21
91985,102240.83
91986,134063.77
91987,48024.86
91988,113807.99
91989,116301.28
91990,49258.26
91991,111075.77
91992,124113.04
91993,50837.58
91994,113339.35
91995,66656.375
91996,55447.26
91997,51308.76
91998,92762.93
91999,48007.043
92000,96739.53
92001,138123.8
92002,118455.79
92003,134482.69
92004,95989.195
92005,101185.08
92006,126786.33
92007,96505.45
92008,133407.2
92009,47056.887
92010,47026.438
92011,103145.86
92012,122405.3
92013,121762.586
92014,47982.984
92015,51440.984
92016,156078.92
92017,44495.344
92018,50882.598
92019,116679.67
92020,44947.594
92021,126939.95
92022,46512.652
92023,96321.17
92024,62254.203
92025,142244.47
92026,132263.67
92027,96527.6
92028,157793.52
92029,134266.23
92030,70326.914
92031,100003.71
92032,127377.914
92033,106880.75
92034,48611.023
92035,107790.24
92036,111580.4
92037,107595.74
92038,47733.973
92039,110246.97
92040,128853.05
92041,52684.184
92042,150418.36
92043,43728.55
92044,112139.99
92045,47317.645
92046,95303.055
92047,127101.13
92048,117666.28
92049,116444.68
92050,170071.78
92051,52087.72
92052,104649.35
92053,52235.867
92054,50254.516
92055,113542.0
92056,95928.805
92057,100145.57
92058,160617.95
92059,124559.18
92060,54081.996
92061,124209.086
92062,92109.51
92063,122928.32
92064,46729.88
92065,132348.77
92066,126912.625
92067,40860.664
92068,99989.23
92069,105881.18
92070,47092.5
92071,54047.344
92072,51974.92
92073,122788.984
92074,146406.03
92075,105076.68
92076,54857.195
92077,54379.477
92078,117027.305
92079,58992.95
92080,152292.98
92081,68892.78
92082,140506.3
92083,124244.15
92084,111372.74
92085,135712.84
92086,46012.766
92087,52279.65
92088,106256.195
92089,118067.414
92090,49541.016
92091,46480.273
92092,49294.27
92093,49819.65
92094,141682.3
92095,46049.297
92096,120948.02
92097,107953.016
92098,56618.617
92099,144402.9
92100,132522.81
92101,50540.867
92102,174133.19
92103,122994.02
92104,53028.184
92105,140456.89
92106,122484.65
92107,44670.207
92108,206448.48
92109,97512.14
92110,54370.184
92111,95135.15
92112,53242.88
92113,128097.305
92114,53232.297
92115,119929.37
92116,106248.234
92117,45347.17
92118,48048.285
92119,99889.69
92120,129567.53
92121,106391.586
92122,46945.98
92123,53850.914
92124,54356.418
92125,118893.375
92126,110899.266
92127,115002.625
92128,99249.98
92129,52569.01
92130,154339.86
92131,136627.31
92132,49250.348
92133,140380.7
92134,45271.867
92135,110972.695
92136,53013.594
92137,94849.08
92138,136204.62
92139,45461.816
92140,111344.65
92141,52315.008
92142,39183.773
92143,129176.53
92144,56712.633
92145,45418.766
92146,132890.17
92147,148495.56
92148,155745.52
92149,127052.64
92150,116550.61
92151,54769.223
92152,121466.47
92153,47592.586
92154,123447.2
92155,128873.23
92156,51568.066
92157,100982.91
92158,53007.09
92159,47961.516
92160,105605.82
92161,50615.293
92162,50904.203
92163,109273.12
92164,85257.23
92165,92928.98
92166,100976.29
92167,57260.062
92168,109554.58
92169,115610.0
92170,118090.32
92171,58428.15
92172,54278.453
92173,50909.38
92174,141639.38
92175,108788.9
92176,134956.7
92177,100925.21
92178,104773.29
92179,108084.19
92180,119548.94
92181,100619.85
92182,94579.625
92183,113468.336
92184,45577.99
92185,45461.816
92186,134075.0
92187,124837.35
92188,137851.52
92189,42784.703
92190,102950.78
92191,154974.67
92192,125499.36
92193,124335.11
92194,49088.582
92195,48979.164
92196,45348.848
92197,126426.57
92198,93793.79
92199,54329.305
92200,48484.367
92201,122685.22
92202,45068.367
92203,151020.03
92204,137501.5
92205,107610.47
92206,133517.5
92207,127005.99
92208,95935.34
92209,46088.1
92210,47879.203
92211,166070.22
92212,61525.312
92213,122839.766
92214,101812.22
92215,93855.87
92216,120001.64
92217,96702.19
92218,115406.586
92219,115886.16
92220,118257.36
92221,150892.86
92222,51858.023
92223,109543.484
92224,42139.375
92225,47246.566
92226,97753.18
92227,104571.79
92228,42128.62
92229,48370.242
92230,52476.184
92231,120033.85
92232,107751.94
92233,105532.88
92234,70525.75
92235,113643.9
92236,122287.84
92237,135293.06
92238,117990.78
92239,128276.13
92240,114586.55
92241,141329.98
92242,137246.39
92243,139686.69
92244,131763.97
92245,109310.17
92246,76514.484
92247,140689.25
92248,174893.0
92249,63053.453
92250,53096.4
92251,127890.28
92252,113370.87
92253,110027.37
92254,103250.12
92255,113322.414
92256,101949.32
92257,118000.58
92258,113581.266
92259,110949.086
92260,105273.17
92261,48343.51
92262,118585.39
92263,38409.516
92264,158762.6
92265,59120.535
92266,118489.3
92267,128892.414
92268,49982.016
92269,53604.293
92270,110479.805
92271,101107.46
92272,43180.453
92273,108481.42
92274,49750.023
92275,122717.016
92276,112692.56
92277,46088.1
92278,89206.23
92279,46737.227
92280,124837.76
92281,86589.88
92282,86290.234
92283,152776.12
92284,133399.25
92285,109241.97
92286,129843.81
92287,133768.22
92288,82053.28
92289,115940.66
92290,51163.242
92291,170160.94
92292,118738.46
92293,137217.44
92294,113941.6
92295,107613.58
92296,87914.234
92297,53263.016
92298,122026.875
92299,56620.875
92300,49766.695
92301,134728.6
92302,119812.055
92303,44646.992
92304,50900.848
92305,207443.45
92306,68787.734
92307,131739.72
92308,106401.27
92309,49793.945
92310,106431.93
92311,119656.945
92312,127265.93
92313,59036.98
92314,104344.016
92315,52519.508
92316,96778.34
92317,107962.94
92318,96743.57
92319,107030.98
92320,131293.31
92321,116288.67
92322,135032.64
92323,110771.97
92324,43037.59
92325,65231.71
92326,82078.984
92327,55361.746
92328,117666.336
92329,97377.62
92330,45874.12
92331,243570.14
92332,47247.035
92333,120490.81
92334,136249.89
92335,138439.81
92336,95658.94
92337,123480.11
92338,143326.6
92339,91373.81
92340,126967.13
92341,38914.414
92342,119364.81
92343,110436.086
92344,112473.4
92345,117483.086
92346,55258.723
92347,118591.875
92348,123125.484
92349,130040.25
92350,50405.844
92351,141849.2
92352,127985.24
92353,116945.5
92354,91605.56
92355,54469.016
92356,51708.85
92357,111827.836
92358,117619.09
92359,147257.95
92360,110358.445
92361,100919.56
92362,83068.0
92363,52304.312
92364,86938.12
92365,52634.875
92366,52440.316
92367,90160.45
92368,42434.816
92369,118586.5
92370,49983.56
92371,140538.4
92372,128709.09
92373,135315.14
92374,121515.89
92375,50348.824
92376,170566.86
92377,46729.645
92378,105270.016
92379,181291.55
92380,104317.836
92381,119537.09
92382,46465.207
92383,104428.016
92384,110870.445
92385,194633.08
92386,119412.7
92387,125562.82
92388,131244.84
92389,134105.39
92390,115333.96
92391,112017.586
92392,57258.883
92393,54739.438
92394,48120.016
92395,50024.2
92396,93470.81
92397,54027.24
92398,89794.695
92399,124051.53
92400,51161.95
92401,105313.67
92402,121184.49
92403,139713.78
92404,86062.16
92405,118047.29
92406,195322.47
92407,94204.61
92408,58837.29
92409,124950.1
92410,54097.766
92411,148867.8
92412,126135.08
92413,156660.22
92414,72918.72
92415,45868.086
92416,43631.34
92417,173638.94
92418,61796.71
92419,47024.0
92420,116362.52
92421,60485.824
92422,134742.6
92423,119218.34
92424,120381.414
92425,131816.67
92426,134334.56
92427,145307.34
92428,106001.54
92429,48444.355
92430,60663.65
92431,43696.16
92432,41925.445
92433,109803.555
92434,109680.375
92435,84621.18
92436,101714.375
92437,49797.5
92438,144521.88
92439,134336.81
92440,129125.37
92441,52926.05
92442,89550.086
92443,126465.29
92444,49817.23
92445,104115.0
92446,118003.96
92447,95561.58
92448,106360.07
92449,46061.004
92450,90712.375
92451,145137.4
92452,114038.08
92453,124246.25
92454,122139.64
92455,48126.848
92456,132767.39
92457,120523.31
92458,54400.48
92459,45712.535
92460,145902.77
92461,117862.35
92462,53532.062
92463,157283.28
92464,102063.48
92465,49038.09
92466,120116.88
92467,41043.05
92468,50809.777
92469,123069.89
92470,115235.625
92471,61929.39
92472,90310.77
92473,46498.184
92474,126256.65
92475,49890.46
92476,186271.92
92477,34472.594
92478,69513.79
92479,46989.02
92480,108862.19
92481,119595.21
92482,51524.652
92483,134393.94
92484,138608.11
92485,53429.543
92486,51484.94
92487,124906.15
92488,108912.52
92489,52916.906
92490,123239.88
92491,103882.54
92492,43651.082
92493,148348.84
92494,94144.664
92495,137304.83
92496,103295.56
92497,109975.01
92498,130336.375
92499,110638.02
92500,53103.668
92501,121437.32
92502,103482.766
92503,44591.137
92504,97547.336
92505,51924.49
92506,90326.34
92507,93343.22
92508,54276.082
92509,87372.51
92510,135464.47
92511,100171.58
92512,126575.52
92513,100350.05
92514,125961.266
92515,103747.38
92516,43034.977
92517,46299.246
92518,134210.02
92519,161439.89
92520,114173.18
92521,66754.83
92522,56199.723
92523,55428.742
92524,123516.26
92525,120022.164
92526,47183.19
92527,64585.7
92528,95113.1
92529,127219.27
92530,125321.17
92531,48995.773
92532,126030.086
92533,46229.707
92534,117285.984
92535,119758.83
92536,116459.13
92537,116250.67
92538,127671.305
92539,43865.508
92540,47589.383
92541,142368.3
92542,98911.02
92543,128661.0
92544,173128.95
92545,133540.31
92546,102308.5
92547,115400.15
92548,145943.06
92549,149679.5
92550,42476.78
92551,119452.26
92552,100086.76
92553,85330.266
92554,110868.99
92555,44610.934
92556,50319.17
92557,102908.29
92558,115024.63
92559,54196.484
92560,152314.39
92561,45014.746
92562,115659.99
92563,47496.027
92564,108735.24
92565,64497.72
92566,152181.16
92567,127573.98
92568,123639.91
92569,128360.93
92570,123331.234
92571,56798.12
92572,109856.25
92573,84878.586
92574,109847.19
92575,141621.0
92576,57518.6
92577,102575.61
92578,46997.707
92579,103208.48
92580,190638.64
92581,108766.58
92582,136977.9
92583,106195.4
92584,115567.734
92585,97507.805
92586,136772.53
92587,49283.824
92588,134967.22
92589,117942.3
92590,126750.836
92591,108813.16
92592,143046.5
92593,50238.684
92594,118788.1
92595,55620.02
92596,53174.203
92597,132690.73
92598,95619.99
92599,54775.71
92600,90859.3
92601,92273.664
92602,46315.312
92603,96197.66
92604,49514.64
92605,45169.652
92606,42736.836
92607,42123.285
92608,50316.33
92609,154434.98
92610,49289.99
92611,45697.24
92612,167834.84
92613,156647.72
92614,135006.19
92615,147724.86
92616,138308.75
92617,53213.543
92618,138321.05
92619,132374.86
92620,84011.98
92621,43296.973
92622,111453.64
92623,166234.89
92624,91388.69
92625,122430.305
92626,109755.414
92627,143865.69
92628,127397.37
92629,170724.8
92630,135971.47
92631,93763.0
92632,104462.4
92633,137260.97
92634,92680.47
92635,132133.17
92636,109601.54
92637,107033.36
92638,61220.434
92639,100403.31
92640,118359.24
92641,114998.51
92642,135644.95
92643,130686.48
92644,115089.15
92645,123421.27
92646,119461.69
92647,156267.75
92648,43600.29
92649,53896.08
92650,134531.58
92651,117288.45
92652,110540.9
92653,79314.66
92654,53868.016
92655,145035.39
92656,145792.9
92657,25664.557
92658,46219.87
92659,53976.586
92660,146542.1
92661,125265.414
92662,48076.9
92663,87598.84
92664,103850.48
92665,145675.03
92666,99592.42
92667,109355.46
92668,141007.02
92669,122742.46
92670,52026.91
92671,50310.094
92672,166742.06
92673,122751.164
92674,93410.59
92675,46734.92
92676,97324.97
92677,111160.95
92678,49282.04
92679,156069.5
92680,143351.84
92681,106184.74
92682,139672.92
92683,111351.63
92684,111718.266
92685,100718.9
92686,116512.45
92687,42666.04
92688,45712.535
92689,48235.305
92690,121854.1
92691,101841.95
92692,46233.625
92693,138443.38
92694,178212.77
92695,143289.44
92696,57981.016
92697,109780.61
92698,189425.61
92699,47470.652
92700,122948.805
92701,46807.906
92702,55157.69
92703,61638.137
92704,115087.66
92705,53752.957
92706,55233.414
92707,105925.53
92708,93649.195
92709,103868.35
92710,53848.863
92711,119355.695
92712,90730.62
92713,108784.1
92714,46251.496
92715,121244.695
92716,126474.84
92717,148371.73
92718,45587.164
92719,122172.555
92720,88163.52
92721,107634.12
92722,47094.516
92723,98750.45
92724,144799.06
92725,129921.836
92726,157582.47
92727,125056.1
92728,52148.355
92729,50086.91
92730,46877.766
92731,94589.336
92732,45825.062
92733,47828.3
92734,160025.61
92735,168927.77
92736,111189.805
92737,108739.64
92738,51744.305
92739,102586.91
92740,116297.64
92741,47841.562
92742,49914.957
92743,49310.65
92744,97171.95
92745,124753.19
92746,114460.695
92747,150086.2
92748,123873.016
92749,146186.34
92750,52977.04
92751,171077.4
92752,116325.26
92753,46512.918
92754,105137.7
92755,49720.742
92756,115534.016
92757,54430.9
92758,138951.73
92759,136451.83
92760,90206.29
92761,134637.58
92762,188259.73
92763,58263.99
92764,106274.36
92765,107684.44
92766,60875.324
92767,145691.84
92768,181151.2
92769,100776.86
92770,125262.56
92771,48073.918
92772,136171.9
92773,146840.12
92774,100387.98
92775,57413.727
92776,46315.195
92777,158182.81
92778,109004.36
92779,54889.69
92780,155705.97
92781,52183.89
92782,105924.14
92783,49089.33
92784,54138.766
92785,102116.266
92786,110709.76
92787,121066.19
92788,96934.02
92789,46172.79
92790,121150.7
92791,111922.88
92792,160661.4
92793,150119.03
92794,114965.24
92795,91422.16
92796,122125.75
92797,68081.45
92798,100976.29
92799,135884.14
92800,111392.11
92801,107497.52
92802,165327.89
92803,154705.06
92804,48186.594
92805,47921.72
92806,164849.2
92807,103226.266
92808,137202.45
92809,158680.42
92810,43267.293
92811,119614.2
92812,91658.85
92813,112520.09
92814,142094.8
92815,112707.67
92816,111718.266
92817,57325.86
92818,92279.01
92819,114404.66
92820,136406.8
92821,114286.43
92822,49941.668
92823,115979.305
92824,176557.7
92825,139035.39
92826,110801.94
92827,133642.27
92828,47024.0
92829,129321.85
92830,119985.5
92831,48985.45
92832,74290.375
92833,108440.21
92834,123152.76
92835,135778.81
92836,115208.42
92837,119796.5
92838,87166.9
92839,41589.47
92840,146418.2
92841,47243.297
92842,143445.62
92843,136251.3
92844,122449.43
92845,49962.957
92846,107917.86
92847,59787.008
92848,116481.6
92849,95686.4
92850,62430.355
92851,46862.086
92852,98971.91
92853,97985.34
92854,49746.53
92855,49804.34
92856,107040.7
92857,116369.445
92858,46751.797
92859,45386.953
92860,150837.02
92861,129651.055
92862,115850.65
92863,126655.82
92864,125603.4
92865,103653.75
92866,47012.598
92867,66098.47
92868,47563.18
92869,124426.45
92870,135264.22
92871,48533.418
92872,43765.37
92873,120288.945
92874,109730.53
92875,48262.324
92876,126775.02
92877,49730.195
92878,44546.73
92879,116849.414
92880,106907.484
92881,122373.13
92882,52383.36
92883,52575.773
92884,51365.848
92885,118302.28
92886,49454.4
92887,48149.363
92888,49269.633
92889,115557.88
92890,133676.2
92891,121473.484
92892,71859.62
92893,139017.89
92894,91790.4
92895,106881.98
92896,162913.84
92897,108496.914
92898,46373.758
92899,47352.938
92900,95462.33
92901,48637.53
92902,111780.86
92903,96527.6
92904,125408.91
92905,101412.34
92906,118630.69
92907,120074.664
92908,120137.016
92909,55600.414
92910,130480.86
92911,43514.855
92912,50558.44
92913,98639.89
92914,51005.637
92915,100503.88
92916,101953.92
92917,118920.96
92918,98639.89
92919,137202.88
92920,59532.395
92921,45461.816
92922,116556.64
92923,157554.88
92924,128521.43
92925,116466.27
92926,104663.016
92927,42432.86
92928,135269.2
92929,119777.125
92930,146468.83
92931,102933.95
92932,58772.24
92933,44493.902
92934,105075.12
92935,102796.84
92936,41189.848
92937,112019.07
92938,130624.06
92939,51067.79
92940,51794.79
92941,109900.195
92942,120428.07
92943,45144.566
92944,131554.48
92945,101165.46
92946,49192.758
92947,133163.78
92948,159066.1
92949,149835.05
92950,91890.64
92951,119226.35
92952,112087.48
92953,115921.86
92954,50590.03
92955,140370.45
92956,118791.66
92957,110709.73
92958,46992.754
92959,124185.36
92960,47882.133
92961,109907.555
92962,121243.81
92963,110098.836
92964,121405.766
92965,114146.34
92966,85774.445
92967,118418.01
92968,47993.89
92969,114647.74
92970,52297.574
92971,116289.49
92972,129235.484
92973,46914.234
92974,120744.97
92975,68655.27
92976,128718.44
92977,45047.316
92978,41740.215
92979,158601.36
92980,86878.31
92981,47652.098
92982,56296.07
92983,57958.7
92984,155701.62
92985,111445.46
92986,93790.57
92987,54658.52
92988,153128.36
92989,122694.19
92990,47316.68
92991,95610.42
92992,115438.39
92993,48793.215
92994,47740.344
92995,140803.02
92996,114002.96
92997,106944.66
92998,50560.18
92999,103894.39
93000,48115.82
93001,49890.46
93002,119672.36
93003,45666.31
93004,141970.11
93005,47352.938
93006,38889.418
93007,154676.34
93008,84247.375
93009,175332.03
93010,111734.52
93011,121542.945
93012,52355.918
93013,115071.46
93014,80508.016
93015,115245.75
93016,118762.766
93017,124847.76
93018,115230.25
93019,128295.0
93020,59883.996
93021,51854.95
93022,171516.86
93023,98397.14
93024,133237.47
93025,116654.164
93026,51611.875
93027,46103.176
93028,50456.727
93029,62192.316
93030,45546.895
93031,189619.22
93032,92822.6
93033,53861.117
93034,114344.73
93035,45966.49
93036,206716.06
93037,105080.6
93038,101684.914
93039,54389.18
93040,116503.305
93041,122460.58
93042,118564.71
93043,46408.168
93044,156345.33
93045,53509.355
93046,46245.844
93047,181860.42
93048,92996.98
93049,107684.94
93050,125312.836
93051,47485.168
93052,105951.195
93053,49504.477
93054,128165.516
93055,49140.715
93056,143163.98
93057,93649.195
93058,107487.35
93059,124209.375
93060,57607.46
93061,90301.57
93062,102481.06
93063,46728.527
93064,150313.0
93065,49705.19
93066,46607.883
93067,57702.24
93068,127473.13
93069,91639.76
93070,100936.086
93071,52087.82
93072,119483.61
93073,132751.97
93074,44317.848
93075,146158.27
93076,119721.734
93077,60851.652
93078,156077.72
93079,44398.023
93080,143569.02
93081,114227.58
93082,79210.71
93083,57203.68
93084,105685.484
93085,119257.08
93086,155617.0
93087,53365.242
93088,109556.78
93089,43333.203
93090,117922.09
93091,54195.83
93092,42742.727
93093,49839.977
93094,180722.62
93095,50332.023
93096,128337.83
93097,99506.08
93098,48614.324
93099,51293.87
93100,134204.75
93101,119471.65
93102,97688.3
93103,131591.25
93104,48813.832
93105,117379.45
93106,144429.5
93107,98997.08
93108,144947.53
93109,59587.176
93110,129391.805
93111,103280.875
93112,122679.68
93113,98114.266
93114,142895.53
93115,48493.57
93116,54855.777
93117,159795.47
93118,159532.03
93119,178097.16
93120,127833.73
93121,130067.71
93122,48794.89
93123,59795.344
93124,116806.336
93125,54964.195
93126,150543.3
93127,112260.23
93128,103692.27
93129,53897.145
93130,110199.05
93131,121564.36
93132,178219.34
93133,135244.34
93134,100015.2
93135,105851.1
93136,115606.914
93137,37167.824
93138,165521.12
93139,128197.49
93140,120924.77
93141,49122.816
93142,155251.98
93143,53122.73
93144,124329.86
93145,135705.62
93146,58301.332
93147,122178.92
93148,119158.81
93149,155811.14
93150,47211.84
93151,115901.914
93152,135111.4
93153,104414.2
93154,85397.77
93155,111953.82
93156,104186.23
93157,45374.0
93158,101705.38
93159,127169.49
93160,60367.86
93161,54389.594
93162,116649.4
93163,140522.03
93164,50990.035
93165,132861.34
93166,46953.188
93167,103356.234
93168,119402.62
93169,95458.7
93170,136118.72
93171,102233.836
93172,141880.47
93173,152665.03
93174,90206.29
93175,142362.78
93176,54843.418
93177,103941.24
93178,126542.88
93179,110551.43
93180,151968.81
93181,107149.26
93182,104038.82
93183,126112.28
93184,118351.02
93185,142641.98
93186,107350.28
93187,121211.17
93188,120604.195
93189,86282.09
93190,132450.78
93191,82903.73
93192,117346.55
93193,132734.45
93194,115500.125
93195,118226.62
93196,136994.4
93197,170872.55
93198,115546.65
93199,57142.62
93200,171720.1
93201,46221.203
93202,88913.65
93203,126513.18
93204,53305.152
93205,94555.49
93206,60954.754
93207,148052.36
93208,158804.81
93209,100175.164
93210,46924.785
93211,50533.242
93212,87063.9
93213,48511.04
93214,138001.64
93215,50177.12
93216,49412.812
93217,116958.91
93218,84828.89
93219,113575.51
93220,93058.53
93221,100935.17
93222,165187.78
93223,126047.89
93224,85458.15
93225,93701.22
93226,43634.21
93227,59095.684
93228,87634.555
93229,113436.56
93230,114385.945
93231,49678.242
93232,132749.97
93233,126462.67
93234,161770.5
93235,110585.79
93236,91945.59
93237,145454.05
93238,100337.664
93239,138888.38
93240,151514.84
93241,69514.0
93242,44277.613
93243,136430.98
93244,110440.44
93245,50173.21
93246,132743.9
93247,133264.94
93248,87229.125
93249,48149.363
93250,106831.56
93251,136131.73
93252,144110.2
93253,111470.164
93254,100614.09
93255,152125.28
93256,50176.453
93257,85775.695
93258,128936.49
93259,89550.086
93260,114313.016
93261,108386.72
93262,52223.375
93263,114279.96
93264,48370.242
93265,114151.875
93266,94147.734
93267,140961.98
93268,108019.03
93269,50005.613
93270,97124.5
93271,118301.98
93272,48214.625
93273,88201.945
93274,53196.668
93275,93866.59
93276,46860.957
93277,123087.16
93278,105143.38
93279,106836.08
93280,113659.56
93281,142872.45
93282,109895.305
93283,48662.023
93284,95383.55
93285,46997.707
93286,128828.414
93287,72264.38
93288,79204.766
93289,118418.6
93290,97502.164
93291,131645.16
93292,133894.8
93293,136961.66
93294,102834.516
93295,111577.47
93296,95647.375
93297,81602.6
93298,43867.598
93299,49335.535
93300,155571.88
93301,86938.12
93302,143476.36
93303,119000.16
93304,97297.484
93305,124099.375
93306,44316.06
93307,46103.176
93308,133197.34
93309,118684.58
93310,47825.617
93311,133493.48
93312,124042.88
93313,47911.965
93314,136329.22
93315,112249.35
93316,114303.29
93317,47787.63
93318,103701.414
93319,61620.793
93320,121902.945
93321,153786.56
93322,103858.87
93323,131598.22
93324,46807.906
93325,40926.992
93326,133814.34
93327,153398.75
93328,100216.234
93329,142699.11
93330,52767.816
93331,123151.6
93332,119595.56
93333,122341.09
93334,52196.742
93335,101325.82
93336,132672.19
93337,126350.445
93338,52292.95
93339,54195.83
93340,75089.84
93341,140175.23
93342,52999.18
93343,96820.51
93344,113831.89
93345,131322.12
93346,100358.766
93347,141328.17
93348,118872.2
93349,154921.8
93350,131739.23
93351,132921.53
93352,99600.13
93353,47206.19
93354,173219.39
93355,106374.04
93356,38935.117
93357,89757.28
93358,153625.05
93359,127378.74
93360,116751.836
93361,91622.25
93362,118457.03
93363,124277.14
93364,124498.72
93365,161124.33
93366,185418.34
93367,113099.875
93368,96740.29
93369,111829.09
93370,138998.1
93371,48658.73
93372,119424.66
93373,49043.293
93374,140072.36
93375,115906.125
93376,112354.26
93377,43126.668
93378,93570.52
93379,47825.98
93380,116807.91
93381,50260.188
93382,124594.8
93383,49034.016
93384,48907.355
93385,50223.715
93386,43046.098
93387,105297.64
93388,119642.53
93389,122894.875
93390,47132.484
93391,134359.77
93392,122164.44
93393,52644.71
93394,59400.875
93395,113037.72
93396,174402.42
93397,45207.78
93398,109426.58
93399,44277.613
93400,107603.28
93401,89887.06
93402,56550.48
93403,52803.555
93404,110307.875
93405,142989.28
93406,182459.5
93407,121398.5
93408,93763.0
93409,135930.8
93410,144072.56
93411,53040.41
93412,94373.3
93413,46087.84
93414,50144.973
93415,128889.94
93416,47619.23
93417,106039.68
93418,85801.914
93419,48662.023
93420,50886.887
93421,99369.78
93422,127432.71
93423,47059.742
93424,118759.516
93425,171069.89
93426,111091.47
93427,96351.96
93428,58199.883
93429,116650.32
93430,141381.25
93431,163457.27
93432,111301.555
93433,121192.16
93434,99592.42
93435,51248.523
93436,150275.19
93437,50741.81
93438,146060.19
93439,149827.45
93440,55772.074
93441,104045.9
93442,58600.637
93443,44706.08
93444,46982.188
93445,106287.44
93446,51385.734
93447,124583.984
93448,127531.57
93449,88433.93
93450,144820.27
93451,46388.82
93452,97079.2
93453,99211.61
93454,137852.6
93455,115695.695
93456,88987.31
93457,140098.69
93458,115713.4
93459,49675.633
93460,113173.84
93461,139410.53
93462,43584.477
93463,123872.93
93464,112379.61
93465,164100.95
93466,179107.86
93467,136424.08
93468,48110.082
93469,45525.54
93470,120422.43
93471,129654.37
93472,152725.84
93473,45716.21
93474,51523.42
93475,47700.863
93476,128543.61
93477,56000.914
93478,118857.56
93479,118329.13
93480,215508.22
93481,110445.59
93482,97765.195
93483,116513.86
93484,52983.664
93485,99328.98
93486,42310.473
93487,119010.92
93488,50573.023
93489,48283.562
93490,116630.98
93491,49917.02
93492,44074.074
93493,53124.17
93494,39750.82
93495,48979.312
93496,149017.75
93497,157601.08
93498,139090.64
93499,44907.23
93500,109539.55
93501,50025.656
93502,121717.43
93503,103846.71
93504,45639.12
93505,97861.47
93506,125535.234
93507,123680.55
93508,116158.11
93509,131920.5
93510,99034.016
93511,141070.64
93512,48464.562
93513,118672.07
93514,50683.086
93515,54597.47
93516,141245.16
93517,102603.04
93518,84127.07
93519,111113.76
93520,112586.12
93521,141076.34
93522,115724.93
93523,43834.113
93524,141318.69
93525,46176.58
93526,54532.367
93527,49902.76
93528,61769.887
93529,116607.445
93530,136798.22
93531,101290.484
93532,117910.69
93533,50385.77
93534,49753.207
93535,127432.97
93536,116885.016
93537,96263.72
93538,102586.63
93539,101537.11
93540,81463.82
93541,53152.605
93542,46810.56
93543,110020.47
93544,108725.43
93545,75356.53
93546,40130.98
93547,82903.73
93548,47576.73
93549,46523.74
93550,46670.27
93551,51261.863
93552,116270.3
93553,141541.7
93554,48484.727
93555,128452.016
93556,52119.707
93557,123328.8
93558,53604.863
93559,153265.16
93560,160364.75
93561,51365.82
93562,56568.973
93563,108617.086
93564,53588.97
93565,111399.55
93566,150809.2
93567,143272.08
93568,80964.81
93569,123742.26
93570,109591.55
93571,43645.754
93572,108661.18
93573,126952.75
93574,46807.906
93575,47368.24
93576,135265.58
93577,162940.17
93578,98639.89
93579,115145.0
93580,148069.9
93581,116065.96
93582,50988.53
93583,46171.53
93584,98477.06
93585,95317.875
93586,118543.016
93587,82743.42
93588,107405.66
93589,47092.5
93590,116879.18
93591,46877.766
93592,48851.96
93593,45960.145
93594,131188.9
93595,130814.086
93596,51463.46
93597,103325.13
93598,127973.12
93599,47964.215
93600,49944.324
93601,133959.14
93602,169535.45
93603,52407.76
93604,57010.266
93605,181802.64
93606,129953.75
93607,121116.9
93608,65634.555
93609,126181.48
93610,48812.375
93611,131787.02
93612,128090.59
93613,49560.57
93614,104906.27
93615,97449.305
93616,135046.61
93617,59446.375
93618,45052.008
93619,123453.69
93620,194860.28
93621,132176.97
93622,40610.73
93623,57708.95
93624,108517.086
93625,123337.79
93626,114925.67
93627,46568.246
93628,46683.96
93629,155029.16
93630,113084.445
93631,50917.113
93632,140677.72
93633,101949.32
93634,111702.836
93635,47169.543
93636,161172.08
93637,124694.5
93638,111706.22
93639,57498.812
93640,43823.66
93641,43649.938
93642,112725.93
93643,108392.555
93644,108696.31
93645,50293.36
93646,124796.79
93647,107341.26
93648,128488.56
93649,113868.03
93650,47056.723
93651,97395.17
93652,47494.91
93653,104615.86
93654,47465.6
93655,54389.594
93656,140967.3
93657,49868.484
93658,42213.953
93659,51744.39
93660,91310.81
93661,103747.38
93662,110638.625
93663,110561.266
93664,119407.34
93665,96897.125
93666,55811.934
93667,139123.33
93668,134850.36
93669,146098.7
93670,138176.78
93671,132068.75
93672,80335.48
93673,51212.0
93674,106526.96
93675,123634.6
93676,74627.85
93677,104080.93
93678,132057.98
93679,142889.98
93680,142559.39
93681,107667.83
93682,114314.58
93683,103915.586
93684,113160.89
93685,48306.547
93686,50460.76
93687,49351.594
93688,108103.53
93689,53714.73
93690,105552.38
93691,68044.836
93692,45317.637
93693,90358.61
93694,41891.81
93695,70798.24
93696,119098.83
93697,120894.38
93698,45043.477
93699,108049.984
93700,60729.74
93701,111420.74
93702,129531.914
93703,49264.79
93704,87598.84
93705,45577.535
93706,45463.72
93707,124795.79
93708,167595.48
93709,49068.785
93710,43572.145
93711,47105.62
93712,114126.05
93713,129677.81
93714,44215.96
93715,137002.08
93716,101249.49
93717,130779.48
93718,141078.62
93719,47574.754
93720,53559.17
93721,46807.906
93722,97469.06
93723,72022.28
93724,129640.734
93725,51909.445
93726,78989.055
93727,105809.95
93728,108135.914
93729,47211.84
93730,53457.7
93731,150422.86
93732,54995.63
93733,115604.64
93734,97149.29
93735,120332.37
93736,103595.92
93737,154601.98
93738,50303.44
93739,135317.89
93740,49983.56
93741,85710.445
93742,49975.73
93743,102484.17
93744,53586.09
93745,135311.42
93746,129541.18
93747,104934.805
93748,89476.49
93749,103694.445
93750,115636.86
93751,47304.99
93752,99137.65
93753,107194.84
93754,181798.48
93755,99513.65
93756,50969.723
93757,48825.89
93758,125479.195
93759,51895.418
93760,126046.32
93761,50786.5
93762,131368.64
93763,44764.65
93764,134221.22
93765,107390.42
93766,155914.66
93767,107201.96
93768,134505.69
93769,111045.875
93770,148398.48
93771,46310.535
93772,48714.766
93773,109003.11
93774,114791.734
93775,47394.24
93776,48801.426
93777,48043.277
93778,140003.14
93779,55899.758
93780,129670.32
93781,127723.69
93782,57226.992
93783,53296.125
93784,51249.4
93785,102774.51
93786,90261.945
93787,126270.77
93788,113600.41
93789,103742.61
93790,106014.62
93791,48956.707
93792,116729.33
93793,110903.48
93794,124830.28
93795,128155.76
93796,102648.05
93797,124150.555
93798,48999.19
93799,86195.59
93800,103604.54
93801,56517.203
93802,115668.42
93803,52123.895
93804,148020.9
93805,108431.08
93806,95479.016
93807,44406.777
93808,100170.6
93809,112528.57
93810,56821.69
93811,132694.88
93812,161194.2
93813,49340.887
93814,103261.46
93815,52770.242
93816,104590.164
93817,122819.695
93818,131326.62
93819,52463.77
93820,46453.105
93821,98113.875
93822,119184.875
93823,122179.195
93824,52566.6
93825,97614.01
93826,106110.48
93827,96850.984
93828,51070.797
93829,138409.77
93830,108317.94
93831,50560.508
93832,85065.914
93833,111723.13
93834,101729.06
93835,138916.88
93836,130592.055
93837,117381.445
93838,47174.96
93839,157045.33
93840,91101.055
93841,51876.203
93842,117027.87
93843,79267.875
93844,97499.35
93845,129294.31
93846,118935.45
93847,117391.72
93848,92003.266
93849,123093.586
93850,140110.36
93851,117395.03
93852,77132.875
93853,49666.035
93854,109058.15
93855,45804.18
93856,90045.59
93857,131980.27
93858,97377.62
93859,47665.207
93860,121959.5
93861,98630.42
93862,53862.734
93863,103872.38
93864,48414.645
93865,114648.63
93866,120360.22
93867,110710.11
93868,107377.89
93869,101804.15
93870,100840.84
93871,44204.953
93872,135147.86
93873,113468.62
93874,112604.44
93875,47769.95
93876,52107.992
93877,177064.73
93878,170344.83
93879,124543.57
93880,52347.492
93881,165186.97
93882,142680.0
93883,43416.676
93884,127547.625
93885,49019.305
93886,46169.79
93887,119286.04
93888,55848.29
93889,152861.03
93890,49051.59
93891,54985.17
93892,53360.285
93893,116553.74
93894,96561.03
93895,155132.23
93896,147271.08
93897,80397.67
93898,50239.566
93899,44038.297
93900,49693.184
93901,142085.6
93902,137098.55
93903,50730.914
93904,132392.4
93905,124095.164
93906,141700.03
93907,118426.43
93908,139535.38
93909,49084.43
93910,115408.23
93911,109234.01
93912,131612.92
93913,93229.69
93914,128245.52
93915,136124.3
93916,49359.69
93917,44178.16
93918,130830.62
93919,80318.414
93920,90358.28
93921,91373.81
93922,103184.19
93923,54698.61
93924,116276.36
93925,129148.52
93926,110572.95
93927,109710.64
93928,98593.125
93929,101082.414
93930,47427.336
93931,45396.906
93932,117023.79
93933,108432.07
93934,92701.34
93935,54152.273
93936,88055.99
93937,62029.562
93938,104715.664
93939,108019.96
93940,46474.48
93941,128093.68
93942,43872.008
93943,105064.47
93944,97753.18
93945,53125.582
93946,113941.23
93947,104464.14
93948,166111.45
93949,130371.89
93950,47586.44
93951,140371.66
93952,63251.55
93953,152159.42
93954,103753.05
93955,143643.55
93956,49261.176
93957,114453.33
93958,123423.15
93959,121681.9
93960,106434.3
93961,53969.67
93962,47341.145
93963,116172.11
93964,89721.44
93965,153047.84
93966,49295.656
93967,99828.44
93968,111550.03
93969,121027.01
93970,45762.285
93971,46858.594
93972,59847.355
93973,117601.56
93974,49191.133
93975,137561.0
93976,102773.375
93977,123095.336
93978,49238.24
93979,50946.344
93980,161510.73
93981,55359.758
93982,109602.92
93983,111702.836
93984,170447.86
93985,138856.1
93986,56597.996
93987,45909.992
93988,168974.62
93989,114325.91
93990,161400.56
93991,93344.46
93992,47615.23
93993,77853.58
93994,123838.34
93995,48762.055
93996,129264.16
93997,51037.887
93998,45381.31
93999,112063.625
94000,93636.1
94001,104464.14
94002,126222.01
94003,154104.4
94004,45540.88
94005,53531.094
94006,54011.2
94007,169029.28
94008,119133.414
94009,95890.266
94010,123689.91
94011,52138.375
94012,112444.766
94013,125377.63
94014,47775.8
94015,115870.47
94016,96083.89
94017,48172.94
94018,143980.22
94019,109823.35
94020,126817.37
94021,123758.85
94022,79140.484
94023,139661.89
94024,41582.906
94025,53173.406
94026,93874.625
94027,119966.234
94028,144902.31
94029,43489.457
94030,49549.61
94031,107840.31
94032,95928.805
94033,130153.01
94034,153109.36
94035,43024.684
94036,49117.043
94037,140058.4
94038,105397.56
94039,129265.38
94040,123363.586
94041,145716.89
94042,49076.23
94043,59377.58
94044,114198.734
94045,156219.27
94046,53915.055
94047,149981.55
94048,97139.3
94049,47450.805
94050,52913.434
94051,48528.98
94052,84127.07
94053,122406.78
94054,94343.47
94055,123947.84
94056,108062.14
94057,42606.06
94058,192625.86
94059,136279.72
94060,39630.145
94061,135123.44
94062,118539.39
94063,105301.59
94064,103045.12
94065,49800.04
94066,159539.64
94067,45688.73
94068,171540.92
94069,131953.22
94070,108988.484
94071,53625.47
94072,58458.457
94073,126696.266
94074,45238.547
94075,109114.21
94076,102646.516
94077,104495.055
94078,57014.41
94079,47993.89
94080,111784.86
94081,93909.266
94082,130437.62
94083,110954.05
94084,48075.07
94085,106085.52
94086,105369.44
94087,54202.535
94088,134166.44
94089,133456.47
94090,98098.164
94091,132608.25
94092,104753.56
94093,87136.59
94094,118346.74
94095,149562.42
94096,111173.305
94097,135652.3
94098,51197.7
94099,115834.81
94100,138466.77
94101,135061.0
94102,167134.25
94103,138497.77
94104,106649.28
94105,107938.63
94106,142671.28
94107,49051.59
94108,128650.9
94109,145796.0
94110,140695.6
94111,130243.28
94112,130219.15
94113,133562.11
94114,99060.62
94115,100840.734
94116,48955.984
94117,126935.9
94118,88578.97
94119,92079.45
94120,47862.656
94121,130378.164
94122,98406.77
94123,116372.34
94124,93977.65
94125,154958.66
94126,50484.137
94127,41985.047
94128,99406.9
94129,45027.758
94130,157570.08
94131,124617.766
94132,112132.27
94133,45381.31
94134,119077.14
94135,53163.89
94136,146716.73
94137,47943.312
94138,54841.426
94139,110870.75
94140,59147.87
94141,121022.35
94142,44135.336
94143,94242.12
94144,93598.67
94145,137813.28
94146,53097.96
94147,110840.85
94148,49080.06
94149,118178.805
94150,46041.42
94151,52666.15
94152,47210.617
94153,111551.734
94154,159769.52
94155,128088.914
94156,54483.684
94157,49440.59
94158,153137.61
94159,49295.027
94160,108120.5
94161,107616.7
94162,110794.41
94163,197413.55
94164,93285.55
94165,99017.08
94166,124538.94
94167,116918.91
94168,42785.465
94169,49246.86
94170,99126.51
94171,139285.19
94172,118878.66
94173,109197.25
94174,97105.06
94175,112642.92
94176,120691.35
94177,114249.83
94178,132108.44
94179,88823.945
94180,52198.668
94181,95460.14
94182,153597.61
94183,83453.0
94184,112313.82
94185,43477.723
94186,134691.3
94187,117307.984
94188,140173.53
94189,124680.016
94190,106631.15
94191,110634.71
94192,117840.445
94193,104740.305
94194,100921.82
94195,114746.49
94196,50249.453
94197,59200.21
94198,162841.08
94199,122697.76
94200,47076.984
94201,148606.7
94202,45355.312
94203,190070.61
94204,111809.39
94205,50824.098
94206,116698.83
94207,123342.71
94208,48584.54
94209,49954.832
94210,91144.79
94211,156628.56
94212,113945.08
94213,52213.086
94214,51381.793
94215,109882.445
94216,46880.504
94217,52820.277
94218,47375.707
94219,85522.77
94220,117869.65
94221,114769.95
94222,95479.016
94223,56697.82
94224,97477.28
94225,91154.29
94226,48619.188
94227,134157.98
94228,167824.7
94229,35587.734
94230,48064.355
94231,118919.36
94232,55288.47
94233,112741.65
94234,118497.45
94235,104540.87
94236,92151.88
94237,143472.75
94238,109947.46
94239,99867.4
94240,48528.832
94241,107307.82
94242,53657.133
94243,118675.58
94244,49946.145
94245,100986.07
94246,117488.03
94247,123198.414
94248,109326.91
94249,158623.34
94250,87654.54
94251,91890.64
94252,108142.22
94253,119175.52
94254,46873.55
94255,95541.766
94256,121740.414
94257,95928.805
94258,54452.965
94259,111085.87
94260,132466.02
94261,51381.793
94262,133777.78
94263,49084.09
94264,43075.664
94265,110174.664
94266,120801.05
94267,91451.85
94268,97576.47
94269,41937.805
94270,116666.266
94271,112425.7
94272,167035.73
94273,43732.895
94274,50777.406
94275,109515.65
94276,112782.945
94277,147092.48
94278,145109.61
94279,111431.09
94280,46244.6
94281,120090.05
94282,144444.42
94283,147108.89
94284,95020.37
94285,120148.57
94286,102966.69
94287,49078.305
94288,56607.0
94289,53124.055
94290,117907.11
94291,131711.47
94292,98007.5
94293,41074.734
94294,53264.57
94295,165819.69
94296,40924.96
94297,111379.305
94298,124770.02
94299,50435.51
94300,94825.67
94301,51383.625
94302,45902.05
94303,126491.04
94304,90312.734
94305,51868.016
94306,151983.69
94307,137482.28
94308,86861.68
94309,120240.65
94310,93656.8
94311,68006.91
94312,55172.848
94313,130258.27
94314,53228.527
94315,105792.89
94316,150898.52
94317,47486.77
94318,92023.66
94319,120252.35
94320,110062.73
94321,116970.75
94322,107908.86
94323,51723.473
94324,46715.625
94325,115420.89
94326,131144.45
94327,65112.953
94328,48766.035
94329,142133.5
94330,49760.98
94331,138404.61
94332,121535.21
94333,126681.35
94334,45842.78
94335,122469.914
94336,47827.574
94337,120323.586
94338,151356.55
94339,55170.836
94340,124955.04
94341,52764.426
94342,46219.7
94343,111356.73
94344,48730.9
94345,146682.75
94346,111992.37
94347,107797.91
94348,101112.23
94349,114560.336
94350,126541.03
94351,49018.08
94352,51366.71
94353,116029.93
94354,59014.945
94355,94713.11
94356,51289.21
94357,139090.3
94358,93967.95
94359,43080.043
94360,169359.72
94361,125670.766
94362,142605.36
94363,117541.2
94364,137491.44
94365,137554.9
94366,110513.42
94367,57060.668
94368,122157.875
94369,47356.465
94370,101229.32
94371,46761.145
94372,149737.8
94373,47904.46
94374,80589.79
94375,108564.914
94376,145538.62
94377,98514.445
94378,134858.4
94379,46602.168
94380,52585.73
94381,113936.31
94382,145495.89
94383,50423.617
94384,42281.586
94385,123971.0
94386,98007.5
94387,54645.875
94388,47779.98
94389,48493.57
94390,124064.31
94391,157501.3
94392,126544.77
94393,83671.53
94394,79376.56
94395,193553.42
94396,142973.4
94397,109978.016
94398,104878.39
94399,43275.867
94400,46098.902
94401,119705.62
94402,103245.16
94403,172094.52
94404,49996.23
94405,132030.72
94406,43975.47
94407,134962.12
94408,108727.14
94409,147375.27
94410,126030.086
94411,92406.26
94412,119197.03
94413,150639.03
94414,105777.2
94415,114158.086
94416,50005.613
94417,50608.2
94418,46636.383
94419,117894.414
94420,141686.4
94421,100556.695
94422,108778.55
94423,50459.93
94424,45870.94
94425,151060.86
94426,139858.03
94427,150243.77
94428,46125.156
94429,149994.92
94430,155118.58
94431,111005.8
94432,103459.69
94433,151941.17
94434,51849.168
94435,52364.527
94436,127831.84
94437,48602.22
94438,125534.625
94439,116447.29
94440,123491.695
94441,82908.08
94442,91144.79
94443,123659.77
94444,120537.15
94445,52594.684
94446,139521.34
94447,101079.56
94448,107417.06
94449,130621.97
94450,89868.17
94451,51020.516
94452,137932.97
94453,99383.625
94454,44606.742
94455,113904.17
94456,45620.1
94457,134930.77
94458,105420.34
94459,97593.86
94460,39961.68
94461,125660.86
94462,46941.086
94463,134935.03
94464,86110.586
94465,46439.625
94466,109160.17
94467,116666.164
94468,54497.016
94469,88467.266
94470,168060.5
94471,51768.875
94472,55374.45
94473,60141.39
94474,131050.31
94475,100934.9
94476,117369.76
94477,38776.816
94478,47747.176
94479,49938.516
94480,47839.53
94481,54745.918
94482,104462.4
94483,39174.906
94484,103772.664
94485,46877.766
94486,62272.62
94487,47564.562
94488,97235.96
94489,114864.75
94490,139327.9
94491,143243.12
94492,55442.14
94493,44856.008
94494,64313.145
94495,88002.734
94496,120079.51
94497,48317.797
94498,114946.805
94499,170872.55
94500,120801.234
94501,119399.85
94502,52901.164
94503,144255.55
94504,55268.98
94505,137113.83
94506,92785.664
94507,132112.67
94508,120190.96
94509,49225.44
94510,127372.41
94511,51708.137
94512,166666.1
94513,138715.64
94514,87914.234
94515,80508.016
94516,138626.78
94517,58452.72
94518,92047.836
94519,47309.832
94520,111801.055
94521,83222.86
94522,114457.19
94523,179043.39
94524,44892.336
94525,47958.523
94526,92299.15
94527,135965.77
94528,99691.13
94529,98927.42
94530,168009.47
94531,48935.78
94532,47257.355
94533,46585.062
94534,108997.29
94535,100629.76
94536,51078.844
94537,49294.27
94538,102960.664
94539,56962.016
94540,56361.914
94541,130806.25
94542,103643.38
94543,110752.25
94544,121120.48
94545,48604.36
94546,146027.14
94547,139805.53
94548,140164.06
94549,117656.99
94550,54822.79
94551,61624.24
94552,107332.09
94553,191583.44
94554,56338.266
94555,121145.84
94556,131248.19
94557,93116.13
94558,88031.28
94559,105493.93
94560,122614.76
94561,143387.25
94562,42266.566
94563,205282.75
94564,135805.42
94565,134555.27
94566,103793.55
94567,51046.12
94568,103943.625
94569,46455.07
94570,51972.996
94571,48963.473
94572,103167.38
94573,129272.6
94574,143563.64
94575,129831.14
94576,125490.78
94577,49001.83
94578,139496.44
94579,171256.33
94580,136083.48
94581,46793.43
94582,103570.93
94583,100099.49
94584,146826.88
94585,58130.633
94586,126627.0
94587,88092.06
94588,114971.414
94589,122300.66
94590,128174.48
94591,141885.38
94592,137366.11
94593,143238.36
94594,143144.25
94595,46818.215
94596,107041.25
94597,42098.555
94598,108439.914
94599,117230.21
94600,138684.52
94601,48059.35
94602,49876.6
94603,140997.47
94604,145464.5
94605,52880.78
94606,61220.668
94607,114341.01
94608,90930.15
94609,104461.46
94610,144634.27
94611,126813.37
94612,48194.004
94613,133294.08
94614,164657.31
94615,50777.406
94616,114773.72
94617,94553.0
94618,106384.81
94619,93226.555
94620,48126.953
94621,42338.31
94622,105416.56
94623,99040.26
94624,115280.06
94625,235876.12
94626,89963.5
94627,45884.27
94628,95898.05
94629,59658.918
94630,48373.324
94631,108072.266
94632,90973.266
94633,137346.06
94634,119354.94
94635,220781.4
94636,105722.72
94637,125917.7
94638,148541.83
94639,44528.977
94640,111101.92
94641,89681.5
94642,105975.53
94643,83669.055
94644,116773.17
94645,48743.18
94646,175207.48
94647,113756.18
94648,68813.625
94649,120384.93
94650,47363.125
94651,46322.957
94652,129908.95
94653,166608.56
94654,109190.66
94655,110180.164
94656,48626.484
94657,117004.94
94658,127071.805
94659,140922.28
94660,128740.125
94661,57768.55
94662,46572.742
94663,106132.88
94664,107201.96
94665,105872.81
94666,119609.61
94667,141683.28
94668,48262.324
94669,117369.04
94670,140007.31
94671,38638.51
94672,125109.4
94673,100076.086
94674,134300.64
94675,114386.625
94676,33488.613
94677,97309.766
94678,145070.1
94679,124919.15
94680,125682.18
94681,56993.12
94682,47368.24
94683,126907.47
94684,107126.99
94685,119375.445
94686,92003.266
94687,48604.36
94688,104934.805
94689,138237.1
94690,88015.016
94691,160129.42
94692,121907.68
94693,46650.523
94694,108872.05
94695,122958.05
94696,120219.234
94697,54596.3
94698,109696.4
94699,48103.664
94700,57907.344
94701,51171.836
94702,151772.03
94703,147252.67
94704,58556.88
94705,99605.53
94706,44315.61
94707,121884.53
94708,114069.59
94709,115663.41
94710,123644.69
94711,159325.23
94712,120301.74
94713,46736.11
94714,108363.14
94715,141720.89
94716,127644.21
94717,89601.2
94718,128751.23
94719,114696.85
94720,125972.336
94721,50701.758
94722,115881.58
94723,54339.15
94724,54423.188
94725,49231.812
94726,53291.113
94727,52176.06
94728,84535.66
94729,110797.445
94730,104524.23
94731,135242.33
94732,133493.45
94733,55030.92
94734,110186.016
94735,107588.85
94736,102062.39
94737,46557.406
94738,115760.6
94739,124957.45
94740,107083.05
94741,118777.625
94742,127612.56
94743,121165.67
94744,109720.58
94745,151152.94
94746,106526.414
94747,50677.844
94748,144491.47
94749,130357.81
94750,47432.242
94751,155021.56
94752,62734.883
94753,39769.668
94754,148282.61
94755,47234.55
94756,68316.805
94757,112353.31
94758,113450.54
94759,128790.13
94760,123467.02
94761,42720.96
94762,113267.7
94763,44406.105
94764,124220.336
94765,117019.21
94766,52917.0
94767,45124.86
94768,159225.73
94769,124443.22
94770,155839.2
94771,168588.28
94772,49245.38
94773,123711.766
94774,132102.58
94775,98514.445
94776,129516.33
94777,82619.15
94778,49841.867
94779,93645.75
94780,47945.098
94781,45513.633
94782,119664.29
94783,166785.56
94784,120789.04
94785,110757.61
94786,55695.85
94787,46988.637
94788,47228.984
94789,55284.83
94790,52231.887
94791,130654.234
94792,127823.22
94793,199202.2
94794,97377.62
94795,125756.93
94796,122593.35
94797,50294.457
94798,78131.76
94799,125150.23
94800,53268.89
94801,44072.74
94802,81520.04
94803,173225.83
94804,119856.18
94805,49442.03
94806,124791.164
94807,103846.71
94808,124805.195
94809,46848.633
94810,128714.71
94811,156948.08
94812,69902.7
94813,137045.66
94814,46408.168
94815,139108.64
94816,54834.215
94817,56692.2
94818,121005.38
94819,54985.883
94820,52446.22
94821,52781.312
94822,206230.9
94823,156953.16
94824,108276.414
94825,133959.58
94826,46096.02
94827,106576.94
94828,112439.695
94829,122359.15
94830,133904.02
94831,132691.7
94832,57091.773
94833,133734.67
94834,141082.86
94835,142818.05
94836,48614.254
94837,52986.758
94838,57103.46
94839,111222.22
94840,45483.992
94841,47352.938
94842,52049.465
94843,42742.336
94844,36293.777
94845,91451.85
94846,54522.957
94847,146393.34
94848,49570.043
94849,119543.02
94850,122384.67
94851,151625.52
94852,141047.89
94853,47138.14
94854,103433.9
94855,92716.836
94856,44844.113
94857,50175.29
94858,93866.15
94859,115492.14
94860,49515.0
94861,50582.78
94862,50363.332
94863,117424.89
94864,133563.39
94865,132578.11
94866,107917.86
94867,137784.17
94868,44023.684
94869,49042.19
94870,45642.914
94871,90046.34
94872,52782.98
94873,112913.21
94874,129993.66
94875,54037.94
94876,107488.4
94877,122231.92
94878,124554.41
94879,106411.37
94880,85495.125
94881,141436.9
94882,91050.625
94883,176480.69
94884,94732.11
94885,96564.97
94886,138912.33
94887,180372.67
94888,141723.84
94889,85790.766
94890,170902.23
94891,163432.94
94892,98052.02
94893,88038.2
94894,64495.605
94895,55867.62
94896,142323.64
94897,46600.613
94898,102248.445
94899,79426.38
94900,110408.266
94901,52732.367
94902,113544.28
94903,46818.215
94904,96179.87
94905,114109.26
94906,49260.973
94907,103194.4
94908,85686.3
94909,50031.016
94910,65671.92
94911,164179.58
94912,102937.086
94913,61898.93
94914,81520.04
94915,104105.89
94916,48109.984
94917,48029.254
94918,150153.14
94919,97032.766
94920,134944.48
94921,116357.84
94922,129961.59
94923,47683.2
94924,107671.625
94925,45758.355
94926,114860.65
94927,53248.71
94928,157736.67
94929,116920.93
94930,110526.9
94931,101389.195
94932,50481.207
94933,52901.273
94934,51087.434
94935,125812.44
94936,123922.164
94937,48013.023
94938,143819.28
94939,99422.1
94940,101899.42
94941,51808.06
94942,49473.832
94943,50555.89
94944,49578.527
94945,53164.746
94946,41553.312
94947,48433.414
94948,95928.805
94949,137948.72
94950,43992.09
94951,51910.438
94952,145770.1
94953,112453.33
94954,52474.344
94955,57826.266
94956,64190.54
94957,125422.305
94958,53966.37
94959,143095.94
94960,100120.55
94961,101528.336
94962,46818.215
94963,50385.35
94964,46971.86
94965,111173.33
94966,106340.93
94967,101240.32
94968,122157.7
94969,79880.03
94970,113097.22
94971,128429.375
94972,49367.21
94973,107626.83
94974,51998.46
94975,96855.78
94976,121164.25
94977,47432.242
94978,138163.73
94979,111075.414
94980,49901.273
94981,123640.86
94982,109916.62
94983,49856.727
94984,50241.65
94985,44911.48
94986,108938.49
94987,52861.523
94988,114979.695
94989,106932.03
94990,145143.39
94991,88028.06
94992,129811.08
94993,51492.375
94994,49696.363
94995,114984.31
94996,64987.086
94997,120959.12
94998,53380.38
94999,51020.65
95000,156103.4
95001,171720.95
95002,133566.5
95003,109763.21
95004,99951.0
95005,104346.22
95006,103887.81
95007,82324.766
95008,50803.633
95009,127854.19
95010,137262.2
95011,48716.58
95012,115486.02
95013,50196.246
95014,45304.043
95015,88628.12
95016,121911.38
95017,127401.88
95018,55520.69
95019,111370.59
95020,51037.887
95021,46065.96
95022,46305.34
95023,157426.23
95024,108802.33
95025,121218.49
95026,156550.02
95027,76396.97
95028,85131.22
95029,50106.016
95030,53506.9
95031,134600.47
95032,206014.05
95033,96505.45
95034,57395.5
95035,45185.203
95036,56937.953
95037,164398.03
95038,44726.023
95039,119105.35
95040,113821.3
95041,108984.266
95042,155225.64
95043,133577.6
95044,75898.93
95045,46878.254
95046,134431.44
95047,102008.77
95048,154124.94
95049,138306.52
95050,113286.086
95051,119047.53
95052,114075.3
95053,99294.43
95054,117840.65
95055,114312.09
95056,112561.85
95057,48482.098
95058,133645.27
95059,44808.793
95060,121615.7
95061,49961.418
95062,145971.86
95063,170075.6
95064,171356.0
95065,143730.23
95066,128122.5
95067,149651.4
95068,132125.53
95069,45204.78
95070,52438.785
95071,142298.9
95072,118644.47
95073,90026.766
95074,83681.93
95075,111023.52
95076,90674.81
95077,119777.9
95078,148238.44
95079,107977.305
95080,134407.2
95081,44305.27
95082,51754.254
95083,139108.5
95084,118742.33
95085,84886.23
95086,89742.11
95087,50570.01
95088,50913.098
95089,130932.65
95090,118216.34
95091,116577.305
95092,51325.844
95093,47508.8
95094,108669.37
95095,54904.812
95096,178981.75
95097,61917.605
95098,131064.28
95099,85434.57
95100,133042.28
95101,131956.33
95102,124461.36
95103,111461.55
95104,46992.3
95105,48578.59
95106,96742.16
95107,101176.68
95108,150618.72
95109,116536.22
95110,136906.75
95111,108403.49
95112,114491.24
95113,54571.434
95114,106056.94
95115,46821.68
95116,54221.543
95117,46436.22
95118,112639.52
95119,124802.99
95120,107225.32
95121,108975.195
95122,41774.48
95123,113563.65
95124,54673.64
95125,48043.277
95126,56936.055
95127,47758.504
95128,139869.11
95129,95564.516
95130,133313.4
95131,120531.44
95132,128057.38
95133,151516.3
95134,128380.22
95135,148735.02
95136,113522.73
95137,128434.945
95138,101812.41
95139,106081.02
95140,42926.535
95141,133838.95
95142,48317.742
95143,47105.62
95144,116964.92
95145,47158.812
95146,120221.67
95147,92022.7
95148,109741.53
95149,90579.66
95150,93278.18
95151,126546.87
95152,55906.76
95153,114630.195
95154,52174.605
95155,120632.51
95156,65106.68
95157,107221.24
95158,81670.14
95159,85710.445
95160,108744.41
95161,107206.64
95162,58271.93
95163,93346.79
95164,119437.4
95165,128064.12
95166,145254.55
95167,37185.574
95168,104098.164
95169,47347.312
95170,58689.8
95171,99860.1
95172,103232.68
95173,176735.72
95174,148760.16
95175,46818.215
95176,95303.055
95177,127096.93
95178,126012.484
95179,117053.16
95180,46739.535
95181,46574.61
95182,134842.2
95183,42118.684
95184,100369.695
95185,138327.73
95186,100689.98
95187,95354.17
95188,119358.55
95189,118380.5
95190,50496.06
95191,129653.91
95192,52145.957
95193,113983.63
95194,116028.37
95195,143039.69
95196,50828.98
95197,58394.434
95198,108050.875
95199,133359.53
95200,141920.72
95201,101404.76
95202,51933.62
95203,62058.23
95204,129279.516
95205,44515.05
95206,50375.71
95207,134752.84
95208,119866.87
95209,53437.266
95210,116095.19
95211,47358.57
95212,52696.98
95213,138543.38
95214,128854.89
95215,140953.2
95216,48369.207
95217,50442.117
95218,128667.5
95219,120507.81
95220,138766.2
95221,169821.12
95222,119333.44
95223,109211.04
95224,46159.79
95225,55074.082
95226,105072.516
95227,112783.04
95228,44075.83
95229,45869.54
95230,99074.734
95231,50514.27
95232,132413.1
95233,109365.75
95234,133274.72
95235,116633.41
95236,49084.09
95237,53950.504
95238,56512.387
95239,124475.01
95240,112485.51
95241,149921.11
95242,100105.58
95243,47123.074
95244,80589.79
95245,27486.809
95246,98038.93
95247,182646.95
95248,135503.56
95249,57745.332
95250,49446.598
95251,48075.07
95252,133138.98
95253,118431.21
95254,88622.15
95255,56228.15
95256,155567.55
95257,47699.312
95258,85844.266
95259,113549.2
95260,106855.086
95261,145614.17
95262,52963.383
95263,54807.457
95264,52859.562
95265,42022.895
95266,90310.77
95267,114774.91
95268,115235.625
95269,116504.72
95270,51676.133
95271,209043.12
95272,226102.1
95273,111440.17
95274,103668.98
95275,122128.445
95276,136924.19
95277,92833.6
95278,105957.28
95279,87890.43
95280,98338.484
95281,53624.656
95282,46069.742
95283,97276.945
95284,48737.36
95285,87560.234
95286,147579.73
95287,99388.71
95288,46704.312
95289,107068.8
95290,54300.37
95291,45707.414
95292,142047.2
95293,105695.06
95294,126355.97
95295,125530.87
95296,197352.0
95297,101822.23
95298,105379.71
95299,47361.832
95300,139767.69
95301,122836.055
95302,48376.11
95303,56958.645
95304,81179.836
95305,116927.836
95306,139826.53
95307,121899.73
95308,36637.754
95309,108261.555
95310,49461.316
95311,109475.79
95312,137122.03
95313,111256.99
95314,111945.16
95315,130148.9
95316,46460.773
95317,59336.008
95318,117773.86
95319,169162.7
95320,50560.18
95321,120563.41
95322,166177.58
95323,161399.14
95324,56931.688
95325,103489.37
95326,52246.55
95327,99044.27
95328,95404.1
95329,115460.61
95330,53151.7
95331,125900.63
95332,121386.664
95333,53424.465
95334,112056.875
95335,96774.52
95336,93606.6
95337,127496.88
95338,113890.07
95339,111708.81
95340,100505.48
95341,123608.97
95342,150154.8
95343,122729.65
95344,62945.863
95345,131319.48
95346,100260.37
95347,110267.65
95348,148645.61
95349,143982.05
95350,50036.242
95351,68707.88
95352,138314.83
95353,128542.37
95354,129817.72
95355,90072.82
95356,119451.625
95357,167279.92
95358,135269.9
95359,46117.414
95360,124787.99
95361,106023.32
95362,115113.93
95363,45966.49
95364,121699.305
95365,46322.062
95366,110899.266
95367,103811.17
95368,49489.625
95369,160922.97
95370,106362.95
95371,120881.57
95372,127697.695
95373,116532.25
95374,49006.99
95375,45669.96
95376,141384.4
95377,92701.086
95378,98941.18
95379,51227.01
95380,143023.9
95381,133468.5
95382,114222.82
95383,108130.266
95384,96091.414
95385,184307.72
95386,143934.42
95387,45259.6
95388,143773.94
95389,85658.72
95390,125929.445
95391,50783.805
95392,132827.95
95393,113459.125
95394,126392.445
95395,47491.785
95396,104291.89
95397,59038.16
95398,49991.297
95399,137840.28
95400,135006.52
95401,62545.5
95402,115411.29
95403,122361.984
95404,119723.93
95405,120656.44
95406,131974.45
95407,98514.445
95408,44381.395
95409,101447.59
95410,48967.562
95411,147214.64
95412,104363.26
95413,177175.89
95414,110955.3
95415,120095.72
95416,166399.14
95417,55867.0
95418,84347.57
95419,110638.02
95420,160284.56
95421,124967.21
95422,56058.004
95423,109909.15
95424,52792.64
95425,96505.45
95426,120126.484
95427,94218.02
95428,53103.695
95429,110972.695
95430,165264.64
95431,48862.75
95432,52604.03
95433,55133.69
95434,87421.05
95435,100807.32
95436,169948.78
95437,105573.766
95438,122024.22
95439,53952.156
95440,45774.586
95441,40893.566
95442,199650.03
95443,133233.44
95444,164832.08
95445,102703.336
95446,53136.996
95447,139217.17
95448,127154.94
95449,48720.703
95450,51802.28
95451,124857.484
95452,60905.64
95453,113469.695
95454,113258.25
95455,55482.78
95456,49947.098
95457,119065.93
95458,46921.86
95459,128650.16
95460,49018.55
95461,49335.61
95462,120440.695
95463,125153.62
95464,89982.28
95465,113083.445
95466,56094.414
95467,103384.81
95468,53748.54
95469,96527.6
95470,108175.78
95471,50921.59
95472,143418.3
95473,115251.78
95474,130747.06
95475,146244.42
95476,47757.39
95477,122208.15
95478,87250.61
95479,123326.35
95480,128051.34
95481,102427.22
95482,46183.242
95483,103603.19
95484,87111.96
95485,83127.83
95486,51607.684
95487,44543.445
95488,133164.19
95489,90351.5
95490,82476.48
95491,58013.176
95492,154265.52
95493,43635.477
95494,173138.61
95495,41271.113
95496,53666.875
95497,129341.48
95498,53832.7
95499,121780.73
95500,107328.63
95501,177316.42
95502,169047.23
95503,55602.625
95504,47904.46
95505,128766.92
95506,47929.996
95507,108945.13
95508,88017.164
95509,128548.48
95510,53827.586
95511,68864.266
95512,124512.016
95513,90000.984
95514,110488.04
95515,46251.496
95516,138569.38
95517,133725.95
95518,101082.414
95519,141787.98
95520,161190.72
95521,127971.664
95522,120812.3
95523,114265.4
95524,130197.39
95525,59177.316
95526,54860.617
95527,68528.82
95528,49000.652
95529,106343.91
95530,110956.96
95531,112937.88
95532,40999.938
95533,136311.73
95534,132993.23
95535,108022.875
95536,49140.715
95537,72593.12
95538,46091.887
95539,98783.0
95540,112045.2
95541,100995.22
95542,91405.66
95543,134511.84
95544,54124.215
95545,94555.49
95546,111168.95
95547,104367.055
95548,50377.934
95549,147337.8
95550,47601.17
95551,105149.06
95552,103222.97
95553,50214.316
95554,117027.44
95555,163080.39
95556,121143.59
95557,121533.95
95558,139466.28
95559,48865.223
95560,148492.05
95561,100440.92
95562,119603.875
95563,52249.574
95564,110937.414
95565,104712.18
95566,48310.61
95567,115869.19
95568,181654.33
95569,94567.75
95570,92941.875
95571,94676.234
95572,50551.12
95573,53857.344
95574,120593.69
95575,24632.658
95576,117037.05
95577,110063.08
95578,184230.16
95579,58435.926
95580,145677.1
95581,102473.54
95582,144681.14
95583,137223.02
95584,102576.38
95585,82947.09
95586,49461.316
95587,53355.66
95588,124310.055
95589,88059.734
95590,124675.92
95591,104461.46
95592,128999.51
95593,111476.19
95594,125653.17
95595,147052.4
95596,46813.008
95597,45909.55
95598,103179.234
95599,49156.46
95600,105627.52
95601,132488.38
95602,103940.56
95603,123943.3
95604,91366.484
95605,47313.707
95606,137850.4
95607,53285.508
95608,46069.195
95609,114816.31
95610,96095.43
95611,106992.39
95612,53991.152
95613,131476.67
95614,50488.562
95615,46785.69
95616,144063.56
95617,157786.05
95618,100839.96
95619,116978.29
95620,118690.08
95621,109741.99
95622,115731.43
95623,132712.72
95624,51100.855
95625,143497.22
95626,133340.23
95627,43800.082
95628,162690.06
95629,115951.68
95630,111215.43
95631,127493.08
95632,78177.85
95633,129293.36
95634,54106.22
95635,120800.39
95636,94265.266
95637,92996.98
95638,55308.62
95639,52206.105
95640,96374.95
95641,123490.016
95642,148338.0
95643,139346.08
95644,117893.42
95645,125567.33
95646,114411.76
95647,47601.637
95648,105472.78
95649,136425.33
95650,114074.95
95651,53661.676
95652,46914.22
95653,85236.664
95654,98397.14
95655,51920.98
95656,102644.805
95657,47773.164
95658,130950.88
95659,143811.69
95660,133726.92
95661,50951.176
95662,136261.58
95663,144479.6
95664,104029.586
95665,127254.99
95666,93844.06
95667,100533.48
95668,118153.12
95669,102984.95
95670,47162.023
95671,106537.34
95672,91014.17
95673,107317.914
95674,121176.57
95675,155930.67
95676,106529.945
95677,123980.41
95678,143251.1
95679,136396.86
95680,117563.12
95681,124045.61
95682,145062.36
95683,51419.367
95684,55870.527
95685,131932.73
95686,90902.65
95687,128002.6
95688,93610.58
95689,46368.84
95690,51784.418
95691,127090.07
95692,54385.906
95693,117454.36
95694,48722.02
95695,44269.035
95696,53872.25
95697,51735.867
95698,51735.273
95699,132838.58
95700,44381.395
95701,84457.64
95702,138559.34
95703,179328.16
95704,92010.15
95705,85456.13
95706,106361.625
95707,51682.574
95708,110051.25
95709,46208.855
95710,156896.17
95711,45829.35
95712,114011.94
95713,64080.05
95714,171394.31
95715,81769.66
95716,144638.83
95717,138513.89
95718,53326.676
95719,121845.3
95720,87451.88
95721,98639.89
95722,93763.0
95723,46511.336
95724,160226.8
95725,45666.31
95726,130854.67
95727,144959.34
95728,142553.06
95729,46186.594
95730,46426.47
95731,103466.26
95732,49613.07
95733,102648.06
95734,151558.69
95735,110202.37
95736,51047.535
95737,50197.234
95738,60984.344
95739,100157.516
95740,112644.04
95741,106286.7
95742,50883.92
95743,111203.25
95744,93816.836
95745,90856.37
95746,117128.75
95747,49890.46
95748,43312.453
95749,105358.86
95750,46837.723
95751,45849.71
95752,142428.53
95753,41925.445
95754,91087.78
95755,134352.44
95756,49919.125
95757,52265.574
95758,127661.56
95759,51333.9
95760,48618.297
95761,110144.266
95762,155859.0
95763,102357.98
95764,138956.17
95765,132345.5
95766,133176.75
95767,119742.84
95768,112288.02
95769,110545.19
95770,114522.83
95771,104307.97
95772,105835.54
95773,134596.42
95774,128725.11
95775,58487.496
95776,51822.383
95777,141855.56
95778,125022.52
95779,54152.227
95780,102153.05
95781,53463.72
95782,49197.363
95783,48509.08
95784,116323.586
95785,118131.984
95786,87777.35
95787,155618.2
95788,89819.914
95789,129784.86
95790,45988.598
95791,46193.785
95792,110249.2
95793,46063.684
95794,114645.23
95795,56302.11
95796,113747.69
95797,50316.81
95798,48777.086
95799,93390.5
95800,43664.113
95801,54508.41
95802,45486.77
95803,87502.25
95804,53920.094
95805,51838.617
95806,136557.38
95807,50881.79
95808,63345.75
95809,45766.74
95810,46858.07
95811,110396.71
95812,59008.38
95813,128923.31
95814,135182.1
95815,104400.79
95816,132573.61
95817,150135.5
95818,109264.805
95819,112573.11
95820,48630.17
95821,99370.75
95822,133099.97
95823,144245.17
95824,49446.426
95825,136843.55
95826,156626.23
95827,106142.516
95828,97379.586
95829,106911.3
95830,47358.44
95831,101020.016
95832,156147.39
95833,171667.83
95834,129300.71
95835,106419.65
95836,134008.75
95837,139649.33
95838,133079.42
95839,50444.293
95840,51478.008
95841,141611.86
95842,45469.105
95843,48135.24
95844,182599.98
95845,144369.16
95846,123345.54
95847,149441.36
95848,44719.145
95849,88839.805
95850,101596.49
95851,149378.61
95852,116222.8
95853,53017.832
95854,116616.94
95855,44424.01
95856,116957.66
95857,49678.242
95858,128650.84
95859,152329.45
95860,73378.99
95861,136647.7
95862,132720.52
95863,45434.137
95864,60865.848
95865,142306.94
95866,143501.48
95867,46729.867
95868,119536.85
95869,101539.92
95870,98280.5
95871,106379.45
95872,48533.934
95873,66281.39
95874,43252.13
95875,51067.844
95876,54837.266
95877,89376.67
95878,87239.51
95879,111940.65
95880,99227.6
95881,110058.83
95882,123325.016
95883,141820.42
95884,45950.46
95885,51594.113
95886,101208.62
95887,52151.387
95888,132222.48
95889,227074.69
95890,50929.67
95891,50560.18
95892,85503.77
95893,119465.836
95894,99851.98
95895,118428.984
95896,41069.277
95897,96257.336
95898,45402.918
95899,134904.81
95900,47301.363
95901,54715.652
95902,101391.52
95903,108150.67
95904,140434.0
95905,51111.676
95906,139541.98
95907,42438.16
95908,54145.004
95909,108055.67
95910,45459.06
95911,114137.61
95912,48149.656
95913,124145.0
95914,53990.293
95915,116320.055
95916,51385.305
95917,134819.2
95918,128359.12
95919,99019.07
95920,111692.04
95921,49321.04
95922,73926.195
95923,49997.23
95924,122370.805
95925,91648.87
95926,139565.19
95927,110738.914
95928,52042.29
95929,124266.06
95930,51000.445
95931,116829.29
95932,105230.78
95933,49721.137
95934,48610.32
95935,55239.09
95936,110432.47
95937,124631.92
95938,113550.06
95939,119403.92
95940,101082.414
95941,97006.09
95942,142644.55
95943,62323.395
95944,46496.152
95945,137307.28
95946,113628.49
95947,100154.55
95948,107949.31
95949,184670.23
95950,50630.457
95951,111167.04
95952,127103.65
95953,50857.027
95954,85045.48
95955,121417.99
95956,112771.32
95957,122803.68
95958,191543.92
95959,45513.664
95960,56482.47
95961,138633.67
95962,54984.355
95963,77941.49
95964,105193.91
95965,50560.18
95966,147518.83
95967,179107.86
95968,47614.586
95969,129050.22
95970,44338.777
95971,51723.273
95972,101731.05
95973,178708.42
95974,122016.85
95975,127413.17
95976,53343.348
95977,47486.047
95978,46078.93
95979,121940.55
95980,132084.95
95981,128801.93
95982,124240.14
95983,118230.375
95984,58171.363
95985,79821.36
95986,44842.715
95987,86410.03
95988,45014.402
95989,304810.28
95990,50632.945
95991,49414.684
95992,55734.426
95993,46611.25
95994,122283.805
95995,49288.68
95996,109941.86
95997,99514.62
95998,102437.12
95999,93936.16
96000,88069.03
96001,125762.74
96002,111213.48
96003,94264.01
96004,53495.246
96005,131695.08
96006,106507.47
96007,58800.785
96008,49163.312
96009,67712.17
96010,105639.3
96011,123775.695
96012,54720.35
96013,44268.02
96014,129070.555
96015,114670.56
96016,109146.914
96017,111852.805
96018,45964.65
96019,148037.97
96020,88811.26
96021,133143.88
96022,125262.24
96023,108509.06
96024,148824.5
96025,128317.49
96026,120298.28
96027,102389.13
96028,88457.016
96029,101575.734
96030,129391.34
96031,111310.664
96032,49206.27
96033,107957.12
96034,126324.87
96035,144622.72
96036,126657.82
96037,50796.27
96038,52796.98
96039,110847.54
96040,94168.766
96041,109259.05
96042,137548.25
96043,143727.38
96044,43269.63
96045,119107.41
96046,123343.78
96047,98847.21
96048,132607.89
96049,142525.81
96050,87063.98
96051,111162.95
96052,116661.06
96053,130011.77
96054,135504.36
96055,110755.164
96056,109161.32
96057,124449.73
96058,136757.34
96059,141273.39
96060,57411.05
96061,97032.92
96062,49272.73
96063,99424.28
96064,126540.46
96065,87069.4
96066,46364.266
96067,117254.09
96068,54234.227
96069,44945.69
96070,112089.04
96071,46063.99
96072,50958.95
96073,121451.3
96074,133116.92
96075,49758.613
96076,90425.96
96077,91388.69
96078,141186.48
96079,61103.656
96080,168871.0
96081,108210.12
96082,173378.33
96083,46953.35
96084,133003.31
96085,123642.99
96086,100982.75
96087,108451.484
96088,122398.34
96089,117221.6
96090,150426.6
96091,50628.535
96092,122605.44
96093,119660.9
96094,50053.508
96095,55777.516
96096,46963.47
96097,181180.03
96098,98116.99
96099,90171.35
96100,98681.75
96101,121134.81
96102,92659.05
96103,110487.29
96104,115524.24
96105,100480.94
96106,116848.71
96107,123370.48
96108,128895.3
96109,119308.766
96110,116118.66
96111,51777.65
96112,134588.66
96113,90873.57
96114,107635.6
96115,50152.566
96116,127267.78
96117,124333.12
96118,116567.18
96119,145359.47
96120,117556.63
96121,126118.56
96122,52497.523
96123,49033.53
96124,113650.63
96125,46974.47
96126,54427.887
96127,48142.348
96128,114865.516
96129,52118.2
96130,111699.15
96131,156067.86
96132,47976.74
96133,109315.5
96134,127460.58
96135,127946.42
96136,54801.418
96137,49067.637
96138,87818.94
96139,139699.53
96140,121049.66
96141,135824.16
96142,55152.1
96143,92299.15
96144,101949.625
96145,53328.35
96146,140231.16
96147,58032.15
96148,120529.97
96149,54062.66
96150,99498.766
96151,127697.74
96152,116763.17
96153,59475.316
96154,101208.62
96155,98463.82
96156,188979.97
96157,110729.7
96158,120522.22
96159,115890.44
96160,107016.63
96161,119866.87
96162,51037.887
96163,72744.53
96164,102273.31
96165,86906.36
96166,143174.81
96167,96465.74
96168,55112.754
96169,106726.1
96170,118845.07
96171,51680.68
96172,114372.055
96173,45892.625
96174,110946.39
96175,58772.324
96176,174232.31
96177,110755.664
96178,151140.92
96179,40170.98
96180,45571.26
96181,48272.152
96182,156392.31
96183,121761.82
96184,89541.41
96185,47855.168
96186,44573.51
96187,108439.914
96188,139821.77
96189,44773.965
96190,45504.72
96191,99045.43
96192,48548.93
96193,143714.08
96194,119324.49
96195,89759.48
96196,94343.47
96197,125467.57
96198,53923.816
96199,88771.65
96200,141960.75
96201,108641.31
96202,96537.12
96203,102745.65
96204,88983.914
96205,153852.89
96206,48542.336
96207,112396.23
96208,131376.38
96209,56740.914
96210,127416.86
96211,48185.008
96212,134288.05
96213,116629.85
96214,161995.62
96215,46733.594
96216,105093.055
96217,167143.77
96218,76628.266
96219,110916.29
96220,93925.15
96221,47939.492
96222,45058.688
96223,120968.8
96224,120074.664
96225,52024.316
96226,134326.48
96227,87136.59
96228,139414.02
96229,103694.484
96230,128942.12
96231,161367.0
96232,100930.64
96233,51068.902
96234,99211.61
96235,127560.586
96236,109920.445
96237,123440.61
96238,123108.47
96239,124720.98
96240,49051.59
96241,127524.445
96242,53095.367
96243,140571.73
96244,49258.26
96245,124971.76
96246,115817.836
96247,47638.723
96248,151016.45
96249,133353.58
96250,111452.664
96251,43929.844
96252,42496.555
96253,124626.12
96254,145292.83
96255,113029.96
96256,44837.65
96257,42707.805
96258,104616.12
96259,110763.32
96260,110631.24
96261,145161.5
96262,125710.38
96263,132272.05
96264,115529.086
96265,129093.19
96266,93773.4
96267,51090.543
96268,132893.94
96269,117705.32
96270,122397.625
96271,85691.33
96272,153994.66
96273,55257.99
96274,123313.16
96275,128962.41
96276,202690.84
96277,121215.62
96278,120303.766
96279,92996.98
96280,49018.08
96281,107172.72
96282,111249.195
96283,47154.758
96284,60735.586
96285,55726.047
96286,115458.336
96287,36228.684
96288,127761.55
96289,116852.5
96290,46151.016
96291,45788.344
96292,47566.156
96293,125939.1
96294,91515.67
96295,46028.8
96296,117244.23
96297,139639.55
96298,116768.03
96299,159484.47
96300,70812.98
96301,109199.66
96302,127096.73
96303,89523.42
96304,135893.02
96305,119602.02
96306,132426.05
96307,89408.68
96308,44319.957
96309,109980.72
96310,50224.86
96311,105308.484
96312,50353.13
96313,49107.574
96314,119759.336
96315,48928.523
96316,46305.34
96317,100982.75
96318,144449.78
96319,92252.26
96320,47705.695
96321,115867.484
96322,150800.53
96323,43430.645
96324,97947.01
96325,126220.85
96326,88983.914
96327,49439.477
96328,95763.875
96329,151894.98
96330,138935.36
96331,117179.51
96332,151098.94
96333,167682.1
96334,115401.84
96335,99708.695
96336,49018.55
96337,138898.52
96338,126111.23
96339,138532.5
96340,127190.914
96341,41667.69
96342,42787.02
96343,111112.48
96344,111708.81
96345,114406.62
96346,127215.664
96347,57985.754
96348,118285.95
96349,102927.42
96350,125739.9
96351,54769.23
96352,115453.06
96353,132214.58
96354,48746.105
96355,148440.08
96356,125701.3
96357,108770.4
96358,135649.73
96359,111804.25
96360,107797.734
96361,131483.58
96362,150881.97
96363,110307.875
96364,149099.81
96365,41142.926
96366,49669.156
96367,46088.86
96368,51139.242
96369,98570.16
96370,48764.707
96371,48803.934
96372,47488.777
96373,49000.746
96374,116909.22
96375,117424.7
96376,135566.25
96377,177113.42
96378,46785.69
96379,127435.375
96380,171653.03
96381,118782.86
96382,48379.465
96383,45133.117
96384,134728.6
96385,52139.203
96386,112691.1
96387,108697.234
96388,98173.94
96389,45542.07
96390,104498.984
96391,122133.71
96392,50142.89
96393,115486.73
96394,115519.54
96395,129097.734
96396,139345.39
96397,49606.55
96398,108704.664
96399,133525.0
96400,136814.55
96401,43298.04
96402,46177.965
96403,49914.715
96404,117510.53
96405,128880.97
96406,46139.85
96407,95481.945
96408,46245.45
96409,115305.766
96410,110220.07
96411,102298.94
96412,127299.62
96413,47445.152
96414,129898.63
96415,101929.83
96416,48740.473
96417,151873.44
96418,46508.383
96419,46414.38
96420,89982.28
96421,140757.2
96422,134604.19
96423,90206.29
96424,129525.695
96425,49921.984
96426,126339.34
96427,160911.31
96428,104595.32
96429,139754.86
96430,105532.32
96431,131022.125
96432,174393.28
96433,54667.766
96434,136613.23
96435,57662.215
96436,54213.492
96437,147584.25
96438,50559.234
96439,109111.836
96440,127694.31
96441,139458.22
96442,150729.16
96443,152298.2
96444,101030.27
96445,98174.27
96446,138503.83
96447,124101.164
96448,112382.305
96449,141376.5
96450,113768.69
96451,84127.07
96452,95610.59
96453,112823.03
96454,144651.62
96455,157096.22
96456,128997.484
96457,49215.656
96458,131719.78
96459,113909.734
96460,47775.76
96461,122113.05
96462,50472.984
96463,108802.37
96464,48830.074
96465,79434.01
96466,89955.836
96467,111985.81
96468,136370.61
96469,115235.625
96470,48011.402
96471,131856.89
96472,109572.336
96473,48148.965
96474,59001.64
96475,129811.08
96476,84411.84
96477,134659.86
96478,129878.18
96479,47148.88
96480,129471.09
96481,172094.1
96482,112393.99
96483,113247.11
96484,123453.23
96485,96519.13
96486,107284.21
96487,137802.69
96488,53907.254
96489,55680.49
96490,54993.617
96491,101129.984
96492,122837.56
96493,155697.89
96494,60399.176
96495,110582.414
96496,50805.848
96497,47316.68
96498,95788.36
96499,88961.24
96500,120722.516
96501,103380.445
96502,45406.457
96503,44836.78
96504,119841.18
96505,127542.92
96506,94937.5
96507,91270.52
96508,45891.652
96509,48320.84
96510,39714.01
96511,160613.28
96512,114473.09
96513,46610.938
96514,133087.97
96515,47736.8
96516,46563.727
96517,108095.49
96518,93424.836
96519,144508.25
96520,114014.54
96521,75373.53
96522,134616.75
96523,54130.586
96524,51071.527
96525,109095.57
96526,87227.08
96527,55402.56
96528,122213.25
96529,47072.824
96530,124389.87
96531,112259.13
96532,49678.242
96533,87579.18
96534,87395.42
96535,91276.34
96536,110830.95
96537,85458.15
96538,47952.348
96539,45403.02
96540,132038.73
96541,58345.27
96542,89127.58
96543,167961.94
96544,123105.56
96545,107145.83
96546,132905.28
96547,98149.1
96548,68063.37
96549,133807.36
96550,106419.734
96551,49371.918
96552,124380.195
96553,160977.88
96554,125126.875
96555,115792.69
96556,46909.734
96557,131085.14
96558,48720.703
96559,107968.02
96560,101007.7
96561,49540.613
96562,107186.695
96563,196872.9
96564,172603.75
96565,110337.95
96566,100711.4
96567,128973.734
96568,86914.27
96569,123724.26
96570,52153.785
96571,108833.88
96572,178589.77
96573,133613.81
96574,123749.16
96575,155067.25
96576,42650.42
96577,52245.76
96578,47440.645
96579,51752.805
96580,112691.65
96581,112620.84
96582,36829.418
96583,116175.71
96584,142278.61
96585,63494.426
96586,134143.84
96587,97933.27
96588,51029.336
96589,119752.99
96590,122703.57
96591,48305.824
96592,158254.11
96593,182762.39
96594,99240.13
96595,116251.914
96596,100982.75
96597,106385.21
96598,176693.56
96599,147661.81
96600,100976.29
96601,109786.06
96602,50143.58
96603,174908.97
96604,48196.05
96605,48212.496
96606,54888.66
96607,87153.69
96608,45816.33
96609,49719.89
96610,97808.14
96611,164217.31
96612,102956.15
96613,122928.79
96614,56400.785
96615,123584.336
96616,167578.03
96617,86938.12
96618,54023.38
96619,88069.03
96620,104837.266
96621,48676.715
96622,136051.14
96623,53853.184
96624,121968.664
96625,101539.92
96626,141805.19
96627,109136.34
96628,117998.92
96629,117245.33
96630,64829.2
96631,95969.6
96632,128237.79
96633,144428.86
96634,124406.55
96635,146936.06
96636,101640.6
96637,50060.496
96638,139233.83
96639,46462.16
96640,143160.78
96641,84035.375
96642,96125.8
96643,122362.81
96644,86311.805
96645,126703.51
96646,48652.477
96647,127942.12
96648,112850.336
96649,55304.39
96650,95928.805
96651,135630.06
96652,87881.48
96653,118548.695
96654,163634.83
96655,134673.94
96656,127076.03
96657,98810.33
96658,109352.0
96659,110972.695
96660,52359.64
96661,121948.25
96662,113459.36
96663,151015.72
96664,125280.51
96665,104838.195
96666,114215.42
96667,114057.55
96668,162990.22
96669,125856.875
96670,120935.3
96671,87707.266
96672,36761.723
96673,132631.4
96674,124444.016
96675,118786.484
96676,125295.93
96677,98098.164
96678,46382.566
96679,85546.63
96680,141613.28
96681,54748.027
96682,51598.02
96683,44348.574
96684,105924.6
96685,45725.05
96686,87762.59
96687,121323.984
96688,120074.74
96689,117215.12
96690,50636.426
96691,112660.56
96692,110021.11
96693,162795.56
96694,113349.266
96695,46353.9
96696,109790.016
96697,117965.984
96698,107272.01
96699,52232.008
96700,133487.7
96701,46942.62
96702,122297.734
96703,95458.7
96704,147822.64
96705,137599.33
96706,102651.16
96707,49918.617
96708,109057.59
96709,121224.086
96710,53117.484
96711,41567.363
96712,90579.66
96713,109528.58
96714,114204.61
96715,89453.72
96716,96109.73
96717,128802.055
96718,120693.05
96719,117480.01
96720,89742.11
96721,93763.0
96722,96314.586
96723,42347.895
96724,48216.19
96725,45603.113
96726,57887.21
96727,53782.125
96728,47356.18
96729,48227.812
96730,85118.73
96731,113820.67
96732,144068.58
96733,122745.1
96734,133189.69
96735,131774.94
96736,81396.19
96737,51418.516
96738,116157.5
96739,144521.02
96740,105244.84
96741,117444.875
96742,158176.9
96743,133759.75
96744,121824.82
96745,150859.97
96746,134189.84
96747,46918.883
96748,41050.383
96749,89964.44
96750,94960.46
96751,133914.8
96752,131114.4
96753,49018.55
96754,125874.31
96755,124858.82
96756,106034.164
96757,51744.89
96758,118093.88
96759,133994.14
96760,119853.625
96761,156771.03
96762,52840.496
96763,47605.098
96764,59047.082
96765,50398.906
96766,63327.375
96767,111109.27
96768,93410.59
96769,44266.926
96770,110889.99
96771,113981.305
96772,59616.2
96773,45800.914
96774,83028.055
96775,117824.664
96776,98397.14
96777,120920.55
96778,60136.76
96779,125767.34
96780,129911.72
96781,107442.336
96782,45580.473
96783,145089.27
96784,117484.25
96785,158448.42
96786,113852.85
96787,141785.56
96788,109579.28
96789,86319.234
96790,53521.586
96791,153587.83
96792,125502.33
96793,111743.75
96794,134111.38
96795,96644.64
96796,48021.805
96797,79590.12
96798,65364.91
96799,136621.05
96800,141062.45
96801,102068.86
96802,113065.82
96803,100957.516
96804,114928.06
96805,116994.85
96806,98117.11
96807,106118.81
96808,116778.28
96809,135888.05
96810,103450.48
96811,109756.766
96812,47451.406
96813,133827.69
96814,114745.445
96815,91092.58
96816,96887.16
96817,49540.723
96818,133656.75
96819,127838.45
96820,89419.8
96821,104745.57
96822,149095.47
96823,127298.75
96824,96419.16
96825,120506.65
96826,133536.48
96827,104446.38
96828,127223.875
96829,51653.32
96830,52755.816
96831,46514.355
96832,46841.332
96833,122228.24
96834,49015.723
96835,110340.62
96836,138961.19
96837,130207.22
96838,103643.75
96839,48896.98
96840,46807.906
96841,139548.97
96842,127900.31
96843,54363.22
96844,184307.72
96845,178957.94
96846,41324.7
96847,141831.27
96848,212231.7
96849,113623.49
96850,49264.086
96851,117212.93
96852,48779.6
96853,110197.555
96854,131223.86
96855,124737.09
96856,97550.64
96857,118019.26
96858,107121.07
96859,150637.45
96860,216337.34
96861,108111.39
96862,145294.45
96863,52506.76
96864,127028.26
96865,121523.2
96866,155875.9
96867,132213.53
96868,163161.44
96869,100700.64
96870,59697.19
96871,101846.0
96872,59805.004
96873,88315.68
96874,95874.734
96875,141742.08
96876,46737.227
96877,93695.38
96878,50134.72
96879,110737.69
96880,77458.42
96881,137537.17
96882,53187.938
96883,57424.977
96884,95928.805
96885,108797.72
96886,106452.766
96887,47616.715
96888,82324.766
96889,51444.625
96890,126688.04
96891,54029.17
96892,122996.42
96893,48236.094
96894,86861.68
96895,104523.164
96896,48815.08
96897,63067.918
96898,155579.4
96899,49988.367
96900,97715.78
96901,86411.555
96902,112670.45
96903,120259.055
96904,93048.164
96905,121280.07
96906,166770.02
96907,152759.88
96908,133623.1
96909,133350.11
96910,45019.812
96911,108288.92
96912,126058.41
96913,101124.71
96914,115764.94
96915,139547.34
96916,49710.59
96917,51781.71
96918,55500.26
96919,131806.7
96920,124225.664
96921,45449.59
96922,100898.83
96923,121695.39
96924,52187.113
96925,113928.516
96926,100910.15
96927,49598.125
96928,46894.586
96929,106354.04
96930,104885.41
96931,72943.14
96932,111702.84
96933,48186.594
96934,55226.57
96935,129314.086
96936,140192.12
96937,47224.594
96938,102562.47
96939,146256.61
96940,65050.457
96941,118795.76
96942,95890.266
96943,119091.33
96944,101315.836
96945,119242.53
96946,104482.14
96947,51914.92
96948,121730.68
96949,109404.41
96950,43234.992
96951,130381.2
96952,121602.88
96953,44434.438
96954,119187.29
96955,47335.035
96956,114876.54
96957,99524.53
96958,113875.71
96959,49385.223
96960,110262.45
96961,98216.57
96962,163744.64
96963,180843.48
96964,173178.34
96965,61265.965
96966,117098.086
96967,62708.863
96968,61045.004
96969,112065.38
96970,99308.04
96971,156252.2
96972,45640.887
96973,132895.02
96974,117018.66
96975,93738.14
96976,80756.0
96977,116627.14
96978,61371.36
96979,47298.793
96980,131387.84
96981,107787.125
96982,119537.11
96983,45862.723
96984,143762.67
96985,51657.215
96986,108914.11
96987,85913.72
96988,40943.355
96989,49875.316
96990,122254.64
96991,108517.06
96992,111213.48
96993,121424.06
96994,121415.11
96995,94976.22
96996,96196.37
96997,81249.78
96998,110498.33
96999,42704.746
97000,123207.11
97001,108694.96
97002,122735.08
97003,104607.3
97004,137156.22
97005,187791.3
97006,103646.766
97007,46308.277
97008,119354.94
97009,104446.805
97010,146342.28
97011,125980.71
97012,112367.12
97013,127580.64
97014,83078.09
97015,178460.67
97016,110549.91
97017,45047.246
97018,91622.25
97019,121756.28
97020,129606.7
97021,178819.28
97022,127882.77
97023,48580.06
97024,50976.293
97025,107201.96
97026,54521.79
97027,49507.97
97028,111938.875
97029,109733.11
97030,131050.12
97031,135575.39
97032,134359.77
97033,115521.484
97034,107401.516
97035,131100.25
97036,119922.48
97037,134996.4
97038,53610.43
97039,45664.566
97040,118497.64
97041,97163.03
97042,103759.73
97043,109429.85
97044,120263.484
97045,105529.69
97046,91310.81
97047,49066.742
97048,111551.48
97049,109134.64
97050,105937.96
97051,103872.14
97052,119497.26
97053,127275.18
97054,97596.07
97055,59354.293
97056,111071.46
97057,175379.12
97058,132839.28
97059,54785.39
97060,46383.508
97061,120764.7
97062,45892.625
97063,99429.28
97064,134974.38
97065,101518.81
97066,82743.42
97067,126158.48
97068,134447.94
97069,47816.086
97070,115601.15
97071,40747.4
97072,131541.72
97073,97862.234
97074,116684.2
97075,58240.2
97076,95928.805
97077,122450.78
97078,125545.44
97079,124946.97
97080,66853.36
97081,51212.5
97082,124845.97
97083,119253.97
97084,145646.3
97085,54597.47
97086,135072.48
97087,108129.1
97088,112931.07
97089,105700.12
97090,130185.82
97091,145520.2
97092,45351.4
97093,111830.555
97094,58902.473
97095,107489.8
97096,66340.84
97097,47103.953
97098,136570.14
97099,45933.23
97100,88639.33
97101,43641.766
97102,98983.19
97103,50732.133
97104,125070.125
97105,137366.23
97106,123123.57
97107,103569.47
97108,49914.535
97109,93888.03
97110,49076.23
97111,137429.89
97112,105219.71
97113,45043.477
97114,146749.38
97115,151479.28
97116,108418.8
97117,65761.11
97118,48311.754
97119,108690.29
97120,128605.34
97121,142828.73
97122,41953.242
97123,121051.42
97124,50481.207
97125,48263.656
97126,103351.3
97127,55843.04
97128,90479.36
97129,93142.82
97130,47211.84
97131,56052.83
97132,113966.945
97133,164765.6
97134,118623.555
97135,132404.45
97136,50744.473
97137,142964.02
97138,52806.06
97139,85775.695
97140,87069.4
97141,132641.64
97142,55065.33
97143,47216.637
97144,175901.88
97145,139701.16
97146,145355.95
97147,114710.72
97148,99278.5
97149,129372.734
97150,115130.09
97151,148546.72
97152,49131.516
97153,147322.02
97154,113025.88
97155,40640.332
97156,116949.88
97157,170035.06
97158,42519.953
97159,49598.125
97160,133350.75
97161,52694.895
97162,141496.97
97163,88958.57
97164,121358.586
97165,133491.97
97166,118848.37
97167,125220.805
97168,100578.67
97169,85464.6
97170,45732.09
97171,132474.78
97172,142448.14
97173,52246.41
97174,121354.76
97175,147110.23
97176,162674.28
97177,51193.92
97178,180616.2
97179,42470.703
97180,135972.83
97181,51724.75
97182,123008.42
97183,45036.22
97184,118416.836
97185,159090.58
97186,118635.13
97187,111777.11
97188,103775.445
97189,165828.6
97190,127707.234
97191,105487.234
97192,132182.75
97193,45085.516
97194,52011.445
97195,62255.555
97196,153990.52
97197,157977.73
97198,179932.45
97199,101771.58
97200,99045.43
97201,54210.42
97202,172580.14
97203,126323.26
97204,95612.5
97205,95728.86
97206,43186.44
97207,98599.21
97208,114168.48
97209,46814.523
97210,166469.81
97211,55086.676
97212,108511.88
97213,53306.117
97214,83983.2
97215,44582.996
97216,121240.09
97217,107126.86
97218,52024.996
97219,120300.71
97220,50207.53
97221,104127.74
97222,61744.184
97223,111557.125
97224,147758.7
97225,47705.27
97226,44996.69
97227,87945.5
97228,54877.1
97229,147625.95
97230,126748.945
97231,48921.125
97232,50393.367
97233,114155.43
97234,158630.97
97235,107083.05
97236,125299.14
97237,101382.87
97238,143317.47
97239,51965.082
97240,93560.08
97241,106123.73
97242,53633.977
97243,127547.25
97244,109002.984
97245,123827.81
97246,55349.66
97247,127027.59
97248,46290.703
97249,118366.73
97250,105648.13
97251,51991.266
97252,105888.82
97253,91373.81
97254,149031.2
97255,150728.3
97256,45542.07
97257,116460.695
97258,117311.43
97259,54263.742
97260,49141.574
97261,46591.727
97262,162200.06
97263,125415.72
97264,68464.65
97265,47753.574
97266,126910.87
97267,48693.758
97268,93910.266
97269,48559.28
97270,129311.12
97271,124204.83
97272,144624.4
97273,101435.48
97274,118478.805
97275,123034.49
97276,48929.105
97277,136472.1
97278,140441.73
97279,95435.41
97280,113582.76
97281,123307.67
97282,44530.16
97283,97563.08
97284,41169.043
97285,56013.09
97286,46590.1
97287,180642.73
97288,102487.695
97289,119092.055
97290,54678.508
97291,57737.047
97292,50832.438
97293,132249.36
97294,55326.082
97295,87374.305
97296,111758.24
97297,109527.4
97298,103680.67
97299,135624.6
97300,108895.5
97301,121029.414
97302,131448.44
97303,90657.39
97304,107423.1
97305,91870.445
97306,143638.25
97307,118887.11
97308,132699.36
97309,52871.55
97310,151485.22
97311,144858.8
97312,147081.02
97313,51914.92
97314,117469.016
97315,113594.664
97316,131814.81
97317,137349.12
97318,127289.875
97319,139040.7
97320,146568.67
97321,115009.18
97322,139785.97
97323,108949.375
97324,118243.1
97325,90797.35
97326,91838.625
97327,48578.59
97328,47341.145
97329,45747.65
97330,134850.36
97331,94722.92
97332,119803.664
97333,57308.035
97334,107337.43
97335,57835.938
97336,47683.14
97337,135718.75
97338,45707.043
97339,107937.664
97340,141374.58
97341,142896.47
97342,153354.58
97343,48073.84
97344,100715.14
97345,134502.45
97346,123487.43
97347,97989.3
97348,178804.42
97349,132983.39
97350,116339.73
97351,145251.39
97352,49688.973
97353,157147.67
97354,127005.99
97355,116890.62
97356,124513.66
97357,156859.83
97358,116641.0
97359,53003.355
97360,68531.266
97361,150883.22
97362,105284.21
97363,110621.37
97364,43800.28
97365,107236.07
97366,91026.03
97367,121972.64
97368,47939.492
97369,129516.01
97370,49605.94
97371,122625.445
97372,123999.734
97373,190266.89
97374,51949.46
97375,140039.0
97376,99612.414
97377,48069.99
97378,53989.293
97379,121157.77
97380,127121.914
97381,139458.22
97382,156416.23
97383,79741.586
97384,134346.47
97385,186550.02
97386,182199.72
97387,82324.766
97388,110157.67
97389,53387.3
97390,134755.02
97391,58338.715
97392,45413.71
97393,101917.02
97394,135188.86
97395,107135.42
97396,128490.375
97397,117140.93
97398,128875.91
97399,56822.844
97400,122650.44
97401,102749.43
97402,110668.31
97403,96778.34
97404,84180.42
97405,47065.92
97406,89220.586
97407,111571.75
97408,130157.87
97409,93607.2
97410,113750.06
97411,145560.36
97412,79821.36
97413,53347.79
97414,67200.055
97415,122945.97
97416,128543.695
97417,106124.04
97418,44647.305
97419,98269.7
97420,46988.637
97421,83222.3
97422,142723.95
97423,125702.125
97424,101668.945
97425,53233.0
97426,101450.59
97427,45540.086
97428,47806.21
97429,121085.54
97430,52233.6
97431,57651.035
97432,110178.31
97433,47000.99
97434,110583.64
97435,102934.22
97436,123568.37
97437,105662.2
97438,49041.004
97439,123953.195
97440,101107.234
97441,48756.383
97442,112107.59
97443,123356.75
97444,54441.344
97445,122393.63
97446,164447.78
97447,46101.523
97448,99592.42
97449,105501.14
97450,107218.57
97451,50545.49
97452,44803.36
97453,117325.29
97454,92273.664
97455,118716.6
97456,50365.176
97457,109904.09
97458,90740.58
97459,70180.54
97460,137679.67
97461,49447.195
97462,128442.84
97463,146297.5
97464,103433.09
97465,162260.5
97466,159766.73
97467,143007.81
97468,93566.37
97469,95112.96
97470,165644.98
97471,115587.37
97472,44773.297
97473,88833.875
97474,56028.957
97475,124280.52
97476,51436.23
97477,110979.336
97478,46877.766
97479,108615.46
97480,57577.715
97481,58228.816
97482,125237.68
97483,104038.21
97484,116649.93
97485,91171.83
97486,65409.35
97487,126308.6
97488,111964.555
97489,144556.77
97490,111020.58
97491,56719.555
97492,77516.92
97493,124355.09
97494,153650.78
97495,86393.266
97496,89658.96
97497,46944.82
97498,99005.414
97499,88710.42
97500,150259.92
97501,111676.56
97502,87407.69
97503,42233.445
97504,48637.53
97505,66758.28
97506,90428.25
97507,156644.27
97508,106752.98
97509,139552.56
97510,191994.81
97511,97753.18
97512,142711.56
97513,130070.91
97514,54273.547
97515,126090.18
97516,55691.73
97517,116864.75
97518,137088.52
97519,101342.555
97520,46841.6
97521,141040.45
97522,45321.844
97523,95890.266
97524,104322.01
97525,99078.805
97526,141120.02
97527,48778.3
97528,91035.984
97529,49043.566
97530,80318.414
97531,112549.41
97532,87378.61
97533,121997.01
97534,45296.004
97535,52139.777
97536,132207.03
97537,164602.42
97538,118056.63
97539,132498.56
97540,131680.66
97541,145598.64
97542,132981.52
97543,136924.0
97544,44474.01
97545,121748.164
97546,120496.62
97547,125540.734
97548,111745.516
97549,98646.74
97550,105391.02
97551,53395.61
97552,49191.133
97553,110115.93
97554,117627.23
97555,57001.094
97556,97985.34
97557,48038.266
97558,46650.523
97559,129797.53
97560,119671.45
97561,103761.89
97562,49233.496
97563,173965.08
97564,135573.47
97565,52394.29
97566,124229.766
97567,63030.68
97568,47096.324
97569,47127.99
97570,86028.44
97571,49590.543
97572,45120.527
97573,125384.71
97574,106010.98
97575,50122.91
97576,47601.895
97577,49289.484
97578,89736.125
97579,70329.805
97580,95095.63
97581,50199.793
97582,121245.82
97583,116773.9
97584,85658.72
97585,136768.2
97586,95658.94
97587,107989.02
97588,162991.17
97589,66592.125
97590,122126.06
97591,49589.69
97592,99002.17
97593,108708.62
97594,131001.14
97595,84127.07
97596,49706.758
97597,95083.82
97598,61768.094
97599,53000.76
97600,46887.51
97601,50777.406
97602,60332.18
97603,82700.12
97604,41665.465
97605,144167.81
97606,103273.43
97607,122365.65
97608,57103.66
97609,129775.836
97610,155328.67
97611,46831.465
97612,109134.195
97613,56065.79
97614,120574.47
97615,91378.445
97616,48103.664
97617,67447.09
97618,92447.984
97619,149031.5
97620,44412.06
97621,46814.523
97622,51777.76
97623,54841.566
97624,113002.36
97625,123505.99
97626,103226.266
97627,116952.484
97628,110775.414
97629,52132.49
97630,108273.984
97631,45986.676
97632,168981.28
97633,137581.08
97634,179670.05
97635,101909.336
97636,46012.766
97637,107846.44
97638,118567.01
97639,48010.586
97640,119112.56
97641,47916.59
97642,100084.086
97643,111992.86
97644,127476.8
97645,195468.11
97646,59679.066
97647,112557.63
97648,98071.27
97649,43969.633
97650,47374.56
97651,117625.016
97652,162660.17
97653,50102.746
97654,125801.2
97655,135869.78
97656,124156.11
97657,49698.375
97658,49589.023
97659,106887.914
97660,206536.89
97661,149147.08
97662,109866.78
97663,115755.08
97664,133297.69
97665,115910.81
97666,107616.31
97667,119109.13
97668,60408.63
97669,122655.81
97670,91243.47
97671,55216.945
97672,117188.85
97673,95647.375
97674,48795.188
97675,121490.125
97676,51010.22
97677,115564.47
97678,116701.59
97679,48138.98
97680,85588.7
97681,45118.61
97682,135397.7
97683,110408.17
97684,84020.61
97685,47920.99
97686,129048.055
97687,105296.445
97688,132540.45
97689,122197.945
97690,130287.33
97691,45031.0
97692,44563.508
97693,103837.016
97694,60988.613
97695,136107.1
97696,128083.125
97697,189000.47
97698,51916.617
97699,46342.113
97700,48479.297
97701,44098.715
97702,108981.22
97703,85886.94
97704,50175.645
97705,105029.63
97706,98098.164
97707,114202.56
97708,117018.97
97709,140972.73
97710,123485.29
97711,140752.27
97712,51080.113
97713,106292.74
97714,142639.83
97715,93793.79
97716,166725.33
97717,69610.71
97718,108398.18
97719,115156.71
97720,120594.484
97721,48444.98
97722,154369.81
97723,89593.38
97724,108719.94
97725,110586.11
97726,86938.12
97727,183676.39
97728,102364.1
97729,42981.28
97730,94825.67
97731,127317.87
97732,101893.31
97733,115855.86
97734,105379.71
97735,62714.207
97736,43974.332
97737,50005.613
97738,47863.2
97739,48625.95
97740,59447.07
97741,111363.13
97742,117970.305
97743,93472.2
97744,149986.56
97745,58310.824
97746,50189.37
97747,138022.16
97748,53576.28
97749,111898.46
97750,33122.406
97751,133921.73
97752,53699.652
97753,153269.78
97754,107989.836
97755,123198.734
97756,139558.33
97757,45126.78
97758,49062.64
97759,103123.36
97760,124945.56
97761,121197.22
97762,137829.0
97763,122225.45
97764,48355.215
97765,128315.15
97766,100185.305
97767,162839.34
97768,155439.06
97769,52392.273
97770,161168.55
97771,49208.184
97772,101236.19
97773,137580.75
97774,48899.91
97775,135240.22
97776,52048.008
97777,56473.49
97778,110161.13
97779,94172.875
97780,93855.87
97781,149873.47
97782,118762.17
97783,162448.2
97784,48415.42
97785,107168.22
97786,103675.375
97787,101423.086
97788,46777.387
97789,126759.98
97790,94281.32
97791,141450.92
97792,100331.65
97793,52429.85
97794,47619.23
97795,54531.336
97796,94027.516
97797,55469.445
97798,99691.13
97799,53470.594
97800,139457.23
97801,126548.97
97802,91468.93
97803,149400.58
97804,177365.95
97805,90358.61
97806,52383.117
97807,94343.64
97808,111922.88
97809,48481.6
97810,49532.875
97811,122918.84
97812,159887.69
97813,121843.68
97814,85935.15
97815,47488.14
97816,105529.69
97817,118922.97
97818,137212.61
97819,103505.375
97820,63459.223
97821,93910.266
97822,97956.04
97823,136020.89
97824,98098.164
97825,114468.46
97826,124258.65
97827,77941.49
97828,136027.17
97829,190906.42
97830,89238.234
97831,44546.984
97832,52269.734
97833,47456.734
97834,133039.98
97835,56410.24
97836,154894.4
97837,106503.914
97838,138733.02
97839,112609.86
97840,138664.78
97841,122754.71
97842,73598.89
97843,48725.324
97844,109508.555
97845,106637.3
97846,92486.164
97847,139540.7
97848,118208.24
97849,53838.875
97850,50179.17
97851,46636.504
97852,116736.26
97853,124900.89
97854,50243.23
97855,129956.555
97856,131745.83
97857,116527.0
97858,52953.816
97859,102971.38
97860,112898.055
97861,149841.38
97862,118065.35
97863,48484.277
97864,100688.44
97865,58077.312
97866,99831.71
97867,43728.023
97868,47885.44
97869,91394.89
97870,106178.06
97871,113409.586
97872,144362.98
97873,141748.4
97874,124277.66
97875,106287.44
97876,136009.67
97877,126030.086
97878,96970.3
97879,133925.31
97880,122376.23
97881,53177.105
97882,99747.484
97883,89040.945
97884,132116.69
97885,112903.164
97886,153254.9
97887,124630.84
97888,155519.06
97889,103918.51
97890,98647.516
97891,90368.086
97892,114490.39
97893,47409.406
97894,151775.9
97895,54788.586
97896,129694.02
97897,51625.34
97898,134264.73
97899,48779.08
97900,92138.09
97901,149716.88
97902,114313.95
97903,98401.44
97904,46579.215
97905,49858.742
97906,99384.41
97907,52228.074
97908,155102.0
97909,113404.27
97910,45346.426
97911,45294.86
97912,51916.77
97913,47988.312
97914,92806.45
97915,87596.04
97916,115480.97
97917,51996.184
97918,81463.82
97919,124347.25
97920,119422.52
97921,48687.69
97922,45469.848
97923,152100.98
97924,196929.22
97925,60896.14
97926,121456.555
97927,50118.68
97928,47207.777
97929,48321.78
97930,54095.848
97931,109829.72
97932,146240.84
97933,96320.45
97934,136828.12
97935,47170.68
97936,53039.086
97937,92267.5
97938,136478.56
97939,49533.58
97940,49070.926
97941,157823.8
97942,54116.273
97943,54020.14
97944,128003.53
97945,108983.96
97946,102251.336
97947,46012.766
97948,98504.26
97949,43686.25
97950,136331.77
97951,100700.64
97952,94540.15
97953,49152.33
97954,46282.258
97955,113108.99
97956,123056.65
97957,111310.164
97958,122342.414
97959,140053.16
97960,100694.82
97961,47298.793
97962,54652.438
97963,51886.3
97964,122026.22
97965,86720.13
97966,91373.81
97967,119174.55
97968,78198.195
97969,115416.03
97970,100560.56
97971,89736.125
97972,75220.12
97973,29305.998
97974,124501.12
97975,85775.695
97976,98066.75
97977,59686.586
97978,141351.28
97979,149638.97
97980,115001.42
97981,118973.984
97982,131387.88
97983,136452.86
97984,148898.92
97985,50673.582
97986,63692.996
97987,138920.83
97988,116951.46
97989,132102.34
97990,84717.54
97991,115090.48
97992,49890.46
97993,132175.47
97994,44548.867
97995,47158.812
97996,50864.86
97997,166999.12
97998,50065.844
97999,87722.44
98000,53370.266
98001,172342.97
98002,146450.28
98003,49905.688
98004,132015.77
98005,52891.367
98006,120562.28
98007,144588.3
98008,123596.57
98009,132477.83
98010,103907.73
98011,134230.11
98012,77954.5
98013,106398.05
98014,55789.0
98015,127097.88
98016,146151.95
98017,45467.438
98018,47427.39
98019,138090.02
98020,296075.25
98021,125589.98
98022,136415.34
98023,96937.43
98024,113069.18
98025,114125.84
98026,151303.52
98027,116195.87
98028,108101.266
98029,105391.53
98030,124460.03
98031,57931.59
98032,40917.1
98033,127818.3
98034,130462.4
98035,118341.04
98036,58025.42
98037,138180.06
98038,54300.777
98039,139961.0
98040,56701.33
98041,49415.297
98042,152702.67
98043,127563.58
98044,137992.25
98045,53795.727
98046,90214.19
98047,56303.97
98048,100160.58
98049,113322.414
98050,47699.23
98051,97968.98
98052,119636.6
98053,46503.414
98054,166755.6
98055,100855.97
98056,52681.867
98057,50273.754
98058,116135.02
98059,93325.266
98060,49321.04
98061,67129.125
98062,48458.18
98063,57227.457
98064,123802.46
98065,141422.7
98066,146226.28
98067,52193.457
98068,150462.77
98069,139855.88
98070,49585.785
98071,114007.67
98072,113979.04
98073,57596.09
98074,135307.86
98075,128179.2
98076,132256.14
98077,48707.66
98078,48504.848
98079,56813.637
98080,93458.97
98081,147197.92
98082,120986.87
98083,49279.617
98084,51580.82
98085,123099.63
98086,123835.97
98087,52197.098
98088,126648.53
98089,48569.277
98090,144168.0
98091,142031.56
98092,106718.484
98093,52416.617
98094,54835.105
98095,93127.43
98096,117939.88
98097,52045.73
98098,127103.7
98099,50514.27
98100,127094.81
98101,94221.42
98102,52161.95
98103,57177.152
98104,108663.0
98105,53896.285
98106,102639.484
98107,112638.99
98108,95645.89
98109,107957.12
98110,111442.55
98111,47935.293
98112,47389.273
98113,87242.99
98114,40105.49
98115,152901.88
98116,129096.16
98117,51810.496
98118,138261.94
98119,50464.504
98120,143252.77
98121,161988.11
98122,49492.695
98123,145801.22
98124,51194.387
98125,53419.203
98126,51271.992
98127,113817.55
98128,103764.53
98129,53992.074
98130,34808.543
98131,46280.42
98132,125914.67
98133,90873.57
98134,125150.49
98135,109121.24
98136,49881.043
98137,101711.305
98138,58943.457
98139,105311.81
98140,128269.22
98141,45862.723
98142,134967.08
98143,60978.258
98144,165271.89
98145,101083.63
98146,101083.91
98147,162818.34
98148,141947.1
98149,105874.586
98150,162247.11
98151,162168.23
98152,95647.4
98153,105617.14
98154,134880.73
98155,56718.695
98156,151942.8
98157,111903.42
98158,95083.82
98159,90236.67
98160,113196.89
98161,119366.445
98162,142413.97
98163,130715.27
98164,53418.676
98165,152753.42
98166,132019.52
98167,148573.23
98168,135867.11
98169,144104.9
98170,134264.94
98171,127796.47
98172,117599.98
98173,42659.137
98174,51428.117
98175,49678.242
98176,111990.52
98177,120833.125
98178,47011.566
98179,48245.664
98180,54670.492
98181,117775.85
98182,158748.55
98183,140753.6
98184,51474.496
98185,55005.723
98186,84237.1
98187,97599.12
98188,115037.375
98189,41758.645
98190,128939.86
98191,49863.355
98192,86206.37
98193,54678.86
98194,44770.875
98195,52422.957
98196,132404.45
98197,52544.574
98198,112365.93
98199,87795.555
98200,63099.22
98201,45786.543
98202,90873.57
98203,128426.17
98204,106369.664
98205,130379.71
98206,50399.992
98207,54831.258
98208,50120.66
98209,119275.375
98210,61156.973
98211,59119.688
98212,45466.305
98213,44207.344
98214,146692.23
98215,124841.88
98216,139152.97
98217,45276.297
98218,70994.99
98219,117267.445
98220,130398.38
98221,168060.5
98222,50254.918
98223,118634.52
98224,130500.15
98225,50274.613
98226,53169.785
98227,91625.25
98228,100506.195
98229,131639.73
98230,101084.32
98231,130990.414
98232,147150.53
98233,48951.35
98234,49730.117
98235,103764.35
98236,105098.98
98237,55346.465
98238,48369.207
98239,148380.64
98240,52125.32
98241,103943.625
98242,106620.14
98243,100282.63
98244,43556.203
98245,113464.05
98246,51295.977
98247,197274.39
98248,99116.75
98249,53784.69
98250,53005.996
98251,51970.406
98252,112529.75
98253,121158.15
98254,55241.676
98255,48589.4
98256,136992.52
98257,122684.98
98258,92836.89
98259,135630.06
98260,48747.746
98261,84752.2
98262,119295.16
98263,58825.65
98264,125300.445
98265,95150.7
98266,50778.45
98267,97898.71
98268,91779.555
98269,117283.09
98270,115209.3
98271,98707.22
98272,175276.28
98273,160104.6
98274,96733.086
98275,129868.61
98276,91460.27
98277,88426.8
98278,102617.445
98279,146098.7
98280,48185.242
98281,109676.47
98282,105740.02
98283,51608.1
98284,126447.61
98285,137259.39
98286,45195.766
98287,86028.164
98288,79821.36
98289,112104.06
98290,120440.93
98291,51917.508
98292,42307.504
98293,134243.9
98294,131802.02
98295,49321.04
98296,99429.28
98297,135255.25
98298,127102.5
98299,46606.645
98300,128343.29
98301,108566.39
98302,92250.27
98303,129134.49
98304,52088.883
98305,69227.875
98306,50829.758
98307,142302.69
98308,46948.715
98309,46538.39
98310,113374.34
98311,52832.01
98312,113289.71
98313,108978.555
98314,49739.99
98315,105870.305
98316,112847.8
98317,53175.46
98318,166372.97
98319,48320.45
98320,47254.316
98321,99862.45
98322,143577.03
98323,100757.63
98324,54414.344
98325,130526.13
98326,115208.42
98327,51358.95
98328,135342.02
98329,148611.77
98330,45529.086
98331,47441.34
98332,133246.6
98333,116960.04
98334,43472.51
98335,57735.168
98336,112765.85
98337,138895.7
98338,114322.766
98339,126587.73
98340,99946.37
98341,96836.586
98342,141069.45
98343,53055.062
98344,48143.066
98345,47615.23
98346,154449.94
98347,52215.64
98348,123570.6
98349,44931.78
98350,113698.83
98351,112717.69
98352,171005.06
98353,49124.074
98354,57393.09
98355,100732.07
98356,100694.82
98357,54822.758
98358,50044.15
98359,100745.4
98360,131438.67
98361,141323.69
98362,108230.734
98363,148504.36
98364,67546.414
98365,176767.95
98366,50154.684
98367,132380.02
98368,104591.336
98369,92442.47
98370,91451.85
98371,124133.41
98372,53242.52
98373,121131.99
98374,100128.88
98375,46524.453
98376,117078.625
98377,124992.1
98378,135290.64
98379,130197.54
98380,129682.625
98381,51672.652
98382,83926.27
98383,108653.234
98384,200859.97
98385,111361.164
98386,56220.32
98387,93925.15
98388,106888.69
98389,50406.184
98390,55594.938
98391,54536.414
98392,105469.51
98393,134067.64
98394,129712.66
98395,109598.836
98396,52712.62
98397,127320.055
98398,136459.44
98399,47725.36
98400,49435.133
98401,100121.8
98402,51091.508
98403,190905.06
98404,136138.44
98405,51365.848
98406,174153.33
98407,104244.78
98408,56128.39
98409,47343.938
98410,44992.055
98411,112425.57
98412,122995.76
98413,115625.25
98414,41769.992
98415,50161.15
98416,152302.11
98417,49240.258
98418,129897.27
98419,116036.266
98420,49860.027
98421,126853.65
98422,118316.67
98423,109605.66
98424,48242.785
98425,122510.32
98426,141031.19
98427,126156.07
98428,123713.47
98429,135326.33
98430,122563.21
98431,58436.496
98432,50488.74
98433,133229.42
98434,117181.83
98435,47821.76
98436,51114.11
98437,46423.96
98438,133631.66
98439,55257.54
98440,171412.4
98441,100614.56
98442,112290.25
98443,100962.484
98444,108242.23
98445,121898.39
98446,43183.973
98447,54654.887
98448,57645.54
98449,46801.98
98450,99686.22
98451,153351.7
98452,137056.53
98453,61831.523
98454,139196.72
98455,49069.848
98456,52208.516
98457,115463.99
98458,42317.15
98459,118016.96
98460,143720.31
98461,142090.95
98462,114542.68
98463,52746.72
98464,118839.59
98465,97455.805
98466,51607.004
98467,48404.06
98468,100014.23
98469,169726.0
98470,127480.36
98471,62764.664
98472,111975.83
98473,62937.63
98474,120441.53
98475,109638.08
98476,131544.98
98477,54114.773
98478,50610.137
98479,105171.055
98480,135236.69
98481,44855.89
98482,100095.734
98483,52067.402
98484,119033.22
98485,53152.836
98486,132776.14
98487,53202.195
98488,127569.64
98489,50991.16
98490,123589.59
98491,58139.57
98492,53196.234
98493,115480.97
98494,50883.188
98495,171765.9
98496,132725.33
98497,116112.62
98498,102268.92
98499,109436.2
98500,53825.945
98501,111123.65
98502,104145.63
98503,109271.71
98504,45471.098
98505,93601.89
98506,147875.39
98507,117407.555
98508,142278.9
98509,97168.45
98510,93974.92
98511,109643.58
98512,50480.89
98513,113809.46
98514,156953.16
98515,133768.23
98516,151049.61
98517,190403.98
98518,136615.58
98519,141755.98
98520,126959.93
98521,122532.87
98522,44918.26
98523,49858.816
98524,96532.375
98525,115152.875
98526,121330.07
98527,53662.223
98528,155126.25
98529,48456.977
98530,48435.242
98531,107550.71
98532,53125.297
98533,42059.004
98534,134165.06
98535,61128.33
98536,51493.574
98537,122167.11
98538,50389.89
98539,54119.926
98540,105741.086
98541,119754.17
98542,48493.08
98543,110825.86
98544,94674.98
98545,59869.496
98546,127887.875
98547,119298.15
98548,102263.93
98549,112773.164
98550,102508.65
98551,45983.273
98552,85028.83
98553,116194.2
98554,46325.652
98555,113147.45
98556,158825.16
98557,52320.31
98558,90627.945
98559,50633.855
98560,104024.85
98561,126950.21
98562,42295.99
98563,95538.38
98564,122355.07
98565,111744.35
98566,146455.44
98567,125995.55
98568,44606.742
98569,89156.95
98570,43403.617
98571,173821.1
98572,128862.13
98573,111222.84
98574,154062.17
98575,103019.234
98576,136643.11
98577,106955.15
98578,107367.76
98579,49661.027
98580,75068.53
98581,84350.01
98582,121146.37
98583,85395.36
98584,49738.934
98585,91207.36
98586,117203.66
98587,191354.33
98588,129731.29
98589,149877.53
98590,48220.64
98591,124890.79
98592,146200.45
98593,69378.016
98594,64709.79
98595,46752.605
98596,180559.69
98597,102986.57
98598,124810.25
98599,117155.12
98600,60445.45
98601,103748.836
98602,48059.97
98603,124076.945
98604,47966.42
98605,105763.46
98606,46986.82
98607,151908.03
98608,141318.25
98609,180859.25
98610,137077.75
98611,139561.42
98612,49236.25
98613,123384.89
98614,121655.734
98615,117462.07
98616,153646.64
98617,47223.848
98618,108057.85
98619,146523.78
98620,132209.67
98621,125229.914
98622,155319.9
98623,55143.96
98624,111643.94
98625,125464.73
98626,159617.73
98627,49240.453
98628,111384.67
98629,88771.65
98630,108366.73
98631,53716.94
98632,105142.65
98633,108978.555
98634,52487.996
98635,49294.27
98636,110058.83
98637,41162.137
98638,138428.8
98639,103122.17
98640,111189.74
98641,115153.57
98642,49578.957
98643,49319.33
98644,47939.492
98645,109556.7
98646,127834.836
98647,131939.9
98648,51430.098
98649,46560.527
98650,81528.66
98651,130672.99
98652,47664.402
98653,50007.363
98654,153127.7
98655,124512.39
98656,48463.113
98657,51653.793
98658,126844.64
98659,113842.49
98660,57653.38
98661,127385.08
98662,144119.22
98663,44825.95
98664,114330.28
98665,46807.906
98666,42417.027
98667,87064.47
98668,39047.98
98669,108837.99
98670,51708.137
98671,55888.023
98672,118891.984
98673,119363.12
98674,56805.44
98675,169275.3
98676,45475.69
98677,60527.47
98678,159937.95
98679,129854.13
98680,45112.484
98681,88645.21
98682,59472.31
98683,105279.05
98684,112736.4
98685,49227.977
98686,136038.28
98687,49844.645
98688,134354.12
98689,56123.414
98690,129768.3
98691,49240.258
98692,131706.45
98693,152410.28
98694,45909.55
98695,115686.22
98696,106417.35
98697,120679.75
98698,107964.92
98699,110063.76
98700,90473.69
98701,136954.28
98702,89419.8
98703,106171.45
98704,115777.73
98705,131962.25
98706,123388.1
98707,118397.86
98708,117308.52
98709,46286.387
98710,44832.11
98711,173638.42
98712,152549.9
98713,133166.5
98714,59002.203
98715,118452.086
98716,44907.23
98717,106963.52
98718,89159.69
98719,132135.9
98720,112759.44
98721,48412.367
98722,43833.465
98723,111500.02
98724,131235.95
98725,55212.51
98726,54291.473
98727,124700.91
98728,154108.55
98729,142998.8
98730,50740.387
98731,107917.86
98732,117056.19
98733,110356.88
98734,134871.25
98735,138303.95
98736,107401.516
98737,47457.555
98738,107846.2
98739,48511.04
98740,134404.67
98741,140383.55
98742,140416.75
98743,108350.07
98744,132346.27
98745,116949.79
98746,116678.78
98747,154417.16
98748,55067.09
98749,106015.836
98750,50869.703
98751,102745.65
98752,89430.43
98753,48116.008
98754,170113.44
98755,134208.78
98756,63777.926
98757,127196.305
98758,104878.39
98759,159953.81
98760,48777.836
98761,107491.4
98762,51698.48
98763,108795.8
98764,52353.926
98765,47600.55
98766,108206.77
98767,103322.84
98768,132664.84
98769,142692.88
98770,83464.766
98771,112363.25
98772,52908.83
98773,122506.42
98774,46148.887
98775,126969.27
98776,129603.24
98777,81928.44
98778,128626.23
98779,117522.56
98780,109131.8
98781,139701.39
98782,110668.31
98783,49591.117
98784,109161.32
98785,55689.633
98786,86818.13
98787,161704.78
98788,126863.84
98789,87531.17
98790,46986.82
98791,71688.99
98792,50391.438
98793,88433.93
98794,109047.94
98795,51820.195
98796,56756.965
98797,88058.78
98798,55563.14
98799,98316.53
98800,88941.945
98801,114204.36
98802,99355.31
98803,63663.727
98804,44363.523
98805,112803.6
98806,123442.15
98807,127570.14
98808,49315.504
98809,120767.95
98810,43287.42
98811,132032.38
98812,102081.32
98813,93744.76
98814,120049.95
98815,146723.36
98816,41744.043
98817,50175.285
98818,50648.19
98819,108335.34
98820,130732.766
98821,44470.973
98822,45068.367
98823,96089.586
98824,116826.95
98825,51120.33
98826,136648.38
98827,47923.17
98828,98858.33
98829,44790.39
98830,107381.0
98831,50932.223
98832,93530.3
98833,108304.86
98834,134980.28
98835,134347.14
98836,126111.15
98837,108183.7
98838,122951.55
98839,46012.766
98840,179997.16
98841,143327.3
98842,95962.71
98843,101945.055
98844,46322.957
98845,46650.523
98846,93936.16
98847,113150.57
98848,62356.06
98849,51496.63
98850,108161.484
98851,95652.39
98852,49815.547
98853,78191.86
98854,50126.508
98855,98431.84
98856,139482.3
98857,99211.61
98858,124350.766
98859,59884.266
98860,55728.906
98861,40545.324
98862,136021.83
98863,46126.29
98864,46230.863
98865,81651.39
98866,44956.332
98867,136337.7
98868,53670.25
98869,51635.203
98870,56034.75
98871,39511.99
98872,45300.94
98873,98935.016
98874,45933.797
98875,107077.26
98876,87981.89
98877,50187.77
98878,47149.418
98879,49264.79
98880,51233.496
98881,56394.37
98882,131409.31
98883,141080.03
98884,54633.477
98885,158763.66
98886,118559.63
98887,46629.117
98888,110862.09
98889,86620.43
98890,125547.1
98891,126952.75
98892,45642.914
98893,105591.16
98894,60394.883
98895,47779.98
98896,134005.22
98897,102278.88
98898,110669.82
98899,114225.24
98900,111758.63
98901,100838.734
98902,118620.18
98903,57785.95
98904,49731.715
98905,152567.48
98906,146340.3
98907,117748.7
98908,109886.58
98909,50951.36
98910,159519.83
98911,137170.05
98912,98791.86
98913,58433.074
98914,44766.03
98915,128555.47
98916,108544.305
98917,51068.902
98918,52137.996
98919,126763.21
98920,135614.02
98921,119609.47
98922,62130.86
98923,47555.254
98924,120746.97
98925,48720.703
98926,125890.16
98927,129472.66
98928,67349.27
98929,111740.17
98930,49827.875
98931,50160.06
98932,46164.836
98933,130718.266
98934,105214.805
98935,46404.89
98936,108987.01
98937,48755.406
98938,132772.36
98939,125980.3
98940,111171.41
98941,133981.39
98942,53864.953
98943,91172.84
98944,123363.72
98945,55500.367
98946,89850.92
98947,63945.95
98948,54530.645
98949,44885.945
98950,115678.53
98951,111258.766
98952,51112.45
98953,122031.06
98954,47092.5
98955,104824.64
98956,50523.758
98957,130203.73
98958,132821.95
98959,55892.9
98960,133171.47
98961,110587.875
98962,89264.32
98963,136768.62
98964,77878.39
98965,106740.984
98966,52198.64
98967,107683.71
98968,46659.293
98969,96505.45
98970,105935.46
98971,125476.03
98972,130118.6
98973,107221.26
98974,43222.28
98975,46212.844
98976,111872.414
98977,100210.664
98978,125146.164
98979,134740.94
98980,115153.57
98981,136011.84
98982,50887.375
98983,78271.24
98984,54228.066
98985,48369.207
98986,44730.098
98987,93509.05
98988,51068.902
98989,126904.23
98990,110687.03
98991,117464.86
98992,119381.6
98993,86911.37
98994,45725.312
98995,120755.2
98996,117134.336
98997,47011.6
98998,47159.168
98999,129426.164
99000,172097.16
99001,59131.96
99002,119080.95
99003,135705.69
99004,112809.87
99005,99128.86
99006,139982.25
99007,46190.336
99008,116857.99
99009,50602.617
99010,106585.37
99011,46113.7
99012,114410.32
99013,113895.9
99014,129607.45
99015,110481.67
99016,110430.664
99017,47149.223
99018,133269.06
99019,126501.75
99020,47586.926
99021,45855.523
99022,132229.47
99023,119724.79
99024,138211.3
99025,124422.77
99026,119875.01
99027,54711.637
99028,168279.16
99029,47585.965
99030,153241.23
99031,128945.2
99032,89550.086
99033,133126.66
99034,45762.285
99035,104808.98
99036,151918.11
99037,47789.49
99038,83013.18
99039,106661.0
99040,56847.12
99041,113670.89
99042,131915.25
99043,47024.0
99044,121762.664
99045,100555.32
99046,52077.016
99047,83365.74
99048,41449.95
99049,46103.176
99050,46650.523
99051,95109.72
99052,63157.66
99053,43189.07
99054,102341.45
99055,114552.586
99056,87370.12
99057,53473.535
99058,140136.72
99059,94618.33
99060,115422.69
99061,100002.91
99062,125354.16
99063,121856.28
99064,119559.305
99065,53036.06
99066,88048.23
99067,41168.613
99068,234098.16
99069,41801.598
99070,103941.87
99071,49236.062
99072,47441.34
99073,132619.53
99074,49302.07
99075,128480.66
99076,58756.78
99077,62583.395
99078,116397.46
99079,140855.7
99080,122879.41
99081,48559.28
99082,48847.83
99083,47369.543
99084,100145.57
99085,130432.7
99086,135734.77
99087,57217.34
99088,101894.72
99089,120656.81
99090,116184.79
99091,51328.8
99092,57855.082
99093,47440.645
99094,48598.133
99095,43949.23
99096,155961.88
99097,186925.98
99098,101982.56
99099,100987.92
99100,60443.812
99101,123348.41
99102,50832.617
99103,45783.223
99104,105282.33
99105,42344.816
99106,63111.13
99107,100342.12
99108,45934.867
99109,47177.574
99110,138583.95
99111,53174.797
99112,52412.785
99113,115867.945
99114,136797.77
99115,114204.11
99116,131608.23
99117,62135.67
99118,130101.99
99119,105622.625
99120,110793.35
99121,87312.914
99122,104173.45
99123,131232.7
99124,50352.12
99125,57076.33
99126,86682.65
99127,44738.453
99128,48332.336
99129,48116.008
99130,56673.973
99131,104381.484
99132,165732.67
99133,139616.3
99134,169819.39
99135,174351.14
99136,103735.37
99137,140280.75
99138,113334.125
99139,47828.758
99140,54094.68
99141,96395.24
99142,84260.28
99143,113005.266
99144,113649.305
99145,148505.53
99146,117610.875
99147,131637.25
99148,174856.02
99149,114148.63
99150,134285.39
99151,125251.98
99152,48722.02
99153,97673.24
99154,47724.56
99155,50106.812
99156,132678.75
99157,127095.336
99158,51138.707
99159,94596.914
99160,91268.875
99161,120045.32
99162,139996.77
99163,50253.516
99164,99235.52
99165,122544.12
99166,109842.14
99167,126855.04
99168,106850.12
99169,49196.46
99170,111925.57
99171,139075.17
99172,109681.0
99173,47391.65
99174,106224.79
99175,91779.555
99176,102966.55
99177,132594.55
99178,45623.855
99179,167165.42
99180,43570.645
99181,86500.48
99182,111218.72
99183,122069.46
99184,93526.695
99185,113740.54
99186,108807.97
99187,145794.9
99188,151923.56
99189,50291.67
99190,141894.05
99191,57157.684
99192,58323.83
99193,97573.58
99194,53550.15
99195,50782.56
99196,45510.69
99197,135634.72
99198,49071.73
99199,46616.445
99200,127807.79
99201,49885.742
99202,112819.64
99203,146204.03
99204,46061.004
99205,157791.73
99206,104543.13
99207,124150.01
99208,108418.07
99209,109479.875
99210,138580.6
99211,132726.3
99212,47924.926
99213,116657.45
99214,64757.22
99215,46026.71
99216,42785.465
99217,142143.05
99218,150698.2
99219,163913.02
99220,117576.44
99221,118046.98
99222,85844.266
99223,57833.875
99224,101907.91
99225,174415.5
99226,120293.414
99227,91376.51
99228,102325.66
99229,94548.7
99230,46918.883
99231,48802.383
99232,124357.984
99233,131168.5
99234,124287.64
99235,119203.61
99236,111352.52
99237,106831.29
99238,126610.83
99239,121966.875
99240,45800.914
99241,101873.01
99242,58025.43
99243,54399.26
99244,177737.28
99245,56862.734
99246,66110.24
99247,49403.863
99248,116112.64
99249,104493.21
99250,94459.18
99251,55755.656
99252,50561.51
99253,65178.062
99254,48223.99
99255,47666.383
99256,150343.7
99257,102020.734
99258,97728.33
99259,135013.81
99260,131162.89
99261,49328.355
99262,112311.234
99263,83580.77
99264,112454.76
99265,168706.52
99266,121976.25
99267,51535.656
99268,90341.555
99269,131681.78
99270,136638.73
99271,108085.664
99272,49348.152
99273,135778.83
99274,124798.49
99275,137067.48
99276,87961.805
99277,115934.48
99278,50383.566
99279,49473.03
99280,142963.98
99281,122924.67
99282,117546.82
99283,154743.72
99284,127799.87
99285,44608.836
99286,114957.68
99287,44637.42
99288,80589.79
99289,106922.95
99290,91198.36
99291,120090.36
99292,109326.91
99293,102577.734
99294,55257.562
99295,45542.07
99296,46652.223
99297,122302.08
99298,129272.84
99299,81717.914
99300,193143.36
99301,120582.016
99302,48484.727
99303,109926.02
99304,99753.34
99305,121775.85
99306,107584.43
99307,107086.84
99308,47229.254
99309,112219.42
99310,49859.734
99311,130933.516
99312,119921.28
99313,129298.086
99314,101414.61
99315,63189.83
99316,135924.48
99317,51222.61
99318,133626.69
99319,134918.44
99320,90845.945
99321,96145.21
99322,119693.4
99323,167286.98
99324,99484.41
99325,63032.152
99326,134108.28
99327,48578.59
99328,96291.234
99329,52312.36
99330,42534.863
99331,107396.47
99332,109291.38
99333,96505.79
99334,127824.8
99335,50010.99
99336,45170.008
99337,142282.4
99338,50426.027
99339,117405.484
99340,59501.42
99341,44390.79
99342,121419.055
99343,110366.27
99344,111019.5
99345,52340.906
99346,90261.945
99347,116456.55
99348,238340.7
99349,115513.01
99350,165544.19
99351,48908.375
99352,123771.89
99353,135472.88
99354,115780.93
99355,46988.31
99356,85495.125
99357,103264.375
99358,97040.57
99359,56897.08
99360,140181.84
99361,171453.88
99362,155238.08
99363,86606.945
99364,110129.52
99365,46993.348
99366,112197.08
99367,46639.363
99368,58146.902
99369,105509.67
99370,132769.77
99371,141926.5
99372,44149.707
99373,111314.62
99374,94870.016
99375,108972.32
99376,51255.605
99377,133660.72
99378,48361.496
99379,107791.78
99380,50558.664
99381,135570.98
99382,95815.74
99383,108912.25
99384,141137.1
99385,109034.32
99386,150510.44
99387,51587.67
99388,44478.793
99389,122421.734
99390,100562.6
99391,61602.89
99392,136552.08
99393,92823.72
99394,118628.57
99395,112726.35
99396,124209.22
99397,44983.766
99398,126528.67
99399,56385.555
99400,109647.65
99401,125960.38
99402,45709.43
99403,117780.79
99404,108509.96
99405,100921.82
99406,46517.953
99407,42195.57
99408,122555.29
99409,123122.164
99410,165470.14
99411,107126.99
99412,115818.266
99413,88818.55
99414,140840.28
99415,90873.57
99416,119088.95
99417,119685.484
99418,87991.42
99419,42901.43
99420,112965.36
99421,48555.773
99422,157184.61
99423,108232.766
99424,58436.156
99425,45649.51
99426,114635.984
99427,115790.3
99428,98713.52
99429,150174.66
99430,54301.848
99431,48316.723
99432,112522.266
99433,49250.18
99434,61813.414
99435,50155.19
99436,58640.254
99437,78199.945
99438,115790.2
99439,123995.57
99440,134773.53
99441,125001.35
99442,148288.86
99443,105356.41
99444,257049.16
99445,50775.164
99446,104105.46
99447,127138.68
99448,130730.53
99449,109079.08
99450,99132.6
99451,47452.816
99452,107220.84
99453,87063.9
99454,126531.54
99455,89814.15
99456,185677.19
99457,74448.87
99458,57554.535
99459,56461.875
99460,61752.336
99461,112255.234
99462,118181.03
99463,147705.83
99464,118571.516
99465,47811.348
99466,128097.305
99467,112157.836
99468,106509.0
99469,104901.734
99470,54002.586
99471,119717.94
99472,63425.496
99473,154324.83
99474,115392.734
99475,85710.445
99476,61438.887
99477,122778.76
99478,124896.2
99479,135909.88
99480,51148.8
99481,41175.953
99482,88114.94
99483,50164.062
99484,104711.99
99485,45630.203
99486,47852.63
99487,110997.13
99488,128146.195
99489,46737.227
99490,97722.14
99491,49734.574
99492,49446.742
99493,49910.312
99494,168239.78
99495,94648.69
99496,106398.51
99497,49606.55
99498,105349.27
99499,45965.582
99500,55304.98
99501,93607.2
99502,140650.58
99503,104973.96
99504,88618.94
99505,133252.56
99506,120482.14
99507,100662.54
99508,115879.055
99509,121519.96
99510,105379.71
99511,116618.945
99512,50463.598
99513,132901.28
99514,106459.21
99515,112835.06
99516,92938.71
99517,115122.13
99518,114632.195
99519,171805.53
99520,48300.63
99521,55456.07
99522,129491.125
99523,102198.68
99524,145690.95
99525,88282.24
99526,106951.03
99527,123723.19
99528,99406.9
99529,110099.72
99530,139888.08
99531,137430.84
99532,48787.88
99533,117068.4
99534,131805.22
99535,75745.5
99536,121367.0
99537,49740.156
99538,118552.0
99539,47998.688
99540,116503.61
99541,52539.062
99542,51449.918
99543,50550.297
99544,95073.336
99545,49294.77
99546,114135.664
99547,113390.96
99548,52177.918
99549,107615.78
99550,56291.01
99551,56170.395
99552,48491.246
99553,51623.316
99554,111512.8
99555,117628.49
99556,147252.0
99557,46052.348
99558,46491.477
99559,53430.387
99560,44946.004
99561,49535.63
99562,50810.953
99563,173874.88
99564,54319.43
99565,156256.34
99566,96171.51
99567,101204.98
99568,48551.633
99569,45494.51
99570,130934.36
99571,103544.96
99572,98230.74
99573,136978.19
99574,111350.64
99575,113448.81
99576,118145.54
99577,146703.56
99578,133052.11
99579,46077.54
99580,99188.516
99581,107227.29
99582,89665.86
99583,121134.97
99584,49854.586
99585,164644.23
99586,130777.55
99587,125396.95
99588,115345.67
99589,47092.5
99590,45542.07
99591,136679.22
99592,120430.2
99593,108256.57
99594,105474.375
99595,126566.64
99596,113434.64
99597,132847.36
99598,142278.31
99599,123837.37
99600,109326.91
99601,108403.5
99602,86668.73
99603,88935.32
99604,99084.78
99605,119660.375
99606,41213.836
99607,137860.48
99608,121777.33
99609,42697.28
99610,97753.18
99611,138037.33
99612,105949.66
99613,101830.52
99614,52781.816
99615,87069.4
99616,128742.82
99617,89889.77
99618,88108.66
99619,47276.625
99620,128835.086
99621,126189.125
99622,100014.23
99623,56772.273
99624,104934.805
99625,56642.973
99626,63660.848
99627,50419.234
99628,169336.16
99629,103210.69
99630,42981.28
99631,41351.79
99632,130225.055
99633,124006.086
99634,54159.656
99635,103191.27
99636,56425.234
99637,109227.75
99638,90121.3
99639,105424.6
99640,46654.48
99641,97298.29
99642,47435.637
99643,157642.06
99644,45085.168
99645,123560.164
99646,109118.875
99647,133650.2
99648,112661.6
99649,143441.64
99650,106149.92
99651,134400.56
99652,126964.445
99653,52075.42
99654,51950.027
99655,46177.965
99656,129392.3
99657,49981.395
99658,48255.34
99659,114874.1
99660,94247.945
99661,105371.84
99662,101541.336
99663,50843.258
99664,113645.04
99665,121361.31
99666,53509.92
99667,48306.547
99668,51015.41
99669,121901.19
99670,114682.586
99671,123815.47
99672,46305.34
99673,139170.67
99674,119702.79
99675,121563.89
99676,125745.96
99677,130935.32
99678,49627.64
99679,91931.92
99680,117921.12
99681,46043.047
99682,126736.45
99683,48883.344
99684,130489.49
99685,153209.77
99686,127905.14
99687,129865.99
99688,168487.4
99689,114043.33
99690,104296.23
99691,106328.375
99692,131426.98
99693,103989.195
99694,48304.844
99695,69554.56
99696,51041.086
99697,101636.805
99698,48520.02
99699,44539.03
99700,121825.97
99701,45449.703
99702,123690.195
99703,103131.92
99704,130464.52
99705,116461.92
99706,125395.32
99707,55275.54
99708,115281.39
99709,47393.08
99710,111542.24
99711,48719.082
99712,46408.168
99713,63893.992
99714,50702.773
99715,118137.766
99716,51164.63
99717,118387.72
99718,101705.38
99719,119290.88
99720,46073.887
99721,47619.23
99722,115037.49
99723,161728.36
99724,125333.945
99725,124825.89
99726,135707.97
99727,149355.9
99728,44582.996
99729,47134.766
99730,234633.58
99731,112489.82
99732,104174.53
99733,50882.598
99734,86313.59
99735,87513.375
99736,141228.42
99737,158280.72
99738,43213.0
99739,60839.31
99740,136256.33
99741,173420.48
99742,108953.85
99743,48504.72
99744,51258.65
99745,92721.71
99746,154350.62
99747,104383.31
99748,45577.99
99749,48317.797
99750,46785.69
99751,46088.1
99752,157287.25
99753,121083.69
99754,152433.52
99755,94241.99
99756,82888.44
99757,125834.51
99758,84535.66
99759,93349.44
99760,48161.19
99761,113408.33
99762,115561.12
99763,47144.77
99764,122149.336
99765,68529.1
99766,59436.23
99767,57028.973
99768,47791.582
99769,89601.2
99770,44099.805
99771,117139.8
99772,128514.8
99773,52606.664
99774,109536.48
99775,57210.883
99776,115403.01
99777,104347.5
99778,101801.66
99779,51381.715
99780,102045.234
99781,120080.62
99782,158773.69
99783,51083.97
99784,83282.61
99785,150394.86
99786,186775.73
99787,119189.06
99788,58145.25
99789,111381.305
99790,50698.13
99791,145215.22
99792,130950.88
99793,27797.602
99794,53879.656
99795,55308.68
99796,77495.72
99797,139643.9
99798,123003.09
99799,104958.91
99800,54392.203
99801,53909.617
99802,139818.12
99803,95114.41
99804,102527.37
99805,122053.734
99806,47541.637
99807,136004.05
99808,51198.95
99809,111637.16
99810,89488.6
99811,50652.37
99812,118047.56
99813,129023.984
99814,90733.516
99815,47024.0
99816,111800.69
99817,145836.12
99818,55353.207
99819,51802.645
99820,110293.055
99821,96570.89
99822,133986.77
99823,130023.86
99824,86410.03
99825,41411.914
99826,48232.457
99827,126109.94
99828,117765.77
99829,95658.94
99830,91154.29
99831,106922.82
99832,118939.62
99833,133929.7
99834,47642.082
99835,130453.39
99836,171567.25
99837,131679.31
99838,150671.9
99839,108371.43
99840,47444.42
99841,111301.555
99842,62649.64
99843,102492.44
99844,104394.73
99845,47504.363
99846,47811.72
99847,49264.79
99848,139823.23
99849,44740.926
99850,125694.47
99851,131395.58
99852,75898.93
99853,125859.49
99854,107729.04
99855,88331.195
99856,46818.215
99857,45639.03
99858,153137.3
99859,47309.89
99860,48046.95
99861,88328.734
99862,89116.93
99863,143726.5
99864,136774.66
99865,45351.4
99866,107790.305
99867,159234.69
99868,136890.84
99869,44289.08
99870,129054.68
99871,130949.47
99872,164746.39
99873,130304.47
99874,52550.71
99875,125225.87
99876,46261.98
99877,46603.938
99878,89995.08
99879,47457.33
99880,50014.914
99881,127326.55
99882,51271.258
99883,126987.086
99884,147786.9
99885,47386.918
99886,121013.63
99887,48043.277
99888,96593.02
99889,123316.07
99890,49980.54
99891,148947.53
99892,56525.09
99893,118571.47
99894,44530.44
99895,123964.14
99896,54499.277
99897,87903.31
99898,134469.12
99899,107196.3
99900,129899.45
99901,45774.586
99902,132246.47
99903,47600.953
99904,63409.62
99905,43906.375
99906,47616.9
99907,127831.234
99908,126886.836
99909,124274.69
99910,111167.04
99911,102061.07
99912,162039.98
99913,44641.97
99914,50487.734
99915,50244.332
99916,51864.117
99917,112170.34
99918,108082.24
99919,122003.85
99920,111997.9
99921,45381.31
99922,100913.28
99923,96505.45
99924,116738.75
99925,120980.86
99926,123178.46
99927,144334.34
99928,124314.96
99929,136082.78
99930,129545.04
99931,48048.19
99932,117322.77
99933,116902.516
99934,53957.652
99935,66378.88
99936,47142.54
99937,187681.05
99938,49283.105
99939,111213.195
99940,103692.09
99941,46313.613
99942,127528.92
99943,115169.76
99944,139974.45
99945,128981.96
99946,97404.93
99947,98149.1
99948,127941.76
99949,45848.902
99950,142749.1
99951,101942.79
99952,134767.38
99953,48220.64
99954,118650.12
99955,106149.92
99956,55227.74
99957,115630.16
99958,96733.086
99959,176915.36
99960,47418.656
99961,118175.37
99962,51921.883
99963,66676.96
99964,107488.26
99965,93761.79
99966,153703.83
99967,134143.2
99968,140323.56
99969,46280.42
99970,84752.2
99971,87370.42
99972,98618.64
99973,111792.17
99974,115568.37
99975,108948.625
99976,110454.95
99977,45093.48
99978,122173.44
99979,128823.664
99980,50873.336
99981,129695.58
99982,120151.53
99983,100394.82
99984,109050.914
99985,124316.81
99986,52411.44
99987,98100.57
99988,152875.11
99989,137730.17
99990,32981.54
99991,133555.6
99992,50903.56
99993,144370.77
99994,123787.97
99995,50360.258
99996,49504.477
99997,121530.266
99998,48730.9
99999,50130.4
100000,110108.25
100001,55065.24
100002,160531.94
100003,131907.89
100004,84113.55
100005,135824.78
100006,140344.64
100007,47141.81
100008,132953.0
100009,131633.75
100010,122047.14
100011,137015.38
100012,135317.8
100013,45284.344
100014,38070.37
100015,47076.984
100016,146301.62
100017,140677.73
100018,112429.44
100019,122689.89
100020,106557.71
100021,51062.094
100022,87841.586
100023,97072.47
100024,48048.19
100025,92057.48
100026,100982.75
100027,128028.7
100028,48550.79
100029,85458.15
100030,137645.36
100031,55553.277
100032,105679.47
100033,53751.03
100034,108273.16
100035,46792.484
100036,149090.42
100037,53390.82
100038,132440.12
100039,129264.72
100040,47103.953
100041,93649.195
100042,52465.582
100043,60667.023
100044,54338.645
100045,54603.66
100046,122794.516
100047,51395.363
100048,98236.81
100049,139343.45
100050,98707.45
100051,54062.66
100052,49721.805
100053,133063.89
100054,44044.508
100055,111316.836
100056,111359.74
100057,116784.766
100058,135965.92
100059,153995.88
100060,51710.34
100061,139566.62
100062,96612.12
100063,41622.016
100064,157628.64
100065,114224.98
100066,103628.09
100067,207452.9
100068,138343.97
100069,107859.336
100070,43589.023
100071,132066.1
100072,157504.28
100073,102207.375
100074,71333.86
100075,136553.78
100076,117990.02
100077,92712.16
100078,49157.016
100079,148862.67
100080,42565.63
100081,57536.105
100082,122171.66
100083,49774.438
100084,113416.82
100085,144119.53
100086,47151.543
100087,80813.24
100088,50971.914
100089,129163.875
100090,100653.57
100091,80866.32
100092,109654.695
100093,149159.69
100094,85511.79
100095,47920.277
100096,44931.78
100097,113459.36
100098,126424.62
100099,129900.23
100100,77250.08
100101,119391.44
100102,118457.03
100103,46646.977
100104,96343.484
100105,106740.516
100106,179581.38
100107,121665.65
100108,139121.3
100109,102325.414
100110,123804.414
100111,46615.47
100112,117944.18
100113,58438.06
100114,78829.61
100115,121205.945
100116,147455.81
100117,50178.727
100118,131547.56
100119,116447.77
100120,91622.25
100121,158844.0
100122,45475.453
100123,151948.86
100124,52179.543
100125,85187.766
100126,84752.2
100127,161692.03
100128,152466.05
100129,59096.168
100130,43567.812
100131,142610.52
100132,130589.31
100133,93534.87
100134,104507.92
100135,126162.06
100136,102899.07
100137,110142.984
100138,50538.418
100139,50864.344
100140,89419.8
100141,51159.207
100142,131071.1
100143,143217.9
100144,102135.21
100145,119335.055
100146,45111.11
100147,47402.824
100148,48063.977
100149,115439.695
100150,104585.125
100151,46130.273
100152,112541.32
100153,56138.867
100154,46911.805
100155,43274.02
100156,131944.55
100157,126105.9
100158,91841.73
100159,132058.16
100160,57303.68
100161,147021.83
100162,91378.445
100163,40610.73
100164,132750.89
100165,44830.16
100166,121726.14
100167,42720.96
100168,52678.152
100169,116076.11
100170,49939.535
100171,106288.51
100172,85658.72
100173,143877.22
100174,142298.77
100175,124935.58
100176,123896.51
100177,157800.58
100178,49957.957
100179,114119.0
100180,100867.695
100181,129825.51
100182,108276.414
100183,126473.25
100184,46817.42
100185,45373.45
100186,112901.125
100187,121092.62
100188,46988.637
100189,138641.31
100190,47149.043
100191,55741.56
100192,113796.31
100193,120748.06
100194,84095.516
100195,47353.984
100196,54140.75
100197,107893.234
100198,119200.01
100199,109853.85
100200,126111.88
100201,45510.69
100202,47468.55
100203,111534.23
100204,140556.75
100205,107556.91
100206,137738.23
100207,126865.44
100208,116100.91
100209,49086.113
100210,154288.25
100211,55549.1
100212,51191.895
100213,50990.035
100214,117183.14
100215,121714.18
100216,47364.45
100217,44015.164
100218,51119.402
100219,85844.266
100220,120204.47
100221,65219.14
100222,108721.51
100223,144373.97
100224,118194.42
100225,111250.086
100226,102774.51
100227,117369.0
100228,118959.15
100229,46190.336
100230,94825.67
100231,140798.92
100232,130884.22
100233,150153.62
100234,95127.22
100235,125574.02
100236,145607.03
100237,48388.977
100238,45774.586
100239,50108.25
100240,89707.37
100241,99083.12
100242,142511.38
100243,117415.99
100244,143996.22
100245,52216.168
100246,103799.51
100247,125186.64
100248,53340.67
100249,119580.7
100250,57080.4
100251,115942.766
100252,78468.305
100253,130801.74
100254,127991.23
100255,144130.1
100256,49408.203
100257,46398.004
100258,53163.582
100259,103023.85
100260,109883.54
100261,135761.1
100262,124494.13
100263,50956.637
100264,49707.78
100265,61582.617
100266,42542.12
100267,122410.02
100268,156022.92
100269,155364.53
100270,146456.69
100271,130117.28
100272,48252.383
100273,125407.65
100274,108124.086
100275,109601.54
100276,44271.758
100277,128007.94
100278,102458.79
100279,88520.68
100280,118317.664
100281,118581.14
100282,48820.926
100283,102310.22
100284,101867.23
100285,90106.13
100286,147860.81
100287,122632.2
100288,117103.58
100289,64685.883
100290,142149.66
100291,106760.89
100292,52148.25
100293,136693.0
100294,46115.418
100295,135889.53
100296,115392.3
100297,44515.36
100298,123377.21
100299,106182.58
100300,110405.195
100301,130730.06
100302,127817.55
100303,138643.58
100304,48213.527
100305,103098.48
100306,47206.19
100307,48663.965
100308,139940.3
100309,52623.457
100310,138562.22
100311,53377.793
100312,82493.1
100313,49294.27
100314,101442.03
100315,111097.66
100316,160128.6
100317,109018.85
100318,47032.387
100319,61982.902
100320,154813.94
100321,186177.77
100322,119670.27
100323,46671.375
100324,49334.93
100325,53570.574
100326,113290.37
100327,49983.56
100328,146468.34
100329,100338.85
100330,55376.582
100331,127022.75
100332,57969.418
100333,45712.535
100334,118345.07
100335,108964.27
100336,60506.9
100337,46349.44
100338,133805.7
100339,132321.47
100340,46747.17
100341,138733.55
100342,113882.51
100343,146588.67
100344,48731.812
100345,104472.32
100346,46103.176
100347,116860.88
100348,115800.68
100349,122266.8
100350,43230.96
100351,54254.49
100352,53993.156
100353,123212.19
100354,203061.28
100355,88741.69
100356,48116.008
100357,139058.5
100358,125318.33
100359,145812.05
100360,105876.914
100361,125702.11
100362,127734.53
100363,104698.08
100364,47793.99
100365,53003.19
100366,111787.58
100367,125893.03
100368,97524.02
100369,171513.94
100370,129715.48
100371,114046.234
100372,98004.97
100373,124533.72
100374,139415.72
100375,111781.16
100376,97939.57
100377,111047.34
100378,46737.227
100379,136268.55
100380,64250.32
100381,51535.39
100382,122466.03
100383,148382.38
100384,113418.84
100385,110245.5
100386,45987.496
100387,186869.25
100388,138808.0
100389,63851.434
100390,119191.336
100391,177299.98
100392,149307.4
100393,111585.1
100394,68953.02
100395,127220.1
100396,87560.234
100397,89923.516
100398,48797.266
100399,108035.17
100400,95940.836
100401,63898.72
100402,132368.22
100403,104270.21
100404,116226.53
100405,131685.42
100406,93329.58
100407,52182.87
100408,112014.72
100409,153241.0
100410,50006.63
100411,93936.44
100412,130097.71
100413,127380.47
100414,126974.34
100415,135761.86
100416,113448.17
100417,110011.555
100418,124787.16
100419,105639.484
100420,58012.508
100421,44654.445
100422,165504.72
100423,121580.68
100424,139442.73
100425,120884.21
100426,136981.16
100427,53583.05
100428,90011.56
100429,103243.29
100430,97281.08
100431,50982.93
100432,126416.445
100433,110478.79
100434,93532.67
100435,96377.734
100436,123490.125
100437,125716.66
100438,75744.09
100439,111887.09
100440,69548.54
100441,93910.266
100442,123707.984
100443,57412.6
100444,135147.22
100445,99592.42
100446,143183.45
100447,105510.66
100448,43753.594
100449,121011.88
100450,117532.29
100451,102120.125
100452,85658.72
100453,109464.88
100454,110237.586
100455,109155.3
100456,132688.72
100457,109990.3
100458,81396.19
100459,110677.46
100460,141369.06
100461,89924.09
100462,56922.05
100463,107172.586
100464,151908.52
100465,49907.45
100466,127496.625
100467,118371.555
100468,47408.72
100469,120056.96
100470,98197.57
100471,106417.35
100472,48703.656
100473,136490.58
100474,47090.297
100475,58054.59
100476,128772.52
100477,103982.92
100478,108189.67
100479,98262.28
100480,91658.85
100481,115225.945
100482,147586.81
100483,98343.96
100484,109874.734
100485,49898.668
100486,49308.332
100487,108016.46
100488,42770.223
100489,51838.14
100490,94555.49
100491,131900.62
100492,46610.223
100493,48152.195
100494,132010.8
100495,102013.5
100496,90873.57
100497,157441.48
100498,109387.02
100499,160919.81
100500,112238.6
100501,163066.52
100502,107805.12
100503,141992.45
100504,127765.25
100505,120894.19
100506,67720.914
100507,149763.88
100508,46413.344
100509,126699.88
100510,163929.47
100511,88003.21
100512,122697.44
100513,91451.85
100514,89237.41
100515,131861.12
100516,111829.56
100517,52047.727
100518,96505.79
100519,102531.68
100520,134698.27
100521,98347.836
100522,120860.266
100523,142802.78
100524,145888.98
100525,102554.24
100526,50641.67
100527,149871.08
100528,162750.31
100529,116692.51
100530,58416.727
100531,130571.65
100532,134390.33
100533,117457.78
100534,125025.96
100535,176750.06
100536,99384.41
100537,117903.37
100538,45278.637
100539,47818.293
100540,149431.64
100541,49018.55
100542,88585.12
100543,94318.984
100544,129068.31
100545,104154.734
100546,60589.863
100547,108142.32
100548,66024.81
100549,39747.21
100550,44864.387
100551,154958.66
100552,102389.73
100553,91338.87
100554,129568.48
100555,108056.87
100556,113753.97
100557,51943.766
100558,103030.5
100559,112101.12
100560,48584.54
100561,53571.92
100562,47382.438
100563,123855.45
100564,133792.28
100565,97753.18
100566,89446.5
100567,52644.71
100568,118536.88
100569,119310.625
100570,58596.043
100571,85710.445
100572,122858.38
100573,102616.25
100574,50903.44
100575,123514.836
100576,93843.99
100577,133718.36
100578,129222.78
100579,153483.94
100580,46213.168
100581,110157.67
100582,119997.86
100583,144747.11
100584,48639.926
100585,48264.82
100586,117198.37
100587,49051.59
100588,65443.25
100589,47524.01
100590,101594.59
100591,133334.08
100592,88672.08
100593,60423.773
100594,128385.21
100595,124117.31
100596,46026.33
100597,87436.88
100598,130400.76
100599,49038.09
100600,93790.016
100601,60050.863
100602,127705.21
100603,80485.86
100604,41997.723
100605,140941.64
100606,109230.71
100607,107411.18
100608,53741.64
100609,94384.77
100610,132240.92
100611,124387.07
100612,119415.95
100613,99322.6
100614,178429.03
100615,100102.61
100616,112047.12
100617,154933.22
100618,106648.58
100619,126623.82
100620,86783.945
100621,126247.08
100622,148162.06
100623,56233.633
100624,115091.06
100625,100313.3
100626,104666.58
100627,102437.4
100628,121156.97
100629,52970.312
100630,104047.13
100631,120489.35
100632,119884.08
100633,54324.46
100634,90154.41
100635,92545.47
100636,130424.04
100637,95694.52
100638,54063.777
100639,102143.38
100640,52387.65
100641,126110.07
100642,105632.11
100643,55632.246
100644,123044.71
100645,102443.72
100646,45848.66
100647,47316.742
100648,117829.86
100649,101141.83
100650,139976.38
100651,110444.4
100652,129620.83
100653,86241.66
100654,134531.45
100655,118876.36
100656,105522.69
100657,163325.23
100658,44779.09
100659,50320.957
100660,119555.63
100661,91571.7
100662,61370.58
100663,43122.117
100664,113186.734
100665,112721.38
100666,173004.38
100667,110390.39
100668,201178.14
100669,135257.12
100670,97622.0
100671,45712.535
100672,114369.34
100673,120625.41
100674,99946.37
100675,48244.52
100676,119901.445
100677,97649.96
100678,120149.69
100679,135455.23
100680,113325.08
100681,48370.242
100682,113046.8
100683,115773.234
100684,103074.33
100685,41919.375
100686,117021.24
100687,106180.19
100688,129238.96
100689,49851.13
100690,98269.7
100691,54588.008
100692,128143.35
100693,114783.336
100694,50890.26
100695,47076.984
100696,54570.6
100697,52595.15
100698,89892.81
100699,100014.23
100700,80759.81
100701,123644.88
100702,123589.19
100703,129748.62
100704,142927.62
100705,64363.984
100706,46958.96
100707,108784.82
100708,119350.4
100709,130545.695
100710,107770.34
100711,85925.77
100712,118074.734
100713,104366.15
100714,135419.25
100715,46181.91
100716,92833.6
100717,50777.406
100718,139566.86
100719,117905.92
100720,126059.99
100721,48874.836
100722,108653.234
100723,128548.914
100724,46081.754
100725,83358.48
100726,91310.81
100727,54151.71
100728,57885.234
100729,120562.11
100730,116173.21
100731,48296.656
100732,133615.88
100733,44139.277
100734,129824.41
100735,108013.03
100736,110956.18
100737,129193.02
100738,48972.348
100739,125483.91
100740,47480.164
100741,49520.03
100742,148402.69
100743,130117.07
100744,93758.27
100745,135815.89
100746,93855.87
100747,136620.4
100748,48905.586
100749,50509.043
100750,136303.45
100751,132185.28
100752,96883.59
100753,51332.277
100754,51867.785
100755,129526.05
100756,49240.258
100757,136430.39
100758,89707.37
100759,46748.12
100760,157291.83
100761,118987.93
100762,159376.06
100763,55462.59
100764,132838.86
100765,139244.92
100766,109056.45
100767,136243.89
100768,62762.086
100769,129054.445
100770,101208.62
100771,90341.555
100772,93793.79
100773,95647.375
100774,117597.63
100775,116874.23
100776,136911.06
100777,111488.555
100778,116115.375
100779,54289.68
100780,133007.34
100781,50559.234
100782,142634.03
100783,118712.82
100784,108477.016
100785,107957.12
100786,155016.58
100787,159727.2
100788,131292.11
100789,110459.11
100790,50443.246
100791,52022.19
100792,52714.234
100793,106068.88
100794,138418.31
100795,51005.44
100796,105575.32
100797,44543.445
100798,56845.277
100799,116012.68
100800,133727.8
100801,98997.08
100802,91837.6
100803,54108.266
100804,44633.703
100805,139410.52
100806,108721.62
100807,116936.76
100808,55872.684
100809,91037.49
100810,53071.77
100811,112561.39
100812,57847.375
100813,56768.285
100814,85387.99
100815,85456.13
100816,61831.82
100817,106583.56
100818,123705.555
100819,125770.26
100820,84665.305
100821,136013.7
100822,150004.88
100823,113230.75
100824,57318.23
100825,149928.0
100826,46863.367
100827,147562.28
100828,128482.875
100829,118417.914
100830,86724.805
100831,93597.44
100832,62116.24
100833,134728.6
100834,47787.49
100835,50128.56
100836,42131.246
100837,126585.45
100838,118712.65
100839,96411.984
100840,128837.664
100841,53862.105
100842,47953.88
100843,45843.67
100844,106595.83
100845,42994.273
100846,118221.64
100847,83150.1
100848,97870.39
100849,109167.26
100850,99850.59
100851,104768.23
100852,126678.984
100853,59246.277
100854,112822.93
100855,92620.63
100856,100257.555
100857,106829.625
100858,54769.11
100859,49153.805
100860,138229.66
100861,44076.484
100862,124039.8
100863,47291.566
100864,152411.56
100865,121439.33
100866,110340.62
100867,112064.8
100868,54323.465
100869,152757.14
100870,51717.637
100871,113941.6
100872,128026.96
100873,79255.32
100874,102362.016
100875,46231.527
100876,137173.64
100877,119333.59
100878,49528.02
100879,45043.477
100880,120036.23
100881,111811.57
100882,152081.27
100883,56607.8
100884,130361.04
100885,112143.31
100886,123086.99
100887,106033.64
100888,84281.22
100889,90473.69
100890,44808.793
100891,151208.33
100892,117541.914
100893,41448.78
100894,46012.766
100895,112757.27
100896,45703.75
100897,108273.984
100898,48725.36
100899,139932.89
100900,80813.24
100901,58408.484
100902,56525.363
100903,109316.88
100904,119438.41
100905,106425.52
100906,238023.34
100907,116528.19
100908,116690.43
100909,114496.305
100910,133748.19
100911,49728.508
100912,170878.9
100913,134041.1
100914,104312.32
100915,129188.73
100916,127658.664
100917,50871.355
100918,52271.348
100919,152248.16
100920,112936.31
100921,126668.89
100922,138217.05
100923,50991.906
100924,127496.66
100925,118164.78
100926,129988.91
100927,136228.56
100928,126286.26
100929,110114.85
100930,144972.06
100931,50483.707
100932,46005.78
100933,65902.08
100934,138629.05
100935,47428.227
100936,49251.625
100937,99136.72
100938,115303.41
100939,179349.34
100940,118715.11
100941,48152.195
100942,132266.05
100943,125339.54
100944,97270.26
100945,115724.805
100946,98861.0
100947,104704.19
100948,136505.53
100949,137214.36
100950,108014.82
100951,134535.95
100952,124665.484
100953,121347.46
100954,94979.26
100955,45449.562
100956,114185.82
100957,49899.34
100958,46602.418
100959,137660.72
100960,100732.586
100961,139486.17
100962,117112.52
100963,121556.555
100964,139743.67
100965,136761.94
100966,90167.19
100967,133397.4
100968,44626.402
100969,114249.83
100970,156681.47
100971,50616.91
100972,128304.04
100973,117818.53
100974,117429.46
100975,50764.703
100976,116344.57
100977,150336.08
100978,65319.926
100979,108809.65
100980,51974.316
100981,92822.6
100982,49780.83
100983,139976.2
100984,109843.414
100985,47707.215
100986,105764.164
100987,125950.16
100988,49087.848
100989,103997.55
100990,119688.195
100991,94807.56
100992,124263.9
100993,125426.07
100994,96505.45
100995,48153.55
100996,124322.68
100997,129440.88
100998,120325.59
100999,92353.79
101000,113766.586
101001,161632.27
101002,121225.875
101003,90918.73
101004,140154.72
101005,135763.88
101006,112559.49
101007,120208.19
101008,137080.53
101009,114601.72
101010,95658.94
101011,52155.047
101012,127339.65
101013,146425.9
101014,138636.06
101015,128809.914
101016,46944.785
101017,51258.83
101018,48386.715
101019,49066.965
101020,47661.598
101021,50007.83
101022,57229.16
101023,57922.496
101024,107852.805
101025,93598.31
101026,130612.28
101027,94373.3
101028,104249.42
101029,103654.21
101030,88202.195
101031,49843.273
101032,149549.77
101033,145616.89
101034,111277.16
101035,115624.766
101036,108978.555
101037,56416.36
101038,196335.62
101039,150827.98
101040,123374.44
101041,179146.05
101042,134209.75
101043,131386.73
101044,46584.547
101045,44543.445
101046,56669.86
101047,55602.438
101048,83273.62
101049,124898.79
101050,106043.37
101051,105270.336
101052,101568.234
101053,114093.93
101054,44808.793
101055,100060.43
101056,50704.58
101057,87710.984
101058,145540.39
101059,130982.29
101060,100556.695
101061,46288.008
101062,46625.44
101063,66411.28
101064,117625.7
101065,127735.195
101066,110793.35
101067,130467.25
101068,114563.24
101069,107609.43
101070,119517.8
101071,49597.45
101072,106645.03
101073,100293.586
101074,136543.86
101075,102244.36
101076,69123.04
101077,123886.055
101078,53009.43
101079,92571.766
101080,137356.22
101081,117724.89
101082,150706.55
101083,46818.215
101084,136032.25
101085,116793.94
101086,99025.78
101087,52572.72
101088,122939.72
101089,101191.74
101090,46491.477
101091,146298.38
101092,115423.57
101093,46235.74
101094,84980.01
101095,129608.26
101096,51372.03
101097,47760.55
101098,155266.81
101099,51006.63
101100,46429.656
101101,97738.79
101102,130391.3
101103,51644.715
101104,56780.562
101105,116360.445
101106,56065.832
101107,148767.44
101108,62662.22
101109,50592.223
101110,46231.527
101111,121799.67
101112,113032.984
101113,163472.17
101114,50423.617
101115,53074.434
101116,101370.31
101117,124894.09
101118,54109.88
101119,144465.78
101120,103943.625
101121,113113.46
101122,113770.8
101123,167510.7
101124,95700.52
101125,93436.64
101126,46986.82
101127,41818.336
101128,47046.855
101129,208281.33
101130,126137.23
101131,85495.125
101132,55357.305
101133,85057.41
101134,47687.83
101135,103682.81
101136,49529.16
101137,119620.02
101138,96745.734
101139,60421.85
101140,47152.56
101141,45150.164
101142,114544.8
101143,51068.902
101144,119396.39
101145,63253.63
101146,153504.69
101147,135381.3
101148,119361.41
101149,118910.15
101150,160205.62
101151,58350.973
101152,113370.29
101153,106851.48
101154,60331.227
101155,113845.4
101156,52072.508
101157,111011.25
101158,51267.406
101159,161171.22
101160,53846.203
101161,97736.39
101162,136917.27
101163,124513.97
101164,49706.758
101165,93999.586
101166,57849.28
101167,103103.43
101168,50855.08
101169,131297.31
101170,49750.89
101171,42807.195
101172,149630.69
101173,38988.13
101174,103882.81
101175,52110.3
101176,131205.95
101177,142908.34
101178,85456.13
101179,49330.082
101180,128628.93
101181,44358.004
101182,162218.2
101183,110365.266
101184,130418.6
101185,102059.62
101186,50539.234
101187,135045.72
101188,151685.5
101189,112378.78
101190,126549.65
101191,59475.316
101192,97169.57
101193,49853.656
101194,177485.55
101195,49832.355
101196,107962.94
101197,122549.21
101198,50837.816
101199,126989.38
101200,52761.82
101201,52376.25
101202,49700.562
101203,86949.97
101204,108617.086
101205,50243.168
101206,53352.875
101207,102443.72
101208,145355.95
101209,50728.652
101210,149739.92
101211,110099.38
101212,45445.62
101213,116383.0
101214,162918.2
101215,137486.2
101216,120375.34
101217,118839.59
101218,127936.58
101219,44733.01
101220,122433.44
101221,109954.305
101222,59753.99
101223,132266.9
101224,133517.5
101225,197950.84
101226,126765.53
101227,111204.41
101228,64314.32
101229,99476.85
101230,45809.24
101231,137113.61
101232,109520.29
101233,49703.09
101234,51749.297
101235,114306.52
101236,93649.195
101237,101086.664
101238,102731.06
101239,139978.89
101240,115586.57
101241,93076.72
101242,79645.54
101243,133908.44
101244,120299.83
101245,138817.03
101246,125464.164
101247,108431.08
101248,105877.48
101249,134778.48
101250,109970.21
101251,130600.76
101252,53956.81
101253,46788.5
101254,163619.22
101255,126321.41
101256,98773.77
101257,48418.527
101258,156701.2
101259,127057.83
101260,70516.63
101261,158918.56
101262,124863.52
101263,52925.266
101264,121184.13
101265,79434.01
101266,51307.02
101267,87673.37
101268,128292.84
101269,40621.125
101270,114737.414
101271,46747.973
101272,106055.984
101273,152300.34
101274,118585.05
101275,119512.94
101276,151322.16
101277,47623.223
101278,49052.492
101279,53141.652
101280,132370.98
101281,52421.89
101282,101761.914
101283,105251.51
101284,147062.88
101285,52399.72
101286,109003.76
101287,49881.105
101288,143197.64
101289,53786.145
101290,114222.38
101291,118910.11
101292,148179.88
101293,42347.562
101294,135089.7
101295,60274.777
101296,102645.336
101297,110427.125
101298,120430.99
101299,45935.082
101300,42171.234
101301,122457.52
101302,126984.305
101303,98401.44
101304,107845.664
101305,129432.875
101306,141788.94
101307,92299.15
101308,161930.39
101309,116337.39
101310,128677.24
101311,104200.05
101312,139302.06
101313,46945.375
101314,116638.11
101315,134711.5
101316,120941.36
101317,121854.93
101318,106211.43
101319,43052.883
101320,110490.11
101321,137854.75
101322,114701.65
101323,97557.875
101324,52878.258
101325,50659.465
101326,115815.875
101327,85464.6
101328,142234.55
101329,46610.754
101330,54415.805
101331,150988.73
101332,53172.715
101333,99977.43
101334,55362.32
101335,49289.99
101336,107201.96
101337,143455.0
101338,51026.05
101339,109316.08
101340,111437.25
101341,65383.11
101342,148863.73
101343,108707.18
101344,100982.91
101345,55736.098
101346,120567.72
101347,92273.664
101348,169951.53
101349,48562.44
101350,114348.73
101351,48449.39
101352,134333.6
101353,47532.332
101354,161858.6
101355,126898.77
101356,107595.74
101357,151683.42
101358,48132.1
101359,123780.33
101360,111455.66
101361,108737.6
101362,129789.66
101363,44316.06
101364,108790.836
101365,106673.016
101366,113830.29
101367,119645.95
101368,123084.04
101369,116899.586
101370,130449.06
101371,53073.51
101372,123324.734
101373,137280.27
101374,117557.96
101375,113780.33
101376,128084.41
101377,52090.465
101378,97022.0
101379,155650.36
101380,95851.56
101381,125050.65
101382,154550.5
101383,128483.97
101384,84912.055
101385,48262.324
101386,126276.195
101387,49705.21
101388,45046.88
101389,141631.22
101390,174940.5
101391,113036.14
101392,65936.336
101393,61826.305
101394,126894.79
101395,48846.973
101396,56893.418
101397,127982.44
101398,162834.9
101399,57323.86
101400,100626.51
101401,114619.64
101402,103861.414
101403,48739.6
101404,106004.21
101405,155844.77
101406,111630.53
101407,117375.02
101408,123441.97
101409,43753.78
101410,132561.05
101411,86410.03
101412,142681.86
101413,54391.4
101414,102564.445
101415,47389.383
101416,103052.15
101417,94557.78
101418,166408.06
101419,48236.402
101420,141805.19
101421,88952.17
101422,98571.23
101423,88818.55
101424,47065.92
101425,165503.94
101426,128847.33
101427,109477.56
101428,122565.086
101429,47096.516
101430,102443.72
101431,143840.44
101432,98435.01
101433,100290.58
101434,167568.45
101435,126391.21
101436,126178.83
101437,156006.72
101438,55070.06
101439,47775.76
101440,53094.254
101441,116709.91
101442,134694.62
101443,60438.863
101444,46371.598
101445,131364.67
101446,90046.34
101447,137044.6
101448,47607.004
101449,119202.55
101450,111566.07
101451,115872.445
101452,46267.44
101453,46933.703
101454,118141.51
101455,179896.61
101456,137443.11
101457,116839.055
101458,156759.53
101459,53336.023
101460,46275.52
101461,103150.13
101462,167266.58
101463,107734.77
101464,136552.45
101465,45814.938
101466,47685.445
101467,126602.87
101468,128531.4
101469,89550.086
101470,93135.0
101471,65656.67
101472,52405.324
101473,99323.89
101474,116760.29
101475,49057.555
101476,44016.887
101477,170591.75
101478,106583.33
101479,131209.83
101480,130541.08
101481,103220.94
101482,45254.242
101483,47200.047
101484,123341.19
101485,106817.625
101486,72434.25
101487,137729.48
101488,108237.07
101489,120179.945
101490,128452.555
101491,118300.33
101492,62540.35
101493,132598.92
101494,85456.13
101495,113152.95
101496,46061.004
101497,113906.13
101498,96505.79
101499,200842.23
101500,107949.87
101501,128188.67
101502,120137.24
101503,51168.605
101504,107324.36
101505,51211.82
101506,108934.336
101507,126246.23
101508,78177.85
101509,52479.348
101510,126642.09
101511,48028.137
101512,121478.57
101513,110475.07
101514,115332.02
101515,160581.19
101516,47710.75
101517,129936.6
101518,115624.48
101519,50298.383
101520,102244.36
101521,159975.62
101522,51724.633
101523,51210.01
101524,111660.41
101525,140865.67
101526,45225.426
101527,130180.64
101528,51149.6
101529,50550.297
101530,107712.84
101531,52799.61
101532,54718.09
101533,51327.527
101534,50244.332
101535,52100.355
101536,115588.734
101537,100014.23
101538,111994.984
101539,114522.83
101540,140610.22
101541,55430.31
101542,129249.09
101543,132707.48
101544,54922.01
101545,95928.805
101546,53400.06
101547,88771.65
101548,79381.914
101549,94674.98
101550,87412.67
101551,117329.62
101552,140681.33
101553,136573.66
101554,105282.33
101555,99509.66
101556,93784.65
101557,116221.055
101558,52934.71
101559,82676.21
101560,89122.69
101561,124082.97
101562,110855.81
101563,109792.99
101564,109642.03
101565,88682.13
101566,134204.06
101567,102275.914
101568,132785.48
101569,126995.45
101570,154156.9
101571,38450.176
101572,105161.086
101573,54239.062
101574,48240.91
101575,171996.02
101576,138357.19
101577,133993.3
101578,105171.055
101579,145493.75
101580,109271.96
101581,53536.203
101582,131846.9
101583,103086.22
101584,108096.05
101585,51449.062
101586,130541.29
101587,145534.64
101588,124262.625
101589,135196.83
101590,138710.52
101591,134208.66
101592,117635.83
101593,135412.2
101594,43862.984
101595,132183.97
101596,132802.2
101597,105944.42
101598,102258.11
101599,44991.992
101600,93495.57
101601,53085.92
101602,99643.19
101603,47744.27
101604,142140.45
101605,47334.94
101606,140711.12
101607,95097.94
101608,48564.977
101609,152565.0
101610,116765.28
101611,138196.66
101612,100921.49
101613,108765.92
101614,100882.43
101615,97427.555
101616,114781.72
101617,113083.445
101618,51503.67
101619,51744.36
101620,120655.53
101621,56569.703
101622,44778.133
101623,50666.86
101624,122412.68
101625,47294.996
101626,130651.36
101627,50091.15
101628,49109.11
101629,61121.914
101630,116619.76
101631,47234.062
101632,129247.49
101633,131386.03
101634,155517.42
101635,127233.945
101636,115748.72
101637,116314.375
101638,134334.22
101639,124931.33
101640,117239.92
101641,47221.344
101642,100365.5
101643,116180.35
101644,135426.19
101645,50107.473
101646,138271.14
101647,53433.715
101648,114226.055
101649,99324.914
101650,110298.43
101651,53062.547
101652,141211.56
101653,93174.34
101654,50326.883
101655,134301.9
101656,110014.55
101657,111478.64
101658,109116.1
101659,132475.53
101660,76753.99
101661,107348.16
101662,50445.28
101663,60213.332
101664,47638.723
101665,215226.39
101666,47440.645
101667,117857.58
101668,139389.86
101669,150416.7
101670,62392.203
101671,115745.09
101672,118126.805
101673,45846.85
101674,98713.19
101675,160360.89
101676,128843.34
101677,48384.336
101678,130372.38
101679,112963.03
101680,51091.508
101681,42930.86
101682,140411.25
101683,48311.754
101684,106725.98
101685,154290.66
101686,107489.8
101687,54956.605
101688,124911.94
101689,55257.54
101690,98213.38
101691,105980.34
101692,127957.164
101693,99489.22
101694,128853.28
101695,116294.18
101696,132842.02
101697,146251.84
101698,101949.625
101699,119713.34
101700,127403.16
101701,52792.098
101702,51747.074
101703,125676.35
101704,125203.19
101705,127780.875
101706,58547.51
101707,141845.23
101708,45350.797
101709,119847.75
101710,46589.418
101711,110285.6
101712,46073.887
101713,133949.86
101714,109112.32
101715,147996.8
101716,50433.742
101717,142235.72
101718,54287.902
101719,119515.266
101720,57221.12
101721,110667.03
101722,48793.215
101723,97530.47
101724,48609.645
101725,104596.42
101726,112091.6
101727,113521.33
101728,118776.73
101729,148927.47
101730,51172.97
101731,119617.72
101732,41366.184
101733,48641.414
101734,104670.43
101735,138290.64
101736,42999.855
101737,48888.84
101738,46589.88
101739,105381.98
101740,114824.87
101741,174736.36
101742,45254.242
101743,136307.55
101744,118750.75
101745,114139.31
101746,136820.06
101747,159927.03
101748,112702.21
101749,48656.605
101750,89184.695
101751,134654.48
101752,123189.5
101753,111631.3
101754,103207.29
101755,105895.375
101756,185664.14
101757,49553.742
101758,49158.676
101759,151945.78
101760,146790.33
101761,116100.03
101762,49107.094
101763,61249.6
101764,117829.86
101765,154755.3
101766,58532.855
101767,100216.25
101768,57143.25
101769,127182.664
101770,46155.9
101771,44985.11
101772,98288.8
101773,44610.324
101774,91658.85
101775,133747.58
101776,98997.08
101777,120804.15
101778,122732.875
101779,131998.36
101780,90206.29
101781,142776.61
101782,120083.305
101783,49923.324
101784,69069.96
101785,140425.2
101786,131028.78
101787,44290.832
101788,183478.62
101789,120628.67
101790,127708.125
101791,150221.77
101792,61103.746
101793,97715.78
101794,46637.523
101795,49975.824
101796,102016.37
101797,86481.61
101798,45003.84
101799,117426.54
101800,131518.86
101801,49911.008
101802,107050.664
101803,46832.58
101804,52688.17
101805,132971.05
101806,46684.8
101807,58382.324
101808,140055.4
101809,108084.51
101810,86529.48
101811,92444.734
101812,121187.11
101813,132723.8
101814,98163.44
101815,127661.086
101816,114147.98
101817,161767.78
101818,101032.87
101819,136026.16
101820,51315.98
101821,106224.79
101822,97269.055
101823,136742.06
101824,57966.125
101825,133948.61
101826,98098.164
101827,56242.246
101828,191597.89
101829,43881.332
101830,131945.06
101831,44047.758
101832,130688.89
101833,108561.09
101834,86257.375
101835,154264.81
101836,44626.402
101837,46540.035
101838,139752.11
101839,81350.12
101840,123868.33
101841,88111.34
101842,112398.73
101843,115235.625
101844,116562.984
101845,43929.844
101846,44992.07
101847,49138.305
101848,117811.29
101849,127283.19
101850,47366.33
101851,102204.98
101852,53331.44
101853,58767.91
101854,130394.39
101855,116065.48
101856,114124.42
101857,108299.875
101858,84632.92
101859,50000.27
101860,147879.12
101861,91373.81
101862,145941.33
101863,132728.77
101864,121439.33
101865,84717.54
101866,116567.36
101867,123166.016
101868,102739.875
101869,134677.66
101870,52035.973
101871,116531.78
101872,106418.8
101873,116251.914
101874,46901.14
101875,128806.305
101876,112753.55
101877,126731.92
101878,49088.582
101879,110393.72
101880,153240.3
101881,47389.75
101882,135849.58
101883,99792.06
101884,119502.93
101885,131029.78
101886,132270.62
101887,181050.53
101888,126796.13
101889,52453.2
101890,93621.65
101891,169221.44
101892,120126.08
101893,47295.684
101894,160396.77
101895,127517.414
101896,54340.656
101897,132691.1
101898,53847.45
101899,118617.37
101900,106718.484
101901,47984.67
101902,56679.973
101903,50527.285
101904,97850.3
101905,110707.266
101906,96469.766
101907,116767.875
101908,45684.03
101909,132426.0
101910,115302.51
101911,115687.99
101912,48311.754
101913,114394.35
101914,163929.47
101915,115322.81
101916,149041.17
101917,50608.23
101918,121742.17
101919,90873.57
101920,95379.39
101921,167754.17
101922,102990.02
101923,131136.55
101924,159238.08
101925,144419.92
101926,107208.0
101927,100511.72
101928,131352.94
101929,64655.723
101930,101925.41
101931,152546.58
101932,51476.348
101933,108556.47
101934,48184.566
101935,46935.72
101936,118800.95
101937,113846.0
101938,120407.68
101939,49311.344
101940,92792.93
101941,62221.094
101942,123176.04
101943,47316.68
101944,50362.586
101945,123957.9
101946,93855.87
101947,59340.547
101948,142148.33
101949,87437.086
101950,136034.1
101951,90003.24
101952,73306.914
101953,46785.69
101954,136450.34
101955,106328.375
101956,139845.05
101957,128460.1
101958,109246.57
101959,53097.19
101960,114025.27
101961,101875.94
101962,107193.484
101963,166035.44
101964,146018.97
101965,154671.2
101966,106476.49
101967,120663.71
101968,106577.195
101969,89453.72
101970,54978.176
101971,127532.33
101972,127736.46
101973,106764.97
101974,139098.84
101975,93470.81
101976,131369.45
101977,118371.555
101978,52213.867
101979,52425.207
101980,49859.754
101981,152701.66
101982,128535.99
101983,110691.02
101984,54671.117
101985,45156.527
101986,92623.77
101987,89525.9
101988,46053.047
101989,145369.3
101990,138244.39
101991,104147.516
101992,49069.977
101993,135404.4
101994,137199.7
101995,43457.203
101996,121010.695
101997,119459.875
101998,131417.2
101999,43877.895
102000,56196.22
102001,42472.836
102002,51195.332
102003,130506.85
102004,125042.2
102005,128785.28
102006,106966.125
102007,98076.4
102008,54217.215
102009,80589.79
102010,95928.805
102011,52252.01
102012,47352.938
102013,119064.92
102014,124992.33
102015,115119.75
102016,52720.49
102017,147575.92
102018,133297.53
102019,176745.92
102020,126538.9
102021,47999.414
102022,60772.516
102023,119182.0
102024,47267.973
102025,144003.8
102026,47682.61
102027,142804.45
102028,58269.316
102029,42255.52
102030,145097.44
102031,47541.75
102032,111169.984
102033,49709.85
102034,123619.8
102035,131961.39
102036,45013.516
102037,47052.33
102038,88326.766
102039,145340.28
102040,55621.734
102041,144579.78
102042,117783.46
102043,50936.867
102044,124518.03
102045,45842.78
102046,101207.28
102047,131096.56
102048,100224.83
102049,45464.684
102050,82098.01
102051,51880.133
102052,51021.82
102053,127910.984
102054,58867.223
102055,99657.7
102056,43664.87
102057,105054.34
102058,155286.81
102059,47389.273
102060,113749.57
102061,113467.61
102062,114357.75
102063,108579.445
102064,49617.69
102065,87052.26
102066,106349.81
102067,123105.12
102068,60213.29
102069,92874.74
102070,150728.73
102071,120470.78
102072,61421.54
102073,116028.89
102074,104772.875
102075,50890.26
102076,145722.4
102077,45571.26
102078,118960.375
102079,85671.36
102080,98754.64
102081,130910.67
102082,43802.688
102083,61749.773
102084,122709.28
102085,87247.18
102086,111441.53
102087,88230.92
102088,107828.32
102089,118814.44
102090,101216.38
102091,148822.42
102092,133341.97
102093,125772.63
102094,102212.086
102095,130693.97
102096,51143.703
102097,104123.52
102098,102691.2
102099,85104.51
102100,138141.39
102101,109614.1
102102,111278.06
102103,118119.83
102104,115246.81
102105,52444.707
102106,57054.027
102107,104902.71
102108,116074.086
102109,124854.42
102110,121624.305
102111,50651.133
102112,124222.58
102113,115463.25
102114,112447.41
102115,106731.625
102116,44823.664
102117,99286.69
102118,120429.97
102119,59917.664
102120,138997.22
102121,151317.31
102122,71853.195
102123,49888.87
102124,58454.836
102125,85691.33
102126,46413.734
102127,114230.38
102128,125177.87
102129,153964.19
102130,101034.195
102131,134999.88
102132,91658.85
102133,91318.22
102134,44267.88
102135,48222.676
102136,119957.766
102137,97270.26
102138,169764.22
102139,53549.125
102140,49183.152
102141,125802.64
102142,53483.137
102143,53945.844
102144,128993.27
102145,45043.477
102146,85847.9
102147,55544.11
102148,137435.75
102149,83938.98
102150,44362.8
102151,121088.03
102152,99658.03
102153,44833.043
102154,48117.74
102155,128028.414
102156,139284.48
102157,110588.336
102158,92348.305
102159,49183.8
102160,140813.84
102161,129429.445
102162,48379.402
102163,133614.23
102164,52094.316
102165,106577.16
102166,50601.47
102167,42758.33
102168,106785.68
102169,131983.27
102170,63518.465
102171,53464.094
102172,102785.79
102173,92996.98
102174,121806.83
102175,107167.98
102176,127176.805
102177,156520.1
102178,49438.89
102179,110083.61
102180,49348.3
102181,129716.34
102182,159109.92
102183,81373.9
102184,102881.73
102185,49465.633
102186,48667.215
102187,137246.39
102188,128650.16
102189,46171.81
102190,124880.07
102191,107198.664
102192,90206.29
102193,123185.42
102194,46012.766
102195,115394.37
102196,91300.414
102197,126308.305
102198,97124.22
102199,143510.97
102200,51365.145
102201,133186.27
102202,120672.375
102203,124799.72
102204,116649.836
102205,123466.234
102206,89989.93
102207,56157.19
102208,44918.016
102209,157026.1
102210,113289.73
102211,124249.48
102212,102530.984
102213,108758.75
102214,55027.465
102215,43949.23
102216,58589.21
102217,106222.3
102218,152001.7
102219,161720.48
102220,49898.574
102221,87981.836
102222,164544.44
102223,66524.87
102224,136013.62
102225,46945.98
102226,108978.555
102227,49534.473
102228,123215.9
102229,133074.81
102230,96505.45
102231,145473.64
102232,113280.82
102233,151329.52
102234,109161.32
102235,138013.88
102236,47934.69
102237,100271.375
102238,46994.426
102239,109328.164
102240,47206.4
102241,57413.223
102242,104822.234
102243,84828.89
102244,174163.14
102245,106975.48
102246,58541.06
102247,96321.17
102248,146937.61
102249,131837.8
102250,44511.4
102251,96377.734
102252,107924.51
102253,133212.98
102254,89506.625
102255,44462.633
102256,110494.59
102257,50863.066
102258,56874.645
102259,47234.55
102260,47701.688
102261,107763.41
102262,129736.31
102263,43903.66
102264,48436.92
102265,131694.95
102266,118002.836
102267,129741.94
102268,47680.73
102269,181169.3
102270,55406.402
102271,49558.836
102272,81567.516
102273,59640.41
102274,118190.68
102275,110856.914
102276,136731.39
102277,107204.18
102278,127340.13
102279,48414.355
102280,101082.414
102281,56079.79
102282,120091.09
102283,148228.9
102284,128845.62
102285,53664.617
102286,152546.58
102287,164400.78
102288,118542.68
102289,104424.42
102290,94441.05
102291,55232.402
102292,126471.164
102293,47277.44
102294,56971.746
102295,132889.55
102296,114148.19
102297,114297.69
102298,143131.55
102299,136463.55
102300,100962.484
102301,97825.82
102302,109739.67
102303,115445.27
102304,46793.43
102305,147076.67
102306,96504.28
102307,54996.496
102308,132972.73
102309,52285.586
102310,90674.81
102311,139639.58
102312,145986.83
102313,47368.24
102314,48317.33
102315,48853.24
102316,108983.914
102317,43046.688
102318,47211.84
102319,45871.973
102320,130914.81
102321,49714.05
102322,51868.6
102323,60167.926
102324,131534.95
102325,88015.016
102326,47809.83
102327,43703.688
102328,39841.004
102329,134267.78
102330,48625.95
102331,99083.09
102332,145617.36
102333,56180.35
102334,56390.18
102335,157934.16
102336,48471.82
102337,47715.402
102338,49598.125
102339,100202.84
102340,134075.0
102341,123715.4
102342,137484.69
102343,50304.22
102344,50292.414
102345,99964.14
102346,95663.234
102347,87833.46
102348,38928.344
102349,135567.36
102350,126643.695
102351,114191.52
102352,54748.875
102353,97298.29
102354,50544.574
102355,129342.15
102356,50662.324
102357,118172.65
102358,166455.61
102359,97128.305
102360,48712.38
102361,128982.82
102362,128998.95
102363,90575.1
102364,53350.027
102365,125091.47
102366,106335.805
102367,129926.06
102368,108289.625
102369,51510.574
102370,54405.97
102371,134675.48
102372,58606.008
102373,50580.707
102374,104613.06
102375,91558.14
102376,141366.84
102377,48186.715
102378,109373.83
102379,134209.75
102380,50997.582
102381,50799.18
102382,51272.72
102383,116667.87
102384,48077.805
102385,109921.86
102386,57399.688
102387,119124.39
102388,164541.8
102389,95611.0
102390,141512.39
102391,50423.617
102392,47092.5
102393,68433.62
102394,104436.875
102395,121198.81
102396,124854.88
102397,132659.67
102398,48357.8
102399,50435.15
102400,124934.62
102401,148299.05
102402,131100.58
102403,91593.08
102404,124316.3
102405,148120.66
102406,129116.61
102407,91838.625
102408,46924.098
102409,51900.703
102410,107553.37
102411,109256.836
102412,104554.11
102413,154146.98
102414,59729.69
102415,46374.375
102416,61418.62
102417,85298.07
102418,175105.92
102419,50377.934
102420,45229.1
102421,97358.21
102422,93470.81
102423,140378.27
102424,126177.836
102425,92100.1
102426,91743.914
102427,132203.89
102428,111543.42
102429,85606.78
102430,110087.59
102431,151131.02
102432,85925.77
102433,52152.375
102434,51760.293
102435,117210.086
102436,51622.5
102437,99506.49
102438,46135.48
102439,164439.0
102440,146222.03
102441,127906.26
102442,128177.945
102443,48843.68
102444,45128.562
102445,52378.51
102446,90304.21
102447,107593.65
102448,91998.59
102449,53143.105
102450,123711.49
102451,105663.586
102452,131214.12
102453,125026.83
102454,52426.52
102455,95514.07
102456,62530.676
102457,49423.844
102458,115453.22
102459,164326.2
102460,52603.31
102461,46825.957
102462,138452.86
102463,157944.66
102464,120868.76
102465,64114.78
102466,132196.72
102467,95755.41
102468,56273.71
102469,99746.945
102470,122655.22
102471,124770.68
102472,117437.46
102473,49235.86
102474,49051.59
102475,125452.41
102476,114288.49
102477,107385.914
102478,119699.9
102479,108316.336
102480,60410.07
102481,49525.883
102482,121051.945
102483,53319.92
102484,44860.605
102485,161751.88
102486,162093.55
102487,107858.85
102488,108652.766
102489,103813.91
102490,132593.28
102491,52343.758
102492,48991.434
102493,103435.18
102494,124778.74
102495,127257.21
102496,49174.383
102497,165525.72
102498,51470.934
102499,103900.61
102500,48481.6
102501,108327.53
102502,136456.1
102503,156607.14
102504,114887.63
102505,109893.11
102506,56976.85
102507,55948.258
102508,128515.07
102509,128839.29
102510,49590.707
102511,48287.562
102512,88198.8
102513,102561.47
102514,130404.414
102515,123571.39
102516,53093.098
102517,129805.73
102518,46178.117
102519,124908.445
102520,85664.94
102521,148331.34
102522,51996.184
102523,140210.75
102524,136085.12
102525,49423.26
102526,51898.406
102527,134443.86
102528,115811.9
102529,51151.95
102530,140724.58
102531,120517.0
102532,109232.39
102533,50559.234
102534,154071.94
102535,56329.574
102536,109060.01
102537,115235.625
102538,56413.805
102539,58532.684
102540,47015.023
102541,107986.85
102542,186891.64
102543,51089.65
102544,59737.664
102545,154010.17
102546,94582.305
102547,57625.414
102548,48075.07
102549,47011.566
102550,117733.43
102551,126141.29
102552,47574.754
102553,47151.543
102554,109259.56
102555,130437.62
102556,121503.42
102557,121919.984
102558,55757.504
102559,115329.28
102560,117036.04
102561,46073.887
102562,102062.39
102563,48089.19
102564,110733.39
102565,138153.67
102566,101315.836
102567,170192.75
102568,121929.555
102569,90554.67
102570,128986.13
102571,101526.805
102572,56254.254
102573,125866.43
102574,60896.2
102575,49835.254
102576,101896.69
102577,97754.89
102578,112485.51
102579,107229.07
102580,47953.88
102581,97986.4
102582,49274.766
102583,46986.82
102584,134221.22
102585,53837.81
102586,71650.97
102587,66447.13
102588,109759.59
102589,47472.844
102590,131892.22
102591,126172.32
102592,45371.895
102593,52028.355
102594,88445.08
102595,46722.91
102596,131444.86
102597,55072.35
102598,52080.836
102599,105607.07
102600,50007.59
102601,104870.88
102602,61091.9
102603,117311.64
102604,104415.2
102605,104918.17
102606,139959.4
102607,45245.973
102608,88389.2
102609,137702.78
102610,116976.78
102611,124194.03
102612,46356.883
102613,85844.266
102614,125540.45
102615,50161.527
102616,134258.17
102617,119493.875
102618,109480.164
102619,47322.523
102620,112214.81
102621,145712.8
102622,50780.695
102623,135530.34
102624,52566.77
102625,46762.26
102626,94877.57
102627,141255.7
102628,50103.95
102629,121070.27
102630,94725.62
102631,49305.35
102632,51715.246
102633,46453.105
102634,113621.1
102635,57250.38
102636,56264.832
102637,49838.113
102638,85187.01
102639,100606.77
102640,50603.55
102641,57071.543
102642,92547.445
102643,130617.72
102644,49246.348
102645,160821.98
102646,54466.31
102647,128578.97
102648,97728.33
102649,62105.35
102650,44965.2
102651,130209.51
102652,122877.34
102653,127327.6
102654,129069.336
102655,112515.11
102656,52386.945
102657,52070.12
102658,107083.05
102659,94162.03
102660,112692.055
102661,68839.29
102662,48224.664
102663,110561.63
102664,95827.51
102665,51270.758
102666,118439.38
102667,152623.58
102668,123413.19
102669,50176.453
102670,148112.55
102671,151625.52
102672,130703.92
102673,97947.01
102674,151224.73
102675,99321.45
102676,126991.51
102677,51798.707
102678,119267.35
102679,51537.594
102680,161608.9
102681,104054.15
102682,46103.176
102683,58377.367
102684,132293.33
102685,119674.7
102686,48973.586
102687,95915.43
102688,51228.656
102689,160075.4
102690,104711.99
102691,98750.45
102692,84260.28
102693,188574.62
102694,121738.555
102695,96656.85
102696,87309.36
102697,43058.67
102698,45977.785
102699,124873.89
102700,112227.77
102701,98950.09
102702,88779.72
102703,115573.05
102704,41946.047
102705,123721.96
102706,103216.44
102707,121122.055
102708,124941.47
102709,56123.96
102710,115794.62
102711,121303.39
102712,116552.27
102713,52742.008
102714,93837.766
102715,115191.46
102716,171027.17
102717,118365.7
102718,115978.586
102719,45751.273
102720,142337.5
102721,96527.6
102722,113409.586
102723,125724.6
102724,101078.54
102725,144908.31
102726,164498.14
102727,122859.945
102728,100151.97
102729,49939.605
102730,119749.65
102731,137435.48
102732,49308.066
102733,54136.09
102734,159551.81
102735,122811.086
102736,85969.24
102737,47738.39
102738,89681.5
102739,124362.23
102740,135931.14
102741,108338.98
102742,95869.016
102743,45902.05
102744,125374.195
102745,51825.71
102746,59160.332
102747,110395.67
102748,121810.83
102749,117946.69
102750,129983.55
102751,111734.805
102752,62441.09
102753,164003.34
102754,106931.54
102755,47514.773
102756,46331.348
102757,178033.0
102758,136044.9
102759,115058.53
102760,93763.0
102761,113372.88
102762,95492.85
102763,51310.79
102764,92723.46
102765,52860.574
102766,130030.95
102767,57111.95
102768,147982.36
102769,59232.41
102770,145400.11
102771,47225.01
102772,100694.82
102773,113859.74
102774,50505.96
102775,115528.52
102776,161035.98
102777,142934.05
102778,85691.33
102779,92017.336
102780,143979.08
102781,126760.82
102782,169300.05
102783,98271.56
102784,52022.35
102785,121087.28
102786,53985.137
102787,96050.58
102788,118717.57
102789,183845.34
102790,49069.047
102791,48050.547
102792,151388.67
102793,144684.02
102794,88771.65
102795,96799.32
102796,48037.652
102797,59752.05
102798,108452.42
102799,46948.715
102800,96566.8
102801,50379.86
102802,48167.77
102803,114039.86
102804,50144.973
102805,68227.93
102806,53721.582
102807,48467.414
102808,109058.74
102809,116776.95
102810,51029.207
102811,105154.02
102812,87863.695
102813,167430.16
102814,48795.188
102815,48793.215
102816,102616.41
102817,47088.336
102818,51104.676
102819,47384.473
102820,45874.12
102821,48010.816
102822,42237.36
102823,151120.67
102824,112735.54
102825,87309.36
102826,174428.05
102827,112694.97
102828,121445.96
102829,53872.977
102830,117200.34
102831,113807.99
102832,114397.07
102833,146921.16
102834,51349.477
102835,47456.734
102836,131530.06
102837,52863.32
102838,118048.6
102839,45774.67
102840,85106.01
102841,109103.12
102842,48984.63
102843,107125.45
102844,79821.36
102845,127311.17
102846,111242.38
102847,133011.6
102848,147514.81
102849,150936.78
102850,52994.438
102851,111163.69
102852,41813.62
102853,134829.39
102854,113110.4
102855,152165.17
102856,168630.28
102857,134249.36
102858,120124.24
102859,110700.414
102860,48038.266
102861,114751.63
102862,97569.13
102863,108421.445
102864,48770.52
102865,35610.844
102866,85710.445
102867,54894.7
102868,90428.06
102869,52908.902
102870,51548.31
102871,99406.9
102872,127168.0
102873,144909.88
102874,144620.55
102875,50053.566
102876,126011.29
102877,50926.535
102878,118109.695
102879,143891.45
102880,145194.02
102881,103369.695
102882,44511.086
102883,181454.2
102884,32855.918
102885,48123.86
102886,95893.414
102887,120625.33
102888,113462.055
102889,91310.81
102890,69880.875
102891,122097.695
102892,50964.594
102893,140892.31
102894,139253.89
102895,47024.0
102896,111149.086
102897,111677.87
102898,107623.766
102899,90454.836
102900,174763.1
102901,51135.35
102902,119918.36
102903,126546.86
102904,114472.92
102905,129911.17
102906,105788.33
102907,124723.21
102908,144673.92
102909,57747.637
102910,103568.45
102911,44358.508
102912,43216.184
102913,159526.9
102914,45409.926
102915,181358.48
102916,125220.805
102917,48504.848
102918,133332.89
102919,57567.703
102920,144740.31
102921,50777.406
102922,44784.797
102923,116925.24
102924,88425.87
102925,46623.008
102926,119873.37
102927,133963.66
102928,113372.88
102929,94028.055
102930,86319.234
102931,150205.33
102932,119074.53
102933,116240.734
102934,112987.21
102935,113200.17
102936,119546.73
102937,133434.67
102938,115042.47
102939,53602.55
102940,112822.93
102941,128981.9
102942,123491.78
102943,47416.004
102944,57526.26
102945,96130.95
102946,50659.19
102947,63684.24
102948,52846.207
102949,124309.23
102950,51502.164
102951,155945.53
102952,101082.414
102953,40277.02
102954,138655.08
102955,111045.63
102956,116009.84
102957,46154.137
102958,126971.55
102959,47725.754
102960,68701.44
102961,186470.14
102962,48484.727
102963,93011.69
102964,48815.08
102965,128529.164
102966,90273.15
102967,114215.42
102968,56873.664
102969,45542.07
102970,167106.39
102971,124881.016
102972,46759.562
102973,105716.17
102974,122171.55
102975,64225.184
102976,91338.87
102977,108975.195
102978,109962.34
102979,142338.28
102980,114893.05
102981,132765.33
102982,137235.12
102983,156050.97
102984,89868.17
102985,87162.19
102986,46103.293
102987,142240.39
102988,112733.56
102989,149014.03
102990,131605.7
102991,127771.56
102992,87630.78
102993,109318.766
102994,107621.234
102995,130324.32
102996,64229.5
102997,92833.6
102998,50597.203
102999,109817.83
103000,43370.97
103001,43298.04
103002,115786.43
103003,130499.42
103004,141360.83
103005,53019.68
103006,135409.0
103007,51710.34
103008,44183.99
103009,44039.07
103010,121046.95
103011,107205.17
103012,49951.465
103013,118973.27
103014,110235.19
103015,108968.78
103016,133496.44
103017,96820.51
103018,47618.047
103019,85901.2
103020,107949.56
103021,140769.9
103022,105834.35
103023,47700.977
103024,147480.02
103025,84912.055
103026,105104.45
103027,111532.17
103028,48220.64
103029,119333.44
103030,52501.926
103031,122054.43
103032,45284.344
103033,46012.766
103034,47713.86
103035,58623.105
103036,85045.48
103037,46739.535
103038,50735.04
103039,89790.055
103040,44139.945
103041,130406.17
103042,57082.508
103043,115906.61
103044,102249.5
103045,46790.46
103046,94594.41
103047,42531.09
103048,119684.97
103049,127516.125
103050,94443.77
103051,51656.547
103052,93836.016
103053,152077.89
103054,48588.023
103055,113355.336
103056,128074.96
103057,129734.414
103058,139888.6
103059,103235.13
103060,53956.004
103061,48511.04
103062,104034.87
103063,117640.484
103064,135302.1
103065,93544.586
103066,148167.55
103067,127854.32
103068,127717.695
103069,120569.37
103070,125660.72
103071,128124.04
103072,58032.863
103073,50415.258
103074,92348.0
103075,135728.4
103076,47053.375
103077,43168.793
103078,116529.4
103079,136694.22
103080,55413.652
103081,53874.426
103082,77998.16
103083,111188.48
103084,49652.125
103085,58616.934
103086,107377.03
103087,92357.6
103088,158092.88
103089,106389.055
103090,115413.234
103091,104529.42
103092,112762.164
103093,45844.992
103094,122220.016
103095,122986.38
103096,47576.336
103097,120841.82
103098,48361.22
103099,46190.336
103100,113823.13
103101,151250.19
103102,153581.75
103103,110403.44
103104,131173.86
103105,60888.664
103106,48213.375
103107,97666.7
103108,111442.67
103109,95492.85
103110,124063.625
103111,111733.76
103112,52428.71
103113,150217.8
103114,108439.914
103115,131476.31
103116,103465.96
103117,59604.965
103118,48773.594
103119,112553.51
103120,49747.383
103121,121196.92
103122,108927.28
103123,55702.78
103124,111715.24
103125,144759.64
103126,48812.066
103127,150351.64
103128,110762.25
103129,36378.156
103130,126458.32
103131,47405.41
103132,130339.29
103133,44779.09
103134,50854.39
103135,43866.59
103136,126319.26
103137,150283.56
103138,130562.61
103139,46891.926
103140,134568.02
103141,81966.445
103142,173162.72
103143,53103.367
103144,146937.78
103145,53472.145
103146,125264.945
103147,103426.12
103148,140439.77
103149,108438.484
103150,56099.746
103151,119279.984
103152,119425.69
103153,53372.273
103154,73053.48
103155,132454.86
103156,47298.793
103157,169341.62
103158,122981.03
103159,128953.32
103160,166084.58
103161,124373.914
103162,122578.12
103163,117428.23
103164,146436.34
103165,167119.08
103166,107721.12
103167,45103.53
103168,46910.684
103169,117769.86
103170,43600.29
103171,142511.38
103172,50904.133
103173,110009.61
103174,144206.2
103175,114000.49
103176,112851.82
103177,54535.86
103178,91857.195
103179,107068.02
103180,129611.84
103181,48968.684
103182,44049.305
103183,167977.11
103184,107014.26
103185,109324.48
103186,82508.08
103187,45195.72
103188,139740.42
103189,94995.26
103190,124929.67
103191,131908.66
103192,107931.21
103193,69882.73
103194,47455.613
103195,122703.484
103196,58899.574
103197,125599.92
103198,120068.41
103199,54163.637
103200,50823.426
103201,92973.45
103202,112663.66
103203,128175.81
103204,116047.03
103205,58915.57
103206,107083.05
103207,152631.61
103208,50341.13
103209,47904.46
103210,125312.195
103211,104371.1
103212,53060.168
103213,106835.445
103214,118466.23
103215,105599.89
103216,104517.17
103217,138352.53
103218,161231.66
103219,140447.55
103220,48440.098
103221,105039.31
103222,117027.92
103223,41876.58
103224,127164.12
103225,51850.156
103226,132053.23
103227,47880.215
103228,44928.53
103229,36633.734
103230,61319.137
103231,52012.79
103232,46750.383
103233,102231.695
103234,44945.69
103235,113658.41
103236,100033.1
103237,50762.98
103238,111983.49
103239,111434.47
103240,157240.95
103241,47075.156
103242,43809.44
103243,152653.86
103244,41040.746
103245,115888.91
103246,94167.05
103247,121676.85
103248,108997.07
103249,111968.695
103250,145333.28
103251,151629.6
103252,55302.31
103253,126211.484
103254,64700.84
103255,43709.426
103256,134783.94
103257,52760.496
103258,137816.97
103259,49296.383
103260,50034.53
103261,60026.08
103262,181692.83
103263,149706.48
103264,163905.12
103265,105760.96
103266,135674.5
103267,115532.88
103268,119724.94
103269,120788.07
103270,48738.73
103271,90977.055
103272,109983.93
103273,47409.406
103274,48610.664
103275,109211.06
103276,127197.586
103277,138914.42
103278,51226.36
103279,137889.12
103280,51954.47
103281,94958.64
103282,54268.504
103283,121466.555
103284,99604.086
103285,115123.8
103286,121220.68
103287,49088.984
103288,97014.0
103289,130537.484
103290,142860.02
103291,110056.164
103292,43569.38
103293,129380.914
103294,98258.53
103295,112505.97
103296,52438.785
103297,40928.8
103298,114245.99
103299,53328.207
103300,48081.492
103301,48754.14
103302,106484.78
103303,117358.52
103304,129431.54
103305,45937.227
103306,49746.53
103307,143798.23
103308,110110.59
103309,127888.82
103310,177131.3
103311,51256.855
103312,60266.957
103313,67094.97
103314,68117.62
103315,134440.75
103316,126685.29
103317,50901.09
103318,131155.52
103319,52686.97
103320,129678.85
103321,125339.22
103322,114307.0
103323,43128.44
103324,61304.89
103325,150691.72
103326,106328.375
103327,91451.85
103328,53959.715
103329,70047.32
103330,53962.15
103331,116688.49
103332,53951.707
103333,169570.14
103334,142173.2
103335,123095.7
103336,99790.43
103337,45238.492
103338,133360.25
103339,116444.68
103340,98702.28
103341,53182.758
103342,47993.89
103343,70613.92
103344,111850.65
103345,130726.24
103346,53382.453
103347,138004.05
103348,158952.83
103349,49903.492
103350,185061.62
103351,53311.492
103352,121022.85
103353,110006.984
103354,113857.48
103355,136040.06
103356,50498.6
103357,50668.562
103358,116816.97
103359,120283.445
103360,121818.734
103361,60933.285
103362,124038.94
103363,103432.37
103364,53354.383
103365,48826.88
103366,51518.957
103367,44528.164
103368,152981.0
103369,98241.375
103370,55198.777
103371,44423.617
103372,128323.195
103373,108445.516
103374,92520.43
103375,146461.6
103376,117139.59
103377,113964.65
103378,134548.72
103379,107595.74
103380,45014.402
103381,60457.082
103382,44411.707
103383,120769.24
103384,83734.66
103385,126195.836
103386,53561.547
103387,110507.68
103388,147522.95
103389,116005.44
103390,94344.38
103391,104035.5
103392,53536.555
103393,121024.34
103394,121423.78
103395,48060.098
103396,129701.42
103397,94674.98
103398,65866.05
103399,91300.414
103400,128068.62
103401,95169.555
103402,114659.63
103403,148601.66
103404,148568.19
103405,134516.3
103406,115804.31
103407,34613.85
103408,44722.145
103409,114510.86
103410,134438.73
103411,118374.086
103412,48637.53
103413,49418.707
103414,122481.67
103415,48209.758
103416,98164.61
103417,47065.92
103418,68044.836
103419,46151.133
103420,46443.89
103421,49875.656
103422,103207.29
103423,91373.81
103424,122060.02
103425,100924.81
103426,127704.21
103427,54336.934
103428,114521.54
103429,91369.016
103430,100694.82
103431,155338.8
103432,49321.04
103433,145519.72
103434,98707.22
103435,146188.14
103436,46305.34
103437,107138.86
103438,85045.48
103439,148917.47
103440,109925.805
103441,54751.215
103442,99389.09
103443,128453.87
103444,129961.59
103445,144535.11
103446,148304.12
103447,50027.08
103448,50231.074
103449,127632.61
103450,46395.117
103451,56596.633
103452,93803.58
103453,59513.555
103454,190466.38
103455,112037.445
103456,124951.59
103457,150175.48
103458,128901.04
103459,49083.62
103460,117080.94
103461,97534.91
103462,111314.48
103463,56224.363
103464,49738.934
103465,50061.008
103466,97155.72
103467,48224.18
103468,60252.938
103469,140237.75
103470,43310.016
103471,112578.62
103472,134573.88
103473,106752.39
103474,108078.91
103475,100051.71
103476,60733.383
103477,54915.113
103478,107891.83
103479,104461.46
103480,124494.91
103481,111188.48
103482,195141.48
103483,103655.1
103484,119498.95
103485,80980.2
103486,157143.62
103487,53629.832
103488,109525.4
103489,118338.945
103490,103531.78
103491,44994.734
103492,127358.87
103493,49411.715
103494,119368.2
103495,44372.168
103496,107001.516
103497,92079.75
103498,183054.23
103499,46961.125
103500,51795.664
103501,147049.2
103502,143560.05
103503,48880.332
103504,86253.22
103505,123586.75
103506,132020.06
103507,119805.945
103508,118203.96
103509,130075.82
103510,139912.34
103511,137421.67
103512,46176.58
103513,97298.29
103514,51675.613
103515,54418.164
103516,110513.92
103517,94635.69
103518,114878.3
103519,44856.008
103520,118145.22
103521,124139.086
103522,46807.906
103523,123761.55
103524,148816.67
103525,109046.14
103526,45620.1
103527,54484.023
103528,63727.754
103529,42239.418
103530,92447.03
103531,165573.28
103532,128822.41
103533,107631.84
103534,44464.914
103535,95540.52
103536,114056.59
103537,125995.0
103538,123810.195
103539,53067.812
103540,107967.24
103541,136586.88
103542,121566.23
103543,50260.344
103544,60500.266
103545,51453.676
103546,100581.75
103547,55802.81
103548,117325.81
103549,48736.977
103550,126314.29
103551,150416.95
103552,130814.086
103553,125279.76
103554,91838.625
103555,126582.586
103556,125147.375
103557,139112.27
103558,144410.56
103559,163025.72
103560,78182.22
103561,55091.88
103562,50101.22
103563,122817.3
103564,85339.95
103565,112213.55
103566,45566.25
103567,131240.28
103568,107924.51
103569,167529.88
103570,100014.23
103571,124349.164
103572,98046.73
103573,60481.418
103574,151476.66
103575,139603.23
103576,44945.69
103577,134975.67
103578,59252.277
103579,53189.234
103580,121252.2
103581,116691.555
103582,110231.38
103583,109477.67
103584,119980.12
103585,138791.69
103586,43155.867
103587,119798.8
103588,53035.79
103589,144149.83
103590,53506.582
103591,49854.438
103592,59567.957
103593,45762.285
103594,136293.22
103595,56920.164
103596,42720.96
103597,106211.43
103598,94570.96
103599,129531.54
103600,154502.48
103601,90341.555
103602,113187.77
103603,123818.46
103604,140457.19
103605,66840.61
103606,57042.027
103607,107667.78
103608,95401.55
103609,116967.25
103610,45339.68
103611,118728.93
103612,109515.57
103613,49365.75
103614,52533.062
103615,117742.88
103616,88560.94
103617,70766.32
103618,106108.1
103619,117874.055
103620,125086.43
103621,134175.73
103622,107126.99
103623,106166.6
103624,113470.42
103625,45510.69
103626,125093.65
103627,120346.21
103628,140672.89
103629,46313.797
103630,91636.445
103631,95973.49
103632,105786.12
103633,121113.234
103634,97232.51
103635,120546.41
103636,126252.86
103637,151403.8
103638,75017.83
103639,124277.97
103640,182069.12
103641,156869.5
103642,112916.27
103643,172892.77
103644,135986.58
103645,121624.336
103646,118394.99
103647,47920.277
103648,91779.555
103649,83715.055
103650,143318.52
103651,121471.08
103652,127802.22
103653,118679.766
103654,41323.297
103655,107708.555
103656,143754.34
103657,124289.84
103658,42499.145
103659,51225.016
103660,108997.07
103661,96984.81
103662,83847.91
103663,103322.46
103664,140441.08
103665,96918.18
103666,118667.95
103667,116369.19
103668,90118.37
103669,86620.43
103670,109226.04
103671,85131.22
103672,138498.56
103673,111587.62
103674,116191.266
103675,51149.152
103676,133372.69
103677,51210.79
103678,51560.258
103679,141377.73
103680,121235.914
103681,45647.453
103682,108909.91
103683,46512.812
103684,124007.84
103685,132688.23
103686,46789.863
103687,118878.91
103688,121636.945
103689,56486.59
103690,121244.49
103691,47122.695
103692,52919.207
103693,101777.04
103694,47923.17
103695,107720.75
103696,47400.492
103697,119220.414
103698,52479.74
103699,96177.03
103700,113121.66
103701,130751.12
103702,48152.527
103703,116168.48
103704,99956.49
103705,49523.3
103706,131540.05
103707,44907.23
103708,147244.88
103709,43740.69
103710,52050.984
103711,53006.605
103712,53071.46
103713,48945.0
103714,109083.52
103715,50168.586
103716,51902.727
103717,129468.87
103718,96504.28
103719,125850.33
103720,147601.53
103721,50944.316
103722,44610.258
103723,55320.74
103724,52973.133
103725,51055.324
103726,99199.97
103727,130633.64
103728,49003.957
103729,133340.23
103730,43179.277
103731,125034.79
103732,122995.01
103733,144354.84
103734,139202.27
103735,47895.617
103736,145905.84
103737,116367.49
103738,97715.78
103739,151765.45
103740,149872.94
103741,63132.07
103742,59424.848
103743,121927.25
103744,107849.34
103745,44955.47
103746,105131.914
103747,114005.4
103748,151600.28
103749,159113.9
103750,66833.03
103751,114972.77
103752,120217.65
103753,50841.91
103754,118895.95
103755,105712.27
103756,134033.98
103757,100313.36
103758,119745.91
103759,119782.3
103760,111809.19
103761,130140.445
103762,97753.18
103763,155980.88
103764,154523.84
103765,47160.754
103766,108584.35
103767,46181.91
103768,110041.04
103769,95479.016
103770,109276.71
103771,145355.95
103772,79034.484
103773,134753.45
103774,112039.83
103775,99727.66
103776,129288.21
103777,48419.895
103778,90043.39
103779,57852.156
103780,114726.92
103781,120608.21
103782,107281.4
103783,48122.97
103784,44687.87
103785,97575.336
103786,91600.26
103787,163833.48
103788,137289.62
103789,129494.58
103790,119336.74
103791,51300.574
103792,61532.56
103793,64008.28
103794,47287.703
103795,128864.836
103796,133373.36
103797,47024.0
103798,104672.0
103799,91317.08
103800,52950.902
103801,158985.17
103802,114000.97
103803,123964.14
103804,119345.68
103805,89734.555
103806,133154.16
103807,123921.16
103808,103278.42
103809,73094.95
103810,111392.11
103811,117776.06
103812,91838.625
103813,45650.562
103814,115442.445
103815,170936.31
103816,127067.914
103817,146752.64
103818,61636.297
103819,91234.54
103820,46411.51
103821,118397.71
103822,120206.82
103823,126866.36
103824,86245.98
103825,100648.87
103826,49936.51
103827,144635.6
103828,122519.62
103829,92273.664
103830,59792.19
103831,47705.477
103832,120303.94
103833,110196.89
103834,98711.875
103835,115419.25
103836,169029.72
103837,48907.355
103838,95890.266
103839,124659.15
103840,148063.33
103841,121908.52
103842,48699.605
103843,204013.39
103844,54220.055
103845,37459.547
103846,109161.09
103847,105136.39
103848,137346.53
103849,114044.32
103850,133513.67
103851,42698.375
103852,46752.51
103853,54455.434
103854,81633.875
103855,142052.83
103856,75362.75
103857,46586.59
103858,124742.97
103859,130744.64
103860,44764.594
103861,110280.4
103862,132841.12
103863,47470.652
103864,53439.8
103865,166486.86
103866,109348.16
103867,102007.12
103868,115319.016
103869,46380.203
103870,138089.98
103871,125264.086
103872,47787.63
103873,49183.72
103874,48893.863
103875,51186.6
103876,96507.41
103877,135807.94
103878,87981.836
103879,95359.33
103880,47343.85
103881,132251.98
103882,86028.44
103883,117052.25
103884,59149.914
103885,117469.72
103886,164724.77
103887,48592.043
103888,114620.81
103889,108735.24
103890,90117.26
103891,106433.555
103892,53027.562
103893,157253.58
103894,107261.34
103895,150398.84
103896,116912.945
103897,130450.86
103898,121199.32
103899,140011.22
103900,50230.316
103901,125990.37
103902,127946.35
103903,57452.996
103904,124139.95
103905,115500.82
103906,122736.695
103907,155819.94
103908,124706.26
103909,127489.58
103910,49163.414
103911,45802.1
103912,119713.82
103913,53974.215
103914,122045.305
103915,125912.82
103916,51510.742
103917,47806.42
103918,112005.89
103919,52754.0
103920,147840.0
103921,51427.1
103922,81670.14
103923,51173.527
103924,97672.97
103925,125609.57
103926,42566.445
103927,107905.086
103928,93142.74
103929,112536.266
103930,97821.44
103931,54540.703
103932,46975.35
103933,155539.03
103934,59698.605
103935,58023.29
103936,112883.195
103937,128460.11
103938,131181.48
103939,44352.688
103940,98675.98
103941,114721.414
103942,116540.984
103943,108372.41
103944,48951.14
103945,52540.336
103946,57408.855
103947,96527.6
103948,47293.992
103949,94218.02
103950,120767.95
103951,53051.742
103952,122881.5
103953,108912.586
103954,73392.875
103955,100399.36
103956,47939.492
103957,120696.74
103958,52700.477
103959,100246.35
103960,151847.53
103961,108897.24
103962,49520.03
103963,150746.89
103964,45438.676
103965,139454.3
103966,101729.06
103967,131759.69
103968,107204.86
103969,48220.64
103970,138474.89
103971,97856.555
103972,45014.746
103973,166453.27
103974,115047.73
103975,119533.4
103976,131625.72
103977,45085.516
103978,132954.44
103979,108547.32
103980,121166.52
103981,115471.91
103982,88771.65
103983,102233.97
103984,48508.418
103985,178369.31
103986,120454.27
103987,136230.12
103988,191529.36
103989,100499.76
103990,113582.805
103991,65749.07
103992,144919.83
103993,107966.54
103994,151857.25
103995,125779.63
103996,46088.1
103997,122046.13
103998,122361.73
103999,96519.13
104000,106873.43
104001,123761.03
104002,110716.47
104003,143291.61
104004,135774.45
104005,49637.02
104006,130873.66
104007,44809.742
104008,49674.05
104009,143152.27
104010,118433.41
104011,91890.64
104012,53474.098
104013,167796.86
104014,53223.688
104015,141972.72
104016,114661.15
104017,120953.52
104018,86774.65
104019,144245.17
104020,102271.84
104021,86393.766
104022,112844.05
104023,52546.547
104024,51332.145
104025,135351.86
104026,108218.97
104027,47772.39
104028,46382.566
104029,86028.44
104030,48376.11
104031,121691.625
104032,45037.027
104033,47847.69
104034,161161.48
104035,49006.195
104036,144515.6
104037,102241.17
104038,101018.79
104039,86319.234
104040,113019.73
104041,112159.51
104042,95915.43
104043,155845.66
104044,131391.19
104045,109391.97
104046,93763.0
104047,46952.168
104048,56021.133
104049,104238.8
104050,46590.637
104051,124549.625
104052,75688.586
104053,44937.51
104054,150834.12
104055,57896.375
104056,48774.508
104057,137204.33
104058,55556.047
104059,90868.85
104060,116025.1
104061,119772.98
104062,107095.305
104063,154915.95
104064,84164.125
104065,56351.93
104066,113942.67
104067,45349.117
104068,61571.05
104069,106774.09
104070,115508.64
104071,118826.71
104072,117830.75
104073,48481.6
104074,124178.85
104075,112006.83
104076,52917.01
104077,113835.836
104078,149166.66
104079,46203.926
104080,94143.36
104081,156741.5
104082,93975.44
104083,118649.055
104084,114966.13
104085,99937.695
104086,172860.34
104087,123799.625
104088,98126.68
104089,128864.49
104090,102412.48
104091,146265.38
104092,58511.793
104093,44922.258
104094,87532.59
104095,116155.586
104096,46670.27
104097,47352.938
104098,52469.91
104099,140841.6
104100,150302.62
104101,48291.062
104102,127485.16
104103,151396.34
104104,48938.945
104105,123928.29
104106,109405.3
104107,136829.33
104108,47814.617
104109,123827.92
104110,51448.605
104111,49635.875
104112,45317.637
104113,58249.2
104114,103345.55
104115,111166.57
104116,88163.52
104117,106287.44
104118,41059.58
104119,49255.73
104120,128959.42
104121,104087.67
104122,52606.203
104123,107941.28
104124,44824.094
104125,102240.83
104126,142619.19
104127,117044.734
104128,121278.555
104129,44893.1
104130,91800.59
104131,98825.67
104132,132964.84
104133,121746.69
104134,49198.797
104135,52643.723
104136,124617.305
104137,118242.58
104138,109714.82
104139,50677.973
104140,44468.79
104141,178460.67
104142,51943.008
104143,109193.91
104144,125782.53
104145,160460.2
104146,104134.54
104147,95928.805
104148,118951.016
104149,165129.22
104150,106740.984
104151,118380.71
104152,49352.69
104153,48404.293
104154,129915.13
104155,118702.266
104156,54864.36
104157,130231.2
104158,44077.89
104159,61898.793
104160,132187.64
104161,106035.6
104162,117652.17
104163,50690.29
104164,103238.78
104165,128492.96
104166,47885.44
104167,109516.25
104168,162448.2
104169,42284.414
104170,115489.99
104171,119566.54
104172,101148.07
104173,107534.52
104174,48649.32
104175,126124.16
104176,88745.266
104177,136246.33
104178,119850.46
104179,55145.8
104180,130374.67
104181,128671.04
104182,124613.02
104183,153564.75
104184,59065.676
104185,112135.68
104186,85686.3
104187,104670.43
104188,148262.8
104189,114773.57
104190,105379.71
104191,99089.59
104192,147005.75
104193,160951.42
104194,110767.305
104195,97043.01
104196,46313.164
104197,90668.85
104198,106043.37
104199,148747.28
104200,157525.53
104201,53159.848
104202,133396.77
104203,105805.13
104204,49396.5
104205,114037.83
104206,152802.05
104207,109647.92
104208,42284.414
104209,48320.45
104210,127758.66
104211,114221.21
104212,143784.28
104213,45201.727
104214,91310.81
104215,120056.87
104216,148913.62
104217,43812.297
104218,104924.45
104219,111202.164
104220,47807.16
104221,48878.227
104222,109803.9
104223,164108.34
104224,134692.55
104225,121122.1
104226,119405.734
104227,147895.95
104228,132039.92
104229,151211.53
104230,154310.73
104231,109505.31
104232,130237.63
104233,117970.305
104234,44821.113
104235,118244.45
104236,111654.31
104237,167279.92
104238,117521.625
104239,97436.766
104240,129325.8
104241,48316.723
104242,94313.06
104243,51358.543
104244,196732.64
104245,48603.64
104246,120738.92
104247,54349.645
104248,107511.555
104249,45245.613
104250,120128.59
104251,116215.484
104252,101648.51
104253,56914.125
104254,132712.72
104255,118352.18
104256,57262.227
104257,227000.03
104258,142426.12
104259,128672.45
104260,83965.54
104261,100257.914
104262,47838.844
104263,53455.6
104264,151341.47
104265,122016.56
104266,117427.99
104267,45199.543
104268,93974.92
104269,137174.58
104270,130978.734
104271,58636.12
104272,42414.918
104273,43492.223
104274,46336.863
104275,104906.016
104276,53972.33
104277,50118.68
104278,47680.43
104279,51361.832
104280,100653.57
104281,133420.42
104282,165084.34
104283,52199.82
104284,54836.266
104285,138251.81
104286,137984.17
104287,45998.434
104288,113937.055
104289,101134.33
104290,115375.375
104291,53352.875
104292,110789.38
104293,168227.1
104294,129899.32
104295,49232.188
104296,134854.84
104297,126133.77
104298,129260.95
104299,59719.15
104300,158944.97
104301,145845.44
104302,116706.1
104303,111830.555
104304,53630.203
104305,116903.08
104306,43902.54
104307,47550.78
104308,108332.46
104309,93831.05
104310,55632.633
104311,46287.9
104312,106681.195
104313,130931.49
104314,118651.31
104315,134108.28
104316,116575.68
104317,128027.87
104318,149998.83
104319,133166.7
104320,49565.254
104321,95479.016
104322,44221.98
104323,110431.83
104324,111873.76
104325,101884.72
104326,137340.2
104327,173056.12
104328,102901.42
104329,112448.3
104330,145720.56
104331,47286.918
104332,92761.53
104333,121670.695
104334,133042.75
104335,87136.59
104336,98269.62
104337,123605.4
104338,134313.55
104339,99424.28
104340,153877.6
104341,47934.92
104342,118288.48
104343,55768.926
104344,38126.23
104345,120069.77
104346,135580.33
104347,108079.33
104348,50073.367
104349,53502.44
104350,111758.1
104351,159432.78
104352,51453.676
104353,134512.02
104354,128093.3
104355,139761.2
104356,57241.93
104357,139333.5
104358,129941.65
104359,49802.66
104360,115124.97
104361,129164.12
104362,151664.39
104363,136992.52
104364,133498.4
104365,55076.727
104366,132008.69
104367,47988.383
104368,131903.1
104369,125073.46
104370,88405.97
104371,109417.836
104372,92079.45
104373,111678.84
104374,121719.44
104375,87781.43
104376,106718.484
104377,51121.883
104378,54773.59
104379,42492.836
104380,133238.3
104381,120682.9
104382,49819.504
104383,49535.844
104384,161788.58
104385,100546.086
104386,115981.5
104387,105249.51
104388,145589.75
104389,118645.914
104390,166932.47
104391,160618.27
104392,128757.86
104393,52999.18
104394,113154.33
104395,43322.73
104396,53088.137
104397,85688.125
104398,122238.07
104399,89601.2
104400,100845.9
104401,61266.79
104402,87751.87
104403,130752.734
104404,125735.41
104405,48173.938
104406,117731.22
104407,45621.715
104408,107083.05
104409,53985.023
104410,95632.59
104411,122742.32
104412,47973.785
104413,128672.016
104414,91451.85
104415,48210.844
104416,45960.824
104417,52028.355
104418,149535.44
104419,53555.227
104420,45762.285
104421,48852.246
104422,139286.81
104423,113630.21
104424,60650.246
104425,147147.34
104426,46734.92
104427,94513.36
104428,102599.29
104429,120732.5
104430,140613.52
104431,104131.945
104432,55870.062
104433,46002.5
104434,80041.375
104435,116540.93
104436,52110.723
104437,50909.65
104438,62491.098
104439,111855.19
104440,47341.145
104441,137768.8
104442,158782.89
104443,102881.73
104444,46385.45
104445,46811.324
104446,136114.52
104447,45565.863
104448,159677.19
104449,50724.95
104450,60010.71
104451,50362.656
104452,130166.41
104453,135813.8
104454,46361.4
104455,123745.87
104456,51037.887
104457,47939.492
104458,148722.69
104459,124176.1
104460,115991.19
104461,120137.68
104462,114721.695
104463,105803.99
104464,89582.98
104465,128969.984
104466,141559.4
104467,131805.22
104468,45712.535
104469,98269.7
104470,46078.6
104471,126958.63
104472,125976.11
104473,91933.625
104474,93363.31
104475,52428.17
104476,106049.76
104477,121531.73
104478,106824.52
104479,46009.516
104480,117250.23
104481,119452.8
104482,157744.97
104483,96654.86
104484,128588.22
104485,123663.18
104486,49400.74
104487,128446.92
104488,48520.59
104489,50315.574
104490,110427.125
104491,106357.04
104492,48720.703
104493,166660.66
104494,52523.94
104495,97032.766
104496,108479.17
104497,154994.31
104498,125787.48
104499,79887.39
104500,127164.11
104501,175869.36
104502,152721.81
104503,101837.586
104504,123108.68
104505,68986.65
104506,69378.62
104507,132952.86
104508,86028.44
104509,49890.46
104510,129025.89
104511,96836.586
104512,45988.598
104513,116610.26
104514,122593.28
104515,111720.17
104516,128210.58
104517,115211.02
104518,119447.2
104519,103584.33
104520,58414.457
104521,130822.72
104522,92465.56
104523,136615.4
104524,102918.88
104525,45317.832
104526,154952.4
104527,82670.914
104528,139372.39
104529,110291.13
104530,121229.78
104531,48135.24
104532,125250.04
104533,45109.273
104534,106442.56
104535,113895.9
104536,121317.14
104537,118975.81
104538,121541.29
104539,180467.83
104540,99164.77
104541,90358.61
104542,48375.664
104543,44661.61
104544,121705.12
104545,184617.1
104546,100120.49
104547,138725.58
104548,103457.23
104549,130529.63
104550,157427.4
104551,111897.27
104552,131028.78
104553,145425.1
104554,134403.27
104555,116042.97
104556,50188.195
104557,54182.91
104558,94130.24
104559,122500.73
104560,102214.125
104561,107772.836
104562,112472.266
104563,46021.266
104564,137200.9
104565,109988.07
104566,127054.55
104567,108984.484
104568,142910.0
104569,135107.16
104570,114486.97
104571,176062.97
104572,53609.18
104573,49272.73
104574,99899.83
104575,127035.945
104576,125863.04
104577,121200.32
104578,45340.094
104579,44277.613
104580,122975.92
104581,101949.32
104582,155044.88
104583,59411.746
104584,96247.4
104585,121082.12
104586,50283.15
104587,136003.84
104588,120773.8
104589,53575.52
104590,108364.93
104591,47471.414
104592,108484.84
104593,50560.18
104594,141700.03
104595,144153.6
104596,153607.44
104597,55529.465
104598,119494.766
104599,44788.906
104600,60784.8
104601,102966.55
104602,119763.33
104603,48707.277
104604,173421.02
104605,127453.18
104606,104226.81
104607,98298.48
104608,109368.19
104609,136689.22
104610,44317.094
104611,47880.89
104612,127843.55
104613,136411.19
104614,101001.59
104615,47951.523
104616,99602.234
104617,109107.08
104618,155287.94
104619,144225.69
104620,116153.33
104621,50056.23
104622,46164.836
104623,95044.1
104624,125473.36
104625,124501.66
104626,45725.05
104627,97128.305
104628,136401.38
104629,147605.34
104630,50105.715
104631,48370.715
104632,51391.387
104633,57001.094
104634,119853.586
104635,126562.34
104636,107931.21
104637,144772.5
104638,85187.766
104639,136887.75
104640,112638.36
104641,93498.555
104642,48148.28
104643,118297.26
104644,134758.17
104645,130237.63
104646,121333.94
104647,181732.8
104648,108631.36
104649,132547.84
104650,100619.234
104651,147080.36
104652,84854.8
104653,118228.336
104654,151185.86
104655,108653.234
104656,94150.836
104657,119258.67
104658,120865.89
104659,95729.85
104660,112043.305
104661,112913.21
104662,101607.305
104663,142063.66
104664,137294.66
104665,107083.05
104666,55541.316
104667,78077.53
104668,120672.16
104669,131768.6
104670,136839.33
104671,125734.18
104672,66121.51
104673,101204.13
104674,103836.87
104675,119850.61
104676,91425.39
104677,40522.625
104678,113755.9
104679,54174.062
104680,118523.555
104681,126907.73
104682,131944.62
104683,48257.727
104684,104251.62
104685,47856.07
104686,118907.57
104687,44634.418
104688,115066.5
104689,123628.16
104690,112316.6
104691,43099.984
104692,50024.016
104693,164673.89
104694,132428.42
104695,154773.94
104696,112043.5
104697,122443.1
104698,97019.0
104699,65705.36
104700,52949.062
104701,92996.98
104702,115961.92
104703,50952.84
104704,57366.36
104705,111917.62
104706,47206.19
104707,90731.13
104708,118258.305
104709,55371.688
104710,124347.13
104711,109140.71
104712,52098.758
104713,103022.01
104714,85710.445
104715,131543.17
104716,133432.02
104717,88620.99
104718,87818.94
104719,50140.402
104720,54482.613
104721,85738.01
104722,48714.13
104723,99328.09
104724,97730.87
104725,187420.75
104726,52312.184
104727,112618.234
104728,80395.055
104729,100619.85
104730,130689.23
104731,53183.49
104732,65503.78
104733,55814.008
104734,138303.38
104735,117860.66
104736,130793.57
104737,114439.19
104738,111084.98
104739,139615.22
104740,106718.484
104741,46255.848
104742,98136.586
104743,198162.47
104744,103223.5
104745,125674.414
104746,108590.85
104747,50209.17
104748,37621.766
104749,41652.863
104750,52876.54
104751,126721.21
104752,161662.14
104753,125997.984
104754,44994.734
104755,51220.473
104756,116279.25
104757,101504.59
104758,48456.977
104759,111043.15
104760,44931.58
104761,99039.6
104762,52719.535
104763,152421.14
104764,125453.98
104765,45196.523
104766,84127.07
104767,45966.992
104768,50311.4
104769,53963.863
104770,125638.24
104771,133393.25
104772,111432.64
104773,107846.2
104774,140518.4
104775,62437.94
104776,111219.016
104777,129316.97
104778,138901.33
104779,45960.145
104780,46292.07
104781,107769.766
104782,200644.14
104783,93784.65
104784,126914.07
104785,113964.65
104786,46858.742
104787,118211.13
104788,125120.56
104789,111449.74
104790,87217.92
104791,139490.83
104792,115705.06
104793,52886.28
104794,132232.66
104795,125777.07
104796,128336.61
104797,41662.336
104798,56135.19
104799,106781.05
104800,45684.03
104801,46251.496
104802,97242.625
104803,43908.125
104804,115912.87
104805,155018.94
104806,119851.13
104807,106411.62
104808,44832.695
104809,51256.45
104810,125933.164
104811,48294.67
104812,49728.793
104813,108770.62
104814,104223.64
104815,108481.31
104816,135665.2
104817,90046.34
104818,107126.99
104819,45565.863
104820,109536.48
104821,51403.934
104822,57984.95
104823,96505.79
104824,90847.46
104825,44907.23
104826,148042.9
104827,113064.11
104828,104610.484
104829,123703.95
104830,125082.01
104831,147427.84
104832,112480.33
104833,115013.45
104834,137426.42
104835,126408.36
104836,141843.7
104837,57100.074
104838,125862.6
104839,120318.57
104840,51429.598
104841,102001.555
104842,136014.5
104843,98099.33
104844,107065.72
104845,113983.32
104846,51912.246
104847,52553.805
104848,42720.96
104849,49263.15
104850,144109.03
104851,127856.016
104852,46181.91
104853,146776.69
104854,47716.4
104855,110454.8
104856,106578.29
104857,105600.33
104858,119664.7
104859,98170.55
104860,111830.34
104861,131916.52
104862,45014.746
104863,49703.836
104864,49321.04
104865,118351.02
104866,40535.363
104867,90000.984
104868,159957.75
104869,149274.66
104870,114372.77
104871,48884.266
104872,98874.2
104873,141466.78
104874,226823.6
104875,189848.33
104876,96505.45
104877,48646.16
104878,139170.66
104879,127578.12
104880,168415.72
104881,116463.36
104882,47218.87
104883,130434.94
104884,121482.51
104885,49270.535
104886,88372.914
104887,146021.14
104888,143897.05
104889,94414.805
104890,86028.44
104891,58360.777
104892,121454.28
104893,100086.76
104894,97753.18
104895,58498.406
104896,51879.51
104897,49703.09
104898,54412.89
104899,148147.53
104900,57988.496
104901,63104.855
104902,54842.164
104903,124118.91
104904,54273.383
104905,60878.664
104906,47048.48
104907,177735.83
104908,98397.14
104909,49089.33
104910,115324.42
104911,107301.29
104912,131250.19
104913,115817.24
104914,125198.19
104915,92222.01
104916,48506.758
104917,181103.2
104918,48343.66
104919,117809.89
104920,45542.07
104921,105031.13
104922,133563.39
104923,110701.984
104924,110894.63
104925,42791.57
104926,93371.96
104927,49405.574
104928,174365.55
104929,137425.75
104930,128796.484
104931,66075.36
104932,96108.695
104933,48470.094
104934,100858.11
104935,124648.8
104936,112472.69
104937,124578.24
104938,46181.91
104939,110588.0
104940,121568.49
104941,149326.67
104942,122844.01
104943,47492.863
104944,46133.57
104945,140851.4
104946,116262.08
104947,47211.84
104948,190990.27
104949,88639.33
104950,45987.496
104951,96152.36
104952,49513.84
104953,131285.97
104954,112025.26
104955,149078.58
104956,134131.4
104957,46082.414
104958,81091.79
104959,108029.125
104960,45208.234
104961,141260.28
104962,102930.14
104963,163981.56
104964,87931.59
104965,167119.34
104966,111068.78
104967,56658.723
104968,147526.36
104969,118860.164
104970,88962.734
104971,131093.31
104972,118725.625
104973,46231.527
104974,131842.16
104975,139584.81
104976,128034.516
104977,102184.836
104978,154294.83
104979,96968.484
104980,60401.88
104981,119434.234
104982,39627.836
104983,94082.555
104984,174833.47
104985,57019.02
104986,101261.64
104987,120182.13
104988,93439.23
104989,126462.21
104990,97054.14
104991,59495.535
104992,150236.23
104993,130925.71
104994,46472.09
104995,47385.836
104996,93240.484
104997,136436.3
104998,114703.766
104999,46271.703
105000,51662.152
105001,106494.59
105002,50213.766
105003,145072.97
105004,86107.42
105005,132100.27
105006,44543.29
105007,85397.77
105008,87560.234
105009,81670.14
105010,97323.54
105011,91499.016
105012,96460.12
105013,83538.05
105014,45621.715
105015,105313.734
105016,140159.05
105017,49308.332
105018,54242.625
105019,48013.58
105020,44671.332
105021,52551.676
105022,47950.508
105023,48857.387
105024,154433.39
105025,111691.34
105026,101814.26
105027,130634.18
105028,152661.84
105029,93470.81
105030,124285.31
105031,129051.88
105032,56411.633
105033,139649.3
105034,53702.617
105035,146076.7
105036,124379.76
105037,103793.15
105038,45053.133
105039,138119.4
105040,55258.15
105041,127787.46
105042,87801.96
105043,49140.715
105044,72735.76
105045,95083.82
105046,87882.266
105047,92975.55
105048,48736.977
105049,116773.9
105050,129047.086
105051,47521.24
105052,135064.06
105053,45254.242
105054,48670.734
105055,87111.96
105056,46894.336
105057,134689.5
105058,109494.76
105059,112408.47
105060,54592.816
105061,48491.168
105062,44180.875
105063,46915.242
105064,109745.38
105065,110443.64
105066,116010.664
105067,129458.91
105068,46433.137
105069,55300.59
105070,111045.34
105071,111141.5
105072,53502.44
105073,52844.746
105074,134825.47
105075,147553.03
105076,130662.625
105077,38626.78
105078,55531.523
105079,94565.67
105080,127576.734
105081,100673.83
105082,187243.22
105083,49018.7
105084,88433.93
105085,114093.484
105086,48005.582
105087,146074.97
105088,113467.984
105089,153880.0
105090,134502.45
105091,44767.555
105092,103910.6
105093,138282.06
105094,49920.688
105095,107359.695
105096,105078.55
105097,160264.44
105098,49400.74
105099,47053.895
105100,102068.32
105101,126888.67
105102,105095.42
105103,60882.594
105104,117421.96
105105,117167.805
105106,44402.434
105107,46047.812
105108,49076.23
105109,140854.36
105110,60550.855
105111,107047.83
105112,119542.09
105113,44468.95
105114,90873.57
105115,47851.36
105116,97350.67
105117,113807.99
105118,133420.64
105119,47979.812
105120,130777.55
105121,104827.2
105122,111432.836
105123,49038.09
105124,135983.2
105125,47601.945
105126,76770.75
105127,119424.74
105128,104770.93
105129,144117.94
105130,94550.29
105131,48888.293
105132,42116.785
105133,46604.67
105134,137857.06
105135,106699.516
105136,128615.86
105137,50046.44
105138,107520.52
105139,51946.65
105140,125222.78
105141,46589.168
105142,111055.74
105143,94557.78
105144,87323.28
105145,135627.27
105146,46097.527
105147,43106.875
105148,169463.31
105149,102862.445
105150,55330.42
105151,126320.08
105152,107720.86
105153,135887.98
105154,104554.11
105155,114383.9
105156,97715.78
105157,45028.51
105158,147970.77
105159,100217.15
105160,138814.78
105161,103371.79
105162,168581.61
105163,110122.34
105164,45254.242
105165,139048.52
105166,95295.21
105167,155128.73
105168,54070.59
105169,44839.87
105170,103635.52
105171,42134.434
105172,100230.95
105173,47211.84
105174,129110.7
105175,108189.586
105176,53401.85
105177,58278.453
105178,113868.38
105179,120100.27
105180,131284.98
105181,110322.77
105182,136782.12
105183,107095.48
105184,127074.73
105185,94032.516
105186,136677.64
105187,46485.06
105188,72336.18
105189,139692.67
105190,109754.3
105191,50323.31
105192,85464.6
105193,122684.87
105194,55407.91
105195,151238.42
105196,51560.22
105197,52882.27
105198,132183.94
105199,103146.64
105200,125656.49
105201,97260.83
105202,56382.266
105203,112704.08
105204,146932.94
105205,44740.668
105206,48439.63
105207,76218.0
105208,115234.84
105209,127622.555
105210,91838.625
105211,60207.52
105212,111227.34
105213,115135.13
105214,48145.02
105215,121752.58
105216,119728.266
105217,114196.27
105218,90358.61
105219,53971.555
105220,147041.28
105221,145995.86
105222,124507.71
105223,53293.75
105224,47950.11
105225,113923.93
105226,132720.73
105227,92414.47
105228,89889.77
105229,48865.855
105230,56346.56
105231,151126.3
105232,141283.83
105233,131289.39
105234,56796.234
105235,134919.53
105236,51528.36
105237,130524.836
105238,52558.695
105239,52716.836
105240,139514.31
105241,122372.484
105242,48511.617
105243,46400.645
105244,44373.1
105245,124686.695
105246,110158.84
105247,44289.48
105248,121137.88
105249,52397.363
105250,103641.11
105251,126170.7
105252,131616.98
105253,113497.2
105254,111714.97
105255,114230.664
105256,47302.785
105257,172736.72
105258,90121.53
105259,58022.1
105260,50829.08
105261,136185.77
105262,164795.45
105263,139424.83
105264,49839.977
105265,173177.28
105266,90019.22
105267,99268.766
105268,50769.656
105269,123659.22
105270,45725.05
105271,116687.21
105272,131001.516
105273,174795.14
105274,87078.11
105275,112475.73
105276,103623.055
105277,100145.57
105278,45836.176
105279,145589.8
105280,127707.47
105281,101949.32
105282,102352.1
105283,175043.66
105284,47798.164
105285,48792.168
105286,109475.81
105287,59254.547
105288,108893.98
105289,93906.53
105290,100418.9
105291,131674.7
105292,106054.766
105293,57805.5
105294,52818.562
105295,95458.7
105296,53833.492
105297,50641.12
105298,136084.5
105299,108637.29
105300,84492.04
105301,74786.68
105302,121487.1
105303,84900.59
105304,57423.688
105305,45158.715
105306,42540.58
105307,47681.08
105308,47963.43
105309,107254.14
105310,137736.73
105311,51675.125
105312,95458.7
105313,114757.695
105314,113537.95
105315,50937.473
105316,130546.23
105317,51560.22
105318,129905.48
105319,101275.88
105320,109709.38
105321,147524.94
105322,113963.08
105323,109183.12
105324,121092.62
105325,125925.69
105326,148498.5
105327,110993.33
105328,56979.992
105329,150033.44
105330,49626.938
105331,140359.66
105332,47389.273
105333,121059.484
105334,45769.848
105335,101818.05
105336,45014.746
105337,116337.39
105338,122974.21
105339,124030.43
105340,138525.89
105341,116467.04
105342,51305.99
105343,141110.12
105344,83628.93
105345,106428.5
105346,50777.406
105347,45381.31
105348,128293.805
105349,113312.45
105350,48342.453
105351,101016.836
105352,55562.293
105353,129971.555
105354,134542.45
105355,127826.19
105356,41842.5
105357,47209.58
105358,113814.41
105359,117859.56
105360,139915.83
105361,148005.11
105362,51167.03
105363,122473.516
105364,120343.63
105365,75906.89
105366,48007.043
105367,50303.645
105368,125727.26
105369,135848.6
105370,132279.28
105371,51978.363
105372,61034.69
105373,84260.28
105374,83549.5
105375,122396.53
105376,177284.25
105377,45697.24
105378,50861.79
105379,48390.38
105380,130294.54
105381,102901.42
105382,105967.555
105383,110363.45
105384,95371.86
105385,110984.29
105386,100610.47
105387,98073.91
105388,46641.727
105389,111420.74
105390,126963.555
105391,135721.1
105392,110719.49
105393,51265.12
105394,45966.49
105395,159013.95
105396,53685.97
105397,92551.0
105398,134369.69
105399,50198.19
105400,119095.61
105401,101048.695
105402,120438.125
105403,119539.016
105404,43707.477
105405,51278.984
105406,124638.16
105407,125739.984
105408,146846.77
105409,140323.56
105410,47209.03
105411,111025.77
105412,45473.566
105413,46841.332
105414,148451.64
105415,49391.34
105416,138600.52
105417,117818.29
105418,46330.516
105419,82324.766
105420,51358.01
105421,47735.293
105422,133308.22
105423,135895.81
105424,112946.266
105425,104850.36
105426,47880.89
105427,44963.652
105428,81749.23
105429,130234.23
105430,55597.67
105431,112126.58
105432,117715.78
105433,122187.766
105434,53764.6
105435,132746.45
105436,51945.46
105437,129699.96
105438,47793.99
105439,108026.125
105440,119394.83
105441,127549.266
105442,119944.99
105443,116062.766
105444,62723.13
105445,47368.24
105446,96539.9
105447,52878.016
105448,56065.832
105449,98098.164
105450,46088.375
105451,47419.383
105452,72130.06
105453,48116.793
105454,109095.2
105455,58747.38
105456,48604.36
105457,130516.63
105458,99256.48
105459,52525.254
105460,117560.47
105461,46399.5
105462,101574.336
105463,114820.84
105464,118021.12
105465,93238.85
105466,49206.27
105467,44540.855
105468,50040.74
105469,50373.94
105470,69679.734
105471,184474.73
105472,55010.348
105473,209028.89
105474,49510.934
105475,109243.13
105476,48242.465
105477,122480.75
105478,52164.395
105479,140033.34
105480,125833.24
105481,152676.58
105482,54129.758
105483,47930.4
105484,120283.1
105485,107675.586
105486,144874.42
105487,216104.27
105488,107201.96
105489,52345.094
105490,117771.46
105491,112756.77
105492,94348.6
105493,108441.51
105494,45774.586
105495,117914.79
105496,200012.8
105497,129560.07
105498,114269.625
105499,117071.1
105500,100175.96
105501,46012.766
105502,172963.08
105503,106276.01
105504,111081.414
105505,48264.77
105506,89299.3
105507,109145.8
105508,89950.305
105509,125922.734
105510,104866.625
105511,54117.777
105512,49459.62
105513,90341.555
105514,49236.96
105515,87630.78
105516,128857.23
105517,121704.586
105518,114541.56
105519,96505.79
105520,126745.17
105521,87136.59
105522,46595.57
105523,46088.1
105524,42696.344
105525,110479.69
105526,97771.414
105527,109842.34
105528,118085.35
105529,51079.086
105530,47368.098
105531,111620.836
105532,147587.08
105533,121043.01
105534,140141.61
105535,120912.695
105536,114771.87
105537,47950.11
105538,95331.0
105539,65098.18
105540,104799.19
105541,44159.02
105542,50706.887
105543,129764.65
105544,47205.605
105545,167331.1
105546,99026.88
105547,117200.555
105548,129141.0
105549,123151.81
105550,114214.02
105551,96328.87
105552,123311.91
105553,43370.97
105554,150698.2
105555,108978.555
105556,52477.57
105557,104523.164
105558,112809.46
105559,146213.92
105560,123276.984
105561,102711.55
105562,120170.95
105563,147289.64
105564,49524.7
105565,123754.234
105566,46103.293
105567,137685.86
105568,108665.82
105569,57508.246
105570,149862.98
105571,93479.625
105572,106274.36
105573,47980.59
105574,43924.883
105575,146566.39
105576,118356.76
105577,149629.23
105578,46801.0
105579,126044.28
105580,161115.58
105581,135767.02
105582,59209.957
105583,115062.86
105584,117582.234
105585,106272.266
105586,97566.805
105587,129057.88
105588,50089.305
105589,86606.45
105590,114908.32
105591,146126.02
105592,96508.36
105593,230398.88
105594,128873.97
105595,121788.516
105596,56464.773
105597,141475.81
105598,118109.45
105599,55067.805
105600,60226.297
105601,176329.5
105602,106499.57
105603,132922.7
105604,173903.84
105605,139411.2
105606,112743.92
105607,115966.58
105608,101453.5
105609,96695.26
105610,47940.64
105611,152648.47
105612,94550.29
105613,48102.387
105614,44212.53
105615,52466.957
105616,108788.9
105617,104264.88
105618,33916.445
105619,49500.88
105620,118129.53
105621,109172.04
105622,111272.53
105623,58438.676
105624,124016.35
105625,102750.04
105626,52706.15
105627,50921.77
105628,96918.36
105629,96503.57
105630,105874.586
105631,133964.97
105632,115702.14
105633,137708.83
105634,141530.11
105635,90983.68
105636,50370.246
105637,52817.812
105638,54780.863
105639,118107.44
105640,114033.164
105641,114355.945
105642,135125.27
105643,104813.79
105644,51715.656
105645,131945.33
105646,118440.41
105647,147125.14
105648,37773.133
105649,89450.97
105650,47444.42
105651,45081.645
105652,132267.08
105653,140306.25
105654,107183.81
105655,61235.133
105656,145889.39
105657,103223.305
105658,123756.55
105659,47535.402
105660,129375.695
105661,52839.066
105662,50377.934
105663,53542.957
105664,46670.27
105665,92635.36
105666,51025.016
105667,60457.758
105668,99514.62
105669,122383.14
105670,46818.215
105671,99019.07
105672,96188.2
105673,54234.74
105674,112781.85
105675,89868.17
105676,49502.35
105677,43667.87
105678,46221.203
105679,100619.625
105680,138682.2
105681,108502.945
105682,51829.07
105683,50847.777
105684,106063.375
105685,126088.734
105686,121602.11
105687,116765.11
105688,154147.89
105689,48753.14
105690,88347.945
105691,44570.082
105692,134616.75
105693,104673.32
105694,124248.664
105695,92508.625
105696,132922.56
105697,156201.64
105698,41687.273
105699,115827.63
105700,123755.79
105701,42129.785
105702,153673.22
105703,167843.56
105704,130207.555
105705,118160.01
105706,112352.3
105707,53562.98
105708,103982.92
105709,151627.4
105710,101442.03
105711,109303.86
105712,90479.36
105713,139399.34
105714,123070.65
105715,51426.28
105716,128886.54
105717,52630.773
105718,154884.77
105719,53236.074
105720,87323.28
105721,144653.78
105722,48032.492
105723,61799.605
105724,88818.55
105725,134807.4
105726,110681.12
105727,126822.72
105728,131868.83
105729,49129.0
105730,142729.89
105731,64240.844
105732,96766.4
105733,106799.516
105734,72260.78
105735,68478.84
105736,152421.14
105737,115771.02
105738,118331.266
105739,54532.68
105740,87839.34
105741,102889.08
105742,129252.24
105743,48185.89
105744,155157.66
105745,48349.316
105746,143107.44
105747,47635.977
105748,162324.92
105749,105807.79
105750,55392.586
105751,117323.33
105752,117729.89
105753,129534.82
105754,50884.277
105755,111535.57
105756,133802.34
105757,47601.945
105758,115145.31
105759,96612.12
105760,49336.637
105761,108354.36
105762,191926.1
105763,52493.824
105764,64099.434
105765,141686.23
105766,46702.445
105767,49510.934
105768,101145.78
105769,118586.5
105770,106896.32
105771,50456.727
105772,115261.51
105773,116803.76
105774,100898.83
105775,109082.49
105776,96324.4
105777,111464.94
105778,123285.766
105779,135622.11
105780,56169.004
105781,96809.98
105782,46762.26
105783,50283.79
105784,44655.895
105785,145962.34
105786,128746.8
105787,128081.84
105788,45877.51
105789,113408.305
105790,112520.18
105791,131161.86
105792,94553.0
105793,105239.33
105794,107950.25
105795,48727.176
105796,61799.605
105797,122315.63
105798,94439.61
105799,137104.98
105800,122642.66
105801,49534.168
105802,107849.11
105803,127535.49
105804,46477.547
105805,52284.68
105806,143469.88
105807,116626.9
105808,121659.91
105809,130903.06
105810,56593.72
105811,47920.277
105812,167625.42
105813,47231.223
105814,74777.31
105815,93523.51
105816,137965.39
105817,46082.973
105818,94555.49
105819,111253.195
105820,104241.5
105821,48025.82
105822,52195.766
105823,114243.75
105824,116731.24
105825,42542.84
105826,132316.47
105827,128869.0
105828,122712.69
105829,130814.086
105830,46205.418
105831,182445.69
105832,100904.6
105833,108248.59
105834,133653.6
105835,134428.58
105836,110203.6
105837,127575.64
105838,58845.188
105839,47947.473
105840,131870.75
105841,122094.19
105842,145398.98
105843,157256.66
105844,53267.176
105845,49921.984
105846,126100.6
105847,48124.895
105848,98514.445
105849,121021.37
105850,51247.477
105851,119080.6
105852,51249.4
105853,141573.94
105854,112865.83
105855,52196.926
105856,126399.72
105857,100509.555
105858,102323.734
105859,49457.055
105860,46572.875
105861,102244.36
105862,52339.54
105863,122566.45
105864,110284.95
105865,128550.32
105866,65956.64
105867,130392.86
105868,160250.56
105869,110400.39
105870,48251.62
105871,118741.76
105872,105104.45
105873,94774.945
105874,47472.844
105875,50560.406
105876,150444.27
105877,156182.17
105878,129134.49
105879,45855.523
105880,107303.77
105881,138872.06
105882,156613.6
105883,55687.914
105884,53898.812
105885,96874.15
105886,122402.414
105887,45088.492
105888,53622.086
105889,100856.28
105890,130587.45
105891,112266.945
105892,51081.4
105893,123732.66
105894,127787.18
105895,50935.7
105896,110697.02
105897,116855.46
105898,99793.62
105899,80428.125
105900,52352.83
105901,46532.527
105902,98242.85
105903,43171.55
105904,98348.336
105905,114899.555
105906,154818.58
105907,128197.33
105908,123462.484
105909,101075.7
105910,115477.35
105911,152845.47
105912,47725.754
105913,129803.15
105914,129987.26
105915,112870.164
105916,66888.58
105917,46616.445
105918,105176.82
105919,47601.945
105920,46305.34
105921,163422.69
105922,114100.73
105923,52014.46
105924,86701.484
105925,139358.61
105926,91600.734
105927,49952.207
105928,157024.1
105929,45959.984
105930,120875.19
105931,119762.18
105932,59797.05
105933,118499.78
105934,132723.8
105935,100014.23
105936,54606.32
105937,47701.594
105938,127071.16
105939,110175.78
105940,119010.13
105941,53490.01
105942,107308.99
105943,94254.25
105944,46966.633
105945,154109.25
105946,143638.25
105947,80291.24
105948,123944.63
105949,101142.43
105950,117174.586
105951,140005.56
105952,94952.766
105953,49808.586
105954,102966.55
105955,100914.63
105956,45126.414
105957,48283.562
105958,113517.82
105959,102950.78
105960,113893.055
105961,82476.48
105962,131590.56
105963,46954.215
105964,84535.66
105965,104962.33
105966,118809.61
105967,143150.4
105968,135825.66
105969,57366.484
105970,50376.37
105971,46357.73
105972,127070.375
105973,54196.22
105974,113274.766
105975,48681.645
105976,97329.23
105977,123847.13
105978,151654.06
105979,153283.62
105980,146383.39
105981,50385.77
105982,55615.906
105983,145510.19
105984,80930.66
105985,45051.258
105986,111795.695
105987,130362.72
105988,140176.1
105989,120915.56
105990,51494.668
105991,134992.12
105992,46650.523
105993,105280.78
105994,134754.28
105995,48865.3
105996,51756.016
105997,54882.906
105998,125480.516
105999,109422.914
106000,50144.973
106001,117594.09
106002,48292.395
106003,44862.973
106004,87372.34
106005,139875.2
106006,135873.05
106007,128609.64
106008,127019.87
106009,47836.3
106010,107362.64
106011,78240.7
106012,101094.85
106013,50780.062
106014,86625.79
106015,103519.586
106016,48897.18
106017,131732.28
106018,100358.766
106019,66236.125
106020,120658.45
106021,129834.734
106022,93697.53
106023,159332.0
106024,57340.824
106025,41823.637
106026,121747.64
106027,103885.914
106028,186403.23
106029,148222.28
106030,122568.47
106031,159253.6
106032,105054.34
106033,112741.65
106034,52351.746
106035,84973.13
106036,74809.83
106037,106425.52
106038,53608.863
106039,53201.164
106040,122032.17
106041,134960.16
106042,98255.766
106043,45553.895
106044,111758.66
106045,111053.65
106046,48565.883
106047,50724.5
106048,111622.766
106049,111629.4
106050,267099.2
106051,47352.938
106052,46974.844
106053,48134.273
106054,60325.055
106055,82821.35
106056,96586.81
106057,86147.42
106058,130249.09
106059,124009.66
106060,43882.297
106061,46103.293
106062,40351.727
106063,110916.84
106064,102999.95
106065,51029.156
106066,138840.47
106067,45371.895
106068,44349.5
106069,47740.824
106070,94797.07
106071,54293.844
106072,49738.934
106073,53229.094
106074,119125.26
106075,126681.76
106076,144175.73
106077,52389.957
106078,109484.8
106079,134686.52
106080,90786.53
106081,50471.336
106082,119698.445
106083,121867.72
106084,141014.81
106085,46337.207
106086,103207.8
106087,81576.8
106088,129907.88
106089,45981.992
106090,139725.11
106091,114311.914
106092,98098.164
106093,58206.59
106094,119045.79
106095,138851.47
106096,106012.17
106097,125142.945
106098,44039.168
106099,121677.52
106100,49012.367
106101,97089.16
106102,102739.875
106103,108391.47
106104,95373.445
106105,136195.81
106106,122340.31
106107,50167.68
106108,89098.61
106109,109029.6
106110,52125.727
106111,48651.75
106112,124266.625
106113,113981.516
106114,100903.13
106115,123823.0
106116,112663.12
106117,141395.53
106118,111861.5
106119,54413.668
106120,46603.74
106121,94805.91
106122,63702.58
106123,141361.61
106124,112720.98
106125,104722.445
106126,45755.77
106127,46077.277
106128,101600.94
106129,73859.13
106130,95083.82
106131,141487.23
106132,46113.832
106133,46849.95
106134,116442.75
106135,47955.81
106136,43983.06
106137,95515.95
106138,46756.746
106139,45376.15
106140,96874.15
106141,135360.33
106142,126393.85
106143,59265.598
106144,48007.043
106145,112206.84
106146,44154.652
106147,121185.08
106148,98652.414
106149,146913.02
106150,110540.46
106151,46837.535
106152,105379.71
106153,143091.83
106154,139758.84
106155,94732.11
106156,144653.78
106157,127958.875
106158,106912.4
106159,53325.12
106160,121351.03
106161,106447.27
106162,75324.01
106163,85844.266
106164,153432.52
106165,92133.41
106166,50087.113
106167,80523.805
106168,60948.742
106169,115018.01
106170,43721.01
106171,107836.77
106172,48132.613
106173,105215.21
106174,152587.34
106175,113435.07
106176,51091.695
106177,134717.14
106178,62711.734
106179,97270.26
106180,57347.918
106181,98559.84
106182,93042.93
106183,44494.98
106184,77081.73
106185,146036.16
106186,114827.76
106187,137257.27
106188,48600.98
106189,106818.71
106190,108609.44
106191,123309.37
106192,94247.53
106193,55815.4
106194,51311.7
106195,142974.19
106196,110752.25
106197,115456.44
106198,120101.055
106199,50863.92
106200,53175.75
106201,147292.62
106202,131323.5
106203,46571.953
106204,135836.08
106205,91418.0
106206,91429.305
106207,43510.832
106208,131425.08
106209,132644.02
106210,86107.42
106211,140626.22
106212,100681.22
106213,114367.57
106214,141913.58
106215,111168.49
106216,50883.188
106217,165995.31
106218,137697.42
106219,106577.38
106220,134207.52
106221,113083.08
106222,47189.035
106223,136671.23
106224,59300.66
106225,117454.47
106226,108997.07
106227,134923.73
106228,44040.223
106229,98107.984
106230,121012.76
106231,125219.3
106232,142409.81
106233,130972.15
106234,136947.86
106235,52393.668
106236,54393.71
106237,52358.92
106238,46325.652
106239,47905.53
106240,130201.85
106241,58660.977
106242,131088.28
106243,84828.89
106244,42293.84
106245,125811.02
106246,106091.1
106247,125950.85
106248,122396.54
106249,123836.086
106250,103584.33
106251,152828.42
106252,126034.18
106253,99061.27
106254,143938.19
106255,124273.18
106256,118041.77
106257,128623.84
106258,42908.91
106259,54102.676
106260,48329.66
106261,107650.37
106262,53398.207
106263,142019.86
106264,47079.082
106265,146587.11
106266,50706.074
106267,94439.61
106268,148980.56
106269,136526.1
106270,117536.375
106271,85606.78
106272,64507.008
106273,152621.95
106274,46595.82
106275,108149.18
106276,151551.7
106277,45014.746
106278,54628.566
106279,205668.3
106280,128814.78
106281,71865.445
106282,57362.785
106283,43309.535
106284,136878.48
106285,52798.164
106286,59611.277
106287,116082.17
106288,142150.6
106289,60108.3
106290,128626.664
106291,51226.36
106292,47902.305
106293,141834.11
106294,130290.84
106295,50060.496
106296,73120.805
106297,117157.516
106298,105635.23
106299,52443.01
106300,133818.03
106301,53790.336
106302,123661.445
106303,80813.24
106304,63971.0
106305,125960.57
106306,114245.63
106307,135440.58
106308,169962.88
106309,106741.234
106310,46349.44
106311,129654.37
106312,53307.594
106313,146951.16
106314,46989.574
106315,48038.266
106316,46625.44
106317,51279.4
106318,126072.86
106319,47190.64
106320,125903.59
106321,124398.0
106322,47713.86
106323,100299.67
106324,59457.82
106325,108532.586
106326,53001.004
106327,104165.22
106328,85691.33
106329,146931.8
106330,98878.72
106331,47544.926
106332,150336.27
106333,116219.25
106334,107201.96
106335,124681.89
106336,165513.95
106337,52374.207
106338,195067.56
106339,47443.73
106340,96895.47
106341,48065.004
106342,139805.78
106343,47942.668
106344,128241.69
106345,108297.164
106346,130434.94
106347,89431.97
106348,41283.547
106349,106881.36
106350,46411.51
106351,140390.31
106352,47772.54
106353,136231.64
106354,46667.582
106355,139944.19
106356,128452.92
106357,138885.03
106358,134537.81
106359,100088.266
106360,58004.29
106361,127553.08
106362,102965.52
106363,91388.69
106364,106475.54
106365,143328.12
106366,128752.016
106367,96645.29
106368,126392.445
106369,89619.64
106370,90000.984
106371,101607.65
106372,118286.62
106373,99858.45
106374,127057.76
106375,122110.0
106376,137568.52
106377,51157.336
106378,87553.28
106379,132428.48
106380,104022.88
106381,81670.14
106382,123900.4
106383,102137.24
106384,52147.125
106385,125644.69
106386,50654.836
106387,112325.01
106388,116988.195
106389,134770.62
106390,146903.05
106391,110186.414
106392,156404.22
106393,47120.18
106394,128673.95
106395,107868.25
106396,137318.5
106397,112810.24
106398,149673.55
106399,136836.98
106400,96850.984
106401,155691.0
106402,117279.09
106403,144359.31
106404,103089.93
106405,47261.13
106406,122964.01
106407,136257.67
106408,120869.336
106409,120094.31
106410,64535.76
106411,117771.86
106412,58379.3
106413,130739.74
106414,156324.75
106415,97656.56
106416,95479.016
106417,43515.715
106418,117343.39
106419,102080.59
106420,103972.98
106421,125073.7
106422,131230.22
106423,49258.242
106424,51419.332
106425,48588.023
106426,133668.73
106427,112456.55
106428,104658.09
106429,163101.19
106430,45271.867
106431,104464.14
106432,128744.81
106433,140247.55
106434,94461.43
106435,129119.15
106436,108735.24
106437,151511.88
106438,106425.52
106439,115794.62
106440,52221.613
106441,45762.285
106442,109600.66
106443,100641.3
106444,129459.34
106445,157921.44
106446,128031.76
106447,119136.914
106448,42996.875
106449,129478.85
106450,146757.94
106451,110926.13
106452,47211.84
106453,52215.273
106454,87069.4
106455,117759.82
106456,47635.977
106457,50765.957
106458,81670.14
106459,120156.766
106460,109536.48
106461,46038.402
106462,142502.05
106463,57057.77
106464,115012.086
106465,105462.734
106466,88672.08
106467,117496.08
106468,80508.016
106469,110104.04
106470,50283.79
106471,99045.43
106472,154833.19
106473,130307.875
106474,108741.016
106475,46583.87
106476,47276.406
106477,117808.836
106478,121778.65
106479,107185.5
106480,89369.766
106481,46997.363
106482,47337.56
106483,108855.79
106484,150846.05
106485,139210.2
106486,136900.53
106487,104794.94
106488,50192.367
106489,46173.066
106490,119999.15
106491,116904.56
106492,47154.758
106493,45502.19
106494,121928.02
106495,165062.6
106496,131274.5
106497,127893.5
106498,43911.547
106499,55320.973
106500,46911.43
106501,46425.348
106502,116223.37
106503,94854.305
106504,143238.36
106505,136099.2
106506,46379.08
106507,90416.15
106508,102972.18
106509,148007.72
106510,122498.27
106511,91584.84
106512,143690.81
106513,156363.5
106514,56277.816
106515,45129.953
106516,131225.84
106517,112035.86
106518,125776.375
106519,139013.56
106520,44736.566
106521,108580.0
106522,101688.79
106523,46235.605
106524,93720.7
106525,122710.04
106526,98390.55
106527,117970.5
106528,58535.184
106529,125417.93
106530,166836.52
106531,94825.67
106532,48570.4
106533,176551.44
106534,49067.867
106535,82670.914
106536,45255.21
106537,129734.445
106538,118131.984
106539,62423.02
106540,96321.17
106541,52146.633
106542,91598.3
106543,123190.61
106544,51981.88
106545,106718.484
106546,52567.434
106547,46101.58
106548,57302.69
106549,106340.805
106550,56271.53
106551,129146.59
106552,41904.598
106553,133595.81
106554,132230.28
106555,106607.79
106556,93190.766
106557,117427.92
106558,153600.84
106559,117308.52
106560,134753.48
106561,141106.97
106562,128254.72
106563,50938.527
106564,99130.22
106565,168585.55
106566,133537.6
106567,108978.555
106568,105921.59
106569,46379.08
106570,49566.633
106571,61015.74
106572,112261.33
106573,101621.53
106574,108725.43
106575,49509.78
106576,127397.38
106577,131955.27
106578,114108.086
106579,91687.46
106580,108612.96
106581,44668.633
106582,87309.36
106583,113554.875
106584,89793.16
106585,105668.77
106586,48349.316
106587,97753.18
106588,55792.027
106589,56559.176
106590,56786.758
106591,137422.11
106592,97768.59
106593,47119.69
106594,113412.8
106595,98877.58
106596,120816.8
106597,112963.61
106598,100666.39
106599,130175.734
106600,132632.7
106601,49348.055
106602,108100.14
106603,125974.195
106604,52077.758
106605,121196.734
106606,115325.99
106607,118386.78
106608,142036.6
106609,128456.36
106610,48135.24
106611,50499.523
106612,184400.66
106613,72760.29
106614,104349.16
106615,131492.38
106616,64935.59
106617,153082.42
106618,64645.586
106619,124811.164
106620,179293.78
106621,84911.47
106622,120606.89
106623,92775.82
106624,47720.184
106625,102612.016
106626,44038.297
106627,111320.93
106628,105544.195
106629,146564.78
106630,138739.31
106631,101993.0
106632,51691.9
106633,113954.97
106634,118577.15
106635,52462.336
106636,116396.48
106637,103691.08
106638,46715.625
106639,48129.586
106640,47264.09
106641,118694.61
106642,146708.56
106643,87942.09
106644,122105.63
106645,92799.53
106646,132461.48
106647,109465.98
106648,113597.81
106649,98638.53
106650,54246.96
106651,145691.9
106652,119563.51
106653,130947.83
106654,48420.17
106655,147322.02
106656,52350.863
106657,111188.48
106658,156472.45
106659,176800.16
106660,49497.61
106661,126487.984
106662,121422.695
106663,44212.473
106664,38568.188
106665,112403.66
106666,93913.88
106667,121752.31
106668,75356.53
106669,108882.82
106670,53021.6
106671,49061.36
106672,125333.09
106673,45785.266
106674,58467.887
106675,123804.9
106676,118329.63
106677,51225.7
106678,49260.973
106679,42476.16
106680,41601.12
106681,166998.52
106682,48020.582
106683,121868.67
106684,114912.57
106685,129721.18
106686,42284.414
106687,48083.0
106688,50619.46
106689,50855.637
106690,51573.684
106691,47666.85
106692,45238.492
106693,110478.52
106694,144955.38
106695,55106.168
106696,105648.13
106697,149122.1
106698,88558.28
106699,48370.242
106700,89538.32
106701,117136.96
106702,120842.484
106703,119830.0
106704,130070.164
106705,107957.12
106706,126965.85
106707,84147.88
106708,133911.34
106709,49306.645
106710,124832.81
106711,56423.76
106712,109311.12
106713,48605.113
106714,52252.01
106715,143117.05
106716,97263.14
106717,106152.43
106718,53168.31
106719,191726.6
106720,135594.52
106721,54829.508
106722,107676.586
106723,48317.797
106724,54880.77
106725,110302.18
106726,47909.152
106727,50574.504
106728,107712.336
106729,109112.22
106730,47073.96
106731,128853.11
106732,49835.047
106733,122359.1
106734,97142.28
106735,106287.44
106736,46480.273
106737,46049.215
106738,42190.008
106739,90940.49
106740,119493.97
106741,151837.42
106742,92360.95
106743,52866.68
106744,100982.75
106745,125142.945
106746,44003.656
106747,90206.29
106748,45665.426
106749,54899.62
106750,98390.55
106751,118966.06
106752,47671.15
106753,95890.266
106754,88669.42
106755,122347.055
106756,111674.2
106757,157558.67
106758,150701.64
106759,44087.75
106760,98474.16
106761,134600.31
106762,101201.125
106763,107567.03
106764,47211.84
106765,92476.32
106766,119110.45
106767,151977.06
106768,113748.45
106769,110445.92
106770,61645.715
106771,143372.08
106772,44557.695
106773,88927.98
106774,105371.84
106775,114932.016
106776,84950.41
106777,108033.05
106778,148974.55
106779,48305.83
106780,134572.42
106781,108975.195
106782,118061.27
106783,122891.91
106784,171676.33
106785,48248.242
106786,62068.707
106787,142357.3
106788,174452.0
106789,52244.37
106790,126274.6
106791,131732.53
106792,54051.973
106793,59398.266
106794,50420.01
106795,125717.99
106796,48931.28
106797,49405.145
106798,48129.766
106799,99429.28
106800,118681.29
106801,133912.94
106802,150423.7
106803,127292.914
106804,82476.48
106805,106042.88
106806,95458.7
106807,103701.32
106808,89431.97
106809,75151.836
106810,137233.64
106811,48242.785
106812,84411.84
106813,124496.49
106814,146727.44
106815,101239.25
106816,131447.8
106817,88356.14
106818,109781.125
106819,46864.945
106820,146084.4
106821,49055.87
106822,121285.7
106823,88486.3
106824,49104.062
106825,101082.414
106826,46644.996
106827,48601.297
106828,108446.414
106829,113666.195
106830,114460.695
106831,52389.957
106832,106528.03
106833,62184.438
106834,119819.19
106835,53814.992
106836,154681.73
106837,52401.703
106838,55256.633
106839,111412.38
106840,124687.08
106841,111937.8
106842,137803.45
106843,95658.94
106844,111953.984
106845,136816.38
106846,48311.754
106847,131544.98
106848,100972.58
106849,130135.78
106850,86257.375
106851,127855.05
106852,125691.33
106853,117235.47
106854,127286.79
106855,130750.03
106856,99828.44
106857,126513.18
106858,108279.29
106859,156395.5
106860,160416.6
106861,51808.703
106862,115968.56
106863,135851.97
106864,47076.984
106865,98639.89
106866,45762.285
106867,56639.89
106868,105540.29
106869,143164.02
106870,149937.42
106871,125074.03
106872,93936.16
106873,53195.17
106874,126585.45
106875,91631.61
106876,117302.84
106877,97753.18
106878,150035.4
106879,62700.277
106880,50384.07
106881,118613.25
106882,129417.55
106883,91682.86
106884,41960.598
106885,116800.7
106886,94144.234
106887,107392.81
106888,119705.7
106889,41943.508
106890,121884.37
106891,170134.02
106892,39653.727
106893,116399.266
106894,130210.16
106895,115756.234
106896,116993.88
106897,53061.008
106898,93792.76
106899,55397.914
106900,109728.39
106901,67328.31
106902,122822.53
106903,45458.44
106904,46383.508
106905,135014.97
106906,133199.2
106907,134877.95
106908,51310.79
106909,137306.55
106910,121864.51
106911,47194.83
106912,119605.59
106913,51830.895
106914,54054.258
106915,121493.586
106916,45594.05
106917,117798.88
106918,103226.266
106919,93738.14
106920,99194.445
106921,56508.477
106922,154201.25
106923,47025.516
106924,121788.96
106925,150512.03
106926,48220.64
106927,116903.625
106928,135682.73
106929,115201.195
106930,146599.92
106931,145421.0
106932,45369.652
106933,149739.92
106934,113465.23
106935,124251.164
106936,87942.11
106937,117911.805
106938,91338.87
106939,108767.914
106940,118979.88
106941,126576.86
106942,128359.734
106943,116026.31
106944,51432.07
106945,140156.83
106946,84082.26
106947,47565.195
106948,54675.727
106949,47444.42
106950,134025.38
106951,50842.773
106952,46858.445
106953,131105.44
106954,99548.734
106955,66543.45
106956,121175.03
106957,111545.14
106958,56253.164
106959,114172.89
106960,46184.934
106961,172506.52
106962,120890.05
106963,130080.77
106964,117212.586
106965,147108.89
106966,54399.617
106967,107950.25
106968,50734.227
106969,51007.484
106970,42362.785
106971,43585.797
106972,61418.715
106973,166747.61
106974,126017.85
106975,51965.605
106976,58048.86
106977,109189.85
106978,50918.453
106979,115009.18
106980,124362.23
106981,121728.15
106982,46737.227
106983,97985.43
106984,114337.64
106985,50527.285
106986,43985.68
106987,106109.13
106988,135353.73
106989,98925.055
106990,49363.844
106991,143076.84
106992,104187.25
106993,48808.21
106994,57574.824
106995,150426.6
106996,120447.09
106997,87914.234
106998,138632.23
106999,150628.61
107000,44449.355
107001,131357.55
107002,193006.38
107003,102007.73
107004,46740.977
107005,120009.62
107006,44358.508
107007,122187.22
107008,51113.203
107009,44945.69
107010,117002.42
107011,49070.73
107012,49019.305
107013,136553.86
107014,45636.11
107015,104743.95
107016,125813.97
107017,107019.56
107018,163634.62
107019,133089.23
107020,139945.48
107021,132539.9
107022,51464.63
107023,54758.707
107024,123893.77
107025,129312.55
107026,42606.1
107027,46873.582
107028,60014.566
107029,48604.36
107030,44859.242
107031,113550.76
107032,44126.715
107033,123874.664
107034,89419.8
107035,83781.914
107036,50560.18
107037,49273.574
107038,104347.5
107039,100641.3
107040,126508.01
107041,107785.66
107042,47291.16
107043,114870.39
107044,146814.81
107045,46827.316
107046,98031.6
107047,104216.15
107048,123223.77
107049,160456.89
107050,94082.555
107051,47595.51
107052,50260.344
107053,172488.1
107054,122811.85
107055,111643.23
107056,93767.61
107057,54325.703
107058,115204.11
107059,151085.53
107060,54122.824
107061,109226.86
107062,104024.88
107063,49903.36
107064,121641.6
107065,49233.496
107066,88057.766
107067,137185.72
107068,91463.34
107069,138622.89
107070,127905.14
107071,110126.96
107072,103951.59
107073,144313.44
107074,134431.17
107075,46927.254
107076,55191.473
107077,157706.14
107078,53488.586
107079,94218.02
107080,112025.26
107081,107635.64
107082,175874.89
107083,87914.234
107084,49701.707
107085,113325.08
107086,108336.836
107087,51102.137
107088,117146.94
107089,44121.89
107090,154254.6
107091,105219.266
107092,108651.375
107093,55177.133
107094,140559.6
107095,134478.17
107096,93763.0
107097,53409.617
107098,100382.44
107099,86508.95
107100,90989.805
107101,52471.535
107102,100232.97
107103,52901.273
107104,99952.54
107105,130003.305
107106,57139.957
107107,110547.47
107108,89476.49
107109,110155.11
107110,45420.652
107111,46457.793
107112,102960.664
107113,99153.87
107114,121902.945
107115,118316.67
107116,46880.363
107117,128723.72
107118,87788.68
107119,104489.26
107120,47014.38
107121,116133.61
107122,110680.2
107123,56282.633
107124,116252.15
107125,51069.426
107126,110969.375
107127,137257.6
107128,101718.88
107129,135307.06
107130,54762.76
107131,99293.35
107132,111053.65
107133,101715.484
107134,91779.555
107135,48828.934
107136,43906.3
107137,97753.18
107138,48755.832
107139,123477.16
107140,51775.824
107141,97171.6
107142,113632.78
107143,121449.555
107144,94854.305
107145,126078.27
107146,44001.965
107147,65486.504
107148,116561.586
107149,118613.08
107150,130994.375
107151,57239.32
107152,178706.55
107153,118166.484
107154,52492.754
107155,124923.11
107156,116187.086
107157,100990.47
107158,56439.668
107159,124672.13
107160,50658.96
107161,113335.336
107162,50647.645
107163,43735.11
107164,47184.92
107165,46031.26
107166,89681.5
107167,53453.062
107168,45133.305
107169,47699.23
107170,97249.56
107171,93738.14
107172,91451.85
107173,107034.055
107174,57720.703
107175,62142.555
107176,108028.08
107177,150355.64
107178,106726.93
107179,48588.023
107180,46547.58
107181,117678.766
107182,150684.7
107183,100332.53
107184,47560.777
107185,115300.35
107186,149518.62
107187,120257.17
107188,149162.75
107189,48364.36
107190,53783.203
107191,121585.22
107192,107922.4
107193,102763.875
107194,103586.99
107195,47116.723
107196,146191.88
107197,122225.45
107198,128102.35
107199,122408.92
107200,139509.7
107201,45469.105
107202,135106.94
107203,113920.96
107204,48904.008
107205,115435.984
107206,63398.91
107207,95059.2
107208,143528.52
107209,177324.16
107210,139273.55
107211,97631.96
107212,128508.37
107213,46802.914
107214,153361.78
107215,137599.8
107216,127745.79
107217,50825.668
107218,111440.72
107219,102059.62
107220,111403.65
107221,144861.95
107222,137476.98
107223,47313.777
107224,121280.04
107225,49258.26
107226,113359.74
107227,91053.48
107228,123907.1
107229,91356.76
107230,126765.66
107231,50953.105
107232,101964.34
107233,148764.03
107234,47488.14
107235,47445.41
107236,129159.21
107237,44074.664
107238,110126.31
107239,106393.53
107240,159854.23
107241,89601.2
107242,43218.35
107243,48559.28
107244,64239.004
107245,171980.31
107246,51916.77
107247,53026.414
107248,47652.61
107249,47602.656
107250,128930.58
107251,137961.39
107252,147773.75
107253,48172.35
107254,49294.27
107255,89989.93
107256,120441.445
107257,45542.07
107258,150175.12
107259,103651.57
107260,86817.164
107261,45059.05
107262,49399.676
107263,47956.312
107264,117206.35
107265,55853.21
107266,114258.77
107267,129757.836
107268,50050.684
107269,135005.94
107270,107083.05
107271,155902.0
107272,116850.62
107273,135452.97
107274,55298.824
107275,46469.8
107276,96525.08
107277,44199.41
107278,124842.62
107279,132636.11
107280,44868.49
107281,51664.246
107282,155728.53
107283,46456.15
107284,52635.355
107285,97173.31
107286,119780.055
107287,154206.81
107288,126021.695
107289,164462.95
107290,104006.125
107291,94443.77
107292,172848.77
107293,107126.99
107294,124223.74
107295,50278.027
107296,135168.52
107297,124413.98
107298,113662.414
107299,125467.22
107300,60704.34
107301,94723.7
107302,101454.36
107303,128038.805
107304,53784.508
107305,144056.89
107306,108461.555
107307,51317.22
107308,49160.098
107309,126996.586
107310,64075.844
107311,110373.37
107312,130425.75
107313,86579.08
107314,130757.77
107315,108696.25
107316,47544.15
107317,46718.676
107318,131925.23
107319,130831.19
107320,41717.445
107321,54233.812
107322,101525.16
107323,62499.766
107324,50261.94
107325,100556.695
107326,48408.324
107327,81522.26
107328,107595.07
107329,139531.36
107330,59035.47
107331,149553.45
107332,134577.06
107333,109919.445
107334,102827.484
107335,107924.51
107336,132304.58
107337,165501.75
107338,146418.2
107339,117453.96
107340,44367.023
107341,133749.17
107342,142357.31
107343,140838.08
107344,106599.84
107345,94203.35
107346,99559.0
107347,138816.9
107348,42373.59
107349,117934.7
107350,155972.1
107351,56197.83
107352,127818.445
107353,47488.14
107354,127485.02
107355,135648.78
107356,68944.22
107357,97072.47
107358,45792.11
107359,50452.23
107360,125644.586
107361,99615.08
107362,51949.84
107363,49321.04
107364,110757.98
107365,65508.004
107366,131586.9
107367,52786.535
107368,142377.42
107369,93585.99
107370,101824.37
107371,118036.45
107372,121103.695
107373,130212.27
107374,145961.6
107375,94674.98
107376,47053.375
107377,103229.32
107378,45665.695
107379,41798.27
107380,39833.938
107381,51520.8
107382,117973.51
107383,116508.1
107384,141396.02
107385,114712.49
107386,104811.47
107387,148716.25
107388,150452.1
107389,120275.88
107390,123134.47
107391,112586.234
107392,47972.76
107393,53214.734
107394,46610.938
107395,47028.71
107396,114454.35
107397,145701.05
107398,145039.12
107399,100358.766
107400,134759.6
107401,100145.57
107402,50871.13
107403,94218.02
107404,54475.188
107405,57491.324
107406,125096.92
107407,48584.26
107408,47194.22
107409,89529.88
107410,45762.285
107411,107825.4
107412,49624.535
107413,145414.34
107414,106781.11
107415,44709.004
107416,89345.67
107417,135231.19
107418,111034.51
107419,87066.945
107420,122561.54
107421,50005.613
107422,87069.4
107423,51953.387
107424,165274.16
107425,94236.984
107426,128482.42
107427,123093.875
107428,98718.54
107429,49036.54
107430,83623.805
107431,156746.95
107432,51355.824
107433,153081.55
107434,126107.766
107435,124339.11
107436,131427.36
107437,136353.94
107438,111881.98
107439,48982.16
107440,115373.8
107441,104625.836
107442,130323.46
107443,49972.86
107444,46807.906
107445,108539.625
107446,71740.805
107447,146244.12
107448,150343.17
107449,126958.63
107450,157628.64
107451,199034.2
107452,92003.266
107453,90579.66
107454,123904.555
107455,54156.418
107456,124223.586
107457,50656.445
107458,44657.41
107459,135117.23
107460,136557.38
107461,117591.805
107462,94819.98
107463,116348.58
107464,116892.06
107465,47203.145
107466,104201.81
107467,127651.45
107468,46280.42
107469,108644.13
107470,180856.4
107471,128246.055
107472,125434.98
107473,134184.6
107474,59209.957
107475,48954.53
107476,104418.18
107477,107408.18
107478,86606.45
107479,84113.55
107480,99879.43
107481,111128.5
107482,51622.668
107483,49450.54
107484,49945.87
107485,145797.38
107486,139258.2
107487,137256.73
107488,144256.16
107489,114353.56
107490,169996.55
107491,124837.35
107492,150949.17
107493,44044.45
107494,107459.05
107495,53014.516
107496,57857.004
107497,104509.375
107498,49018.08
107499,115826.61
107500,120130.34
107501,98511.32
107502,100921.82
107503,54105.01
107504,49088.582
107505,47352.938
107506,128577.71
107507,79068.64
107508,131166.48
107509,97489.02
107510,136504.94
107511,48075.07
107512,50267.457
107513,128233.164
107514,131006.62
107515,115784.31
107516,94872.46
107517,145292.03
107518,101824.35
107519,48632.41
107520,128208.74
107521,102555.77
107522,93570.52
107523,154188.61
107524,110547.47
107525,47507.992
107526,153911.34
107527,125066.414
107528,93667.766
107529,54913.016
107530,116855.02
107531,124391.664
107532,147619.9
107533,49149.625
107534,48597.418
107535,97211.02
107536,51556.242
107537,42195.31
107538,109030.78
107539,124462.96
107540,91602.08
107541,151621.14
107542,68211.4
107543,46061.004
107544,148351.73
107545,72380.59
107546,117879.35
107547,55886.055
107548,57773.98
107549,59588.105
107550,134969.52
107551,136008.34
107552,51253.48
107553,125959.875
107554,102473.54
107555,44776.89
107556,48815.277
107557,148375.39
107558,133128.19
107559,167436.98
107560,149590.78
107561,154823.22
107562,46343.156
107563,175379.12
107564,49825.71
107565,56308.55
107566,132606.23
107567,90121.53
107568,101539.92
107569,149871.36
107570,61273.43
107571,99044.27
107572,50844.434
107573,52958.58
107574,59523.12
107575,134529.2
107576,120990.305
107577,123927.72
107578,48824.7
107579,45027.758
107580,101949.625
107581,91004.86
107582,52000.664
107583,163160.9
107584,129710.49
107585,110151.5
107586,49558.85
107587,49160.715
107588,122706.02
107589,115453.06
107590,180055.94
107591,134636.61
107592,90731.13
107593,151381.92
107594,117151.4
107595,100150.38
107596,45201.727
107597,83714.26
107598,109123.98
107599,110358.88
107600,118553.2
107601,109314.63
107602,111491.42
107603,154782.7
107604,79182.805
107605,53764.547
107606,176432.8
107607,126343.484
107608,118160.01
107609,111676.33
107610,112089.03
107611,104011.664
107612,111162.945
107613,58449.75
107614,143560.88
107615,109842.23
107616,129790.78
107617,113649.305
107618,58561.46
107619,46299.246
107620,107932.81
107621,48711.71
107622,89040.945
107623,144218.72
107624,44730.098
107625,121238.625
107626,105261.3
107627,50422.68
107628,117751.445
107629,125708.09
107630,88839.805
107631,131059.164
107632,113800.055
107633,121072.67
107634,50883.188
107635,175379.12
107636,178406.81
107637,95317.875
107638,119143.234
107639,108875.14
107640,47733.973
107641,114376.88
107642,47169.543
107643,55519.734
107644,70926.35
107645,93738.14
107646,93325.266
107647,46124.734
107648,53288.4
107649,120531.23
107650,135639.58
107651,46305.34
107652,47374.56
107653,114890.484
107654,120454.44
107655,131531.06
107656,56014.97
107657,123263.1
107658,49843.273
107659,170746.14
107660,98543.14
107661,100014.23
107662,169447.67
107663,58035.355
107664,110713.8
107665,55033.89
107666,102975.23
107667,67990.27
107668,44242.664
107669,47881.88
107670,118144.63
107671,126088.734
107672,148481.58
107673,128548.58
107674,118500.28
107675,113197.43
107676,136974.23
107677,43852.42
107678,48720.703
107679,143331.89
107680,49529.953
107681,123572.27
107682,57364.508
107683,113636.164
107684,52061.445
107685,51710.34
107686,48724.22
107687,94053.72
107688,50323.31
107689,52747.273
107690,43024.684
107691,139532.52
107692,47630.56
107693,49512.145
107694,71462.39
107695,110553.13
107696,97803.8
107697,51999.22
107698,114670.94
107699,49556.0
107700,95458.7
107701,102104.08
107702,124249.4
107703,85844.266
107704,54423.664
107705,86282.09
107706,135362.7
107707,111579.16
107708,155673.34
107709,46939.0
107710,98338.93
107711,114031.38
107712,135667.86
107713,133324.67
107714,112595.125
107715,96065.42
107716,86548.33
107717,105012.99
107718,145127.14
107719,51118.047
107720,115221.46
107721,54712.64
107722,53889.617
107723,48893.863
107724,131309.0
107725,52911.43
107726,118744.17
107727,93695.38
107728,96391.805
107729,101368.19
107730,51365.848
107731,66135.92
107732,128949.26
107733,53103.258
107734,53884.3
107735,98073.09
107736,115003.695
107737,118515.71
107738,52344.867
107739,103166.94
107740,52587.1
107741,113038.234
107742,50756.453
107743,140725.31
107744,122708.66
107745,134774.67
107746,111635.2
107747,116546.734
107748,130435.63
107749,51335.758
107750,46018.445
107751,45913.887
107752,110517.01
107753,67813.7
107754,102853.23
107755,108653.234
107756,53646.73
107757,46794.707
107758,53324.3
107759,147744.55
107760,98397.14
107761,93978.99
107762,136777.27
107763,125951.58
107764,96505.45
107765,124686.59
107766,47032.387
107767,152329.72
107768,125053.24
107769,48696.746
107770,103511.086
107771,115980.73
107772,127146.58
107773,106026.266
107774,53586.316
107775,136798.3
107776,54138.766
107777,102909.86
107778,118903.35
107779,141417.27
107780,109410.07
107781,55177.727
107782,56304.516
107783,94267.305
107784,45144.566
107785,135672.47
107786,128271.945
107787,100063.37
107788,200644.14
107789,117139.45
107790,114269.625
107791,91172.84
107792,133005.1
107793,51391.79
107794,156381.45
107795,109585.414
107796,93591.21
107797,92410.98
107798,99355.31
107799,97715.78
107800,122864.86
107801,140920.3
107802,176223.22
107803,93909.945
107804,128460.1
107805,89500.77
107806,145421.1
107807,97072.47
107808,124522.04
107809,48759.703
107810,114502.85
107811,54544.555
107812,46586.555
107813,49439.477
107814,99317.305
107815,141815.28
107816,119402.62
107817,96505.79
107818,137779.42
107819,125456.02
107820,97840.586
107821,56342.64
107822,45816.33
107823,46737.227
107824,80290.44
107825,147953.08
107826,111925.13
107827,78377.516
107828,132433.66
107829,153646.64
107830,120054.055
107831,125725.5
107832,48098.477
107833,44340.477
107834,50857.027
107835,138528.38
107836,114695.805
107837,118069.67
107838,82710.04
107839,135172.75
107840,111198.41
107841,106172.08
107842,84356.87
107843,95965.516
107844,104042.84
107845,137068.6
107846,142734.8
107847,135915.23
107848,121953.44
107849,47984.67
107850,50646.066
107851,147119.27
107852,132545.94
107853,112389.016
107854,61330.734
107855,133149.58
107856,53513.61
107857,54421.53
107858,162991.17
107859,59875.918
107860,45707.16
107861,127459.914
107862,117351.125
107863,48524.844
107864,44847.355
107865,85207.086
107866,81514.516
107867,105559.91
107868,120933.19
107869,90715.42
107870,49625.23
107871,136316.8
107872,119355.08
107873,124205.375
107874,116444.68
107875,50765.57
107876,46616.164
107877,54625.9
107878,143008.97
107879,47103.953
107880,154219.08
107881,99292.53
107882,99181.04
107883,139322.6
107884,51494.707
107885,118569.23
107886,46410.984
107887,97777.72
107888,135222.39
107889,127719.0
107890,149539.56
107891,107032.516
107892,51464.793
107893,119156.375
107894,56817.477
107895,133055.72
107896,48169.91
107897,109055.32
107898,138061.92
107899,124115.09
107900,119651.81
107901,48262.48
107902,89819.914
107903,43099.984
107904,126782.14
107905,55367.8
107906,55236.207
107907,119721.04
107908,125888.734
107909,88015.016
107910,55377.44
107911,87274.305
107912,57423.688
107913,97247.53
107914,137844.36
107915,95533.04
107916,128826.87
107917,102398.26
107918,109070.45
107919,52995.72
107920,119267.836
107921,154229.47
107922,97298.29
107923,80759.73
107924,49357.867
107925,123239.664
107926,86064.45
107927,116931.99
107928,47163.707
107929,130610.984
107930,124609.88
107931,53086.562
107932,48551.37
107933,126238.766
107934,54416.773
107935,128725.54
107936,109634.96
107937,122689.45
107938,46818.215
107939,47032.387
107940,100028.125
107941,137440.64
107942,114793.91
107943,125681.445
107944,127696.93
107945,139727.48
107946,134953.89
107947,155254.64
107948,47800.887
107949,119075.68
107950,44178.16
107951,116647.77
107952,124647.0
107953,113896.88
107954,139744.2
107955,45647.367
107956,116198.95
107957,94343.47
107958,81336.39
107959,99181.04
107960,134968.86
107961,100711.4
107962,99691.13
107963,114305.03
107964,44340.324
107965,168369.89
107966,47024.0
107967,49260.973
107968,120330.15
107969,126093.05
107970,101559.68
107971,109169.22
107972,46431.383
107973,107910.75
107974,133817.08
107975,47018.707
107976,50008.684
107977,161153.39
107978,112351.05
107979,49523.3
107980,51310.79
107981,143441.42
107982,114775.8
107983,128977.31
107984,48475.93
107985,119793.78
107986,109116.1
107987,139397.98
107988,135795.8
107989,53952.613
107990,49233.21
107991,105688.12
107992,97377.74
107993,50990.035
107994,50800.562
107995,125572.72
107996,147052.81
107997,51326.01
107998,42527.32
107999,51863.074
108000,45339.24
108001,55698.18
108002,161208.72
108003,47211.84
108004,101822.23
108005,119159.63
108006,98464.875
108007,164927.4
108008,155836.31
108009,46305.34
108010,113310.734
108011,98914.305
108012,50215.895
108013,48604.36
108014,74409.22
108015,89757.28
108016,51399.555
108017,148728.3
108018,122510.41
108019,111420.74
108020,54091.484
108021,51705.12
108022,110948.12
108023,54134.773
108024,100956.25
108025,132114.72
108026,54852.652
108027,92814.77
108028,118937.52
108029,128548.48
108030,109679.23
108031,47734.58
108032,124324.555
108033,53075.555
108034,49379.316
108035,118959.01
108036,111420.74
108037,157935.73
108038,145327.1
108039,112089.55
108040,90160.25
108041,86607.53
108042,102007.12
108043,85770.87
108044,51974.92
108045,158134.45
108046,110280.4
108047,104480.39
108048,97322.44
108049,92400.664
108050,45889.113
108051,48888.293
108052,160486.17
108053,49703.09
108054,100145.57
108055,60047.66
108056,115295.93
108057,111558.75
108058,48475.895
108059,47841.75
108060,49886.93
108061,51971.676
108062,126709.12
108063,146964.61
108064,122654.01
108065,47683.14
108066,117217.34
108067,47024.0
108068,129696.73
108069,125761.99
108070,47882.742
108071,42682.543
108072,44824.094
108073,105081.49
108074,50393.367
108075,58823.76
108076,91779.555
108077,99653.305
108078,43340.637
108079,93407.95
108080,104744.15
108081,114915.0
108082,103231.98
108083,127651.04
108084,97973.61
108085,54246.207
108086,61798.434
108087,121578.56
108088,160488.3
108089,94302.46
108090,50264.793
108091,109888.52
108092,52315.51
108093,109856.336
108094,99352.086
108095,121587.125
108096,106219.82
108097,113706.57
108098,124841.04
108099,119301.734
108100,109450.94
108101,131837.22
108102,119743.445
108103,95571.74
108104,101766.984
108105,51553.543
108106,46061.004
108107,51872.67
108108,121265.89
108109,164012.92
108110,100732.41
108111,114115.43
108112,108225.33
108113,91468.93
108114,144311.56
108115,52205.895
108116,90543.73
108117,103481.06
108118,121447.945
108119,106853.51
108120,102007.12
108121,124058.84
108122,142828.92
108123,129682.95
108124,168811.22
108125,129754.97
108126,130902.16
108127,114734.164
108128,100860.43
108129,107160.914
108130,95891.99
108131,133239.95
108132,34452.043
108133,50206.91
108134,43746.68
108135,120686.086
108136,48658.195
108137,130589.19
108138,127600.4
108139,55996.055
108140,133727.97
108141,118658.72
108142,62619.27
108143,98385.49
108144,53117.867
108145,98561.164
108146,114194.2
108147,121600.72
108148,144126.22
108149,52932.86
108150,47079.082
108151,36178.45
108152,48579.414
108153,156952.84
108154,113123.49
108155,47411.613
108156,50193.25
108157,86616.38
108158,156710.61
108159,152493.77
108160,136968.95
108161,103676.55
108162,110140.76
108163,118012.02
108164,47769.414
108165,106868.65
108166,107616.23
108167,43232.973
108168,156779.88
108169,51451.48
108170,42207.496
108171,50322.08
108172,124665.51
108173,108502.49
108174,88560.15
108175,49895.27
108176,120247.83
108177,117952.984
108178,111409.18
108179,98402.96
108180,44346.027
108181,47801.504
108182,43685.348
108183,162062.08
108184,111641.625
108185,122132.72
108186,119698.375
108187,108978.555
108188,121456.59
108189,44451.996
108190,85050.36
108191,50494.715
108192,103568.45
108193,122665.32
108194,58128.617
108195,49294.27
108196,47608.04
108197,99360.59
108198,52453.7
108199,80290.44
108200,128708.22
108201,142007.72
108202,48681.59
108203,128552.41
108204,80589.79
108205,139311.38
108206,110988.22
108207,136034.56
108208,117028.63
108209,110937.055
108210,55728.906
108211,84828.89
108212,132746.84
108213,110418.29
108214,52309.188
108215,48524.844
108216,156952.84
108217,115627.33
108218,160967.1
108219,47861.79
108220,154689.42
108221,86527.836
108222,52711.67
108223,122286.65
108224,99588.805
108225,87136.59
108226,130172.26
108227,108707.63
108228,112967.71
108229,52502.543
108230,51648.266
108231,49738.934
108232,131907.67
108233,139677.34
108234,47748.45
108235,100971.414
108236,108142.32
108237,118836.234
108238,57042.375
108239,78618.914
108240,121650.71
108241,100926.26
108242,116282.06
108243,45828.73
108244,62272.492
108245,47574.754
108246,108170.69
108247,92827.6
108248,66536.31
108249,53825.848
108250,132356.9
108251,50268.25
108252,103751.24
108253,67617.65
108254,120267.445
108255,122645.805
108256,123756.664
108257,155060.58
108258,47643.633
108259,49908.77
108260,52418.2
108261,120855.16
108262,114949.164
108263,47445.156
108264,128048.19
108265,123408.56
108266,65209.773
108267,108309.08
108268,100986.45
108269,46358.41
108270,51802.832
108271,122438.64
108272,57567.434
108273,114914.52
108274,127886.85
108275,116638.11
108276,108492.625
108277,144607.12
108278,107035.78
108279,53045.11
108280,156224.98
108281,107846.44
108282,96843.37
108283,49984.113
108284,120283.89
108285,101539.92
108286,108930.914
108287,49088.582
108288,109214.75
108289,118871.22
108290,155112.31
108291,128011.45
108292,109739.38
108293,124771.89
108294,91260.375
108295,55620.402
108296,89734.945
108297,101148.07
108298,113723.03
108299,48717.258
108300,105474.875
108301,156885.7
108302,110735.4
108303,115917.734
108304,104163.59
108305,113393.266
108306,51119.812
108307,147518.2
108308,49768.84
108309,103989.195
108310,111109.27
108311,49147.785
108312,124533.87
108313,124473.25
108314,51994.234
108315,47092.5
108316,139453.19
108317,46524.64
108318,95575.16
108319,125405.625
108320,163176.55
108321,93007.125
108322,109736.42
108323,108150.65
108324,133672.72
108325,126606.14
108326,100271.375
108327,140917.88
108328,105080.6
108329,142229.0
108330,127430.53
108331,135301.03
108332,46291.94
108333,123215.9
108334,126452.95
108335,172177.4
108336,120232.74
108337,116584.87
108338,115699.24
108339,108786.36
108340,51865.066
108341,129190.09
108342,124988.12
108343,100982.91
108344,89550.086
108345,111707.836
108346,50880.68
108347,47939.492
108348,52155.406
108349,46157.46
108350,46880.504
108351,113458.58
108352,113904.516
108353,46382.566
108354,150711.08
108355,66743.41
108356,43606.4
108357,136684.77
108358,91203.21
108359,154404.1
108360,48704.7
108361,168249.92
108362,150046.4
108363,130495.016
108364,87560.234
108365,167315.2
108366,55848.18
108367,100982.75
108368,145260.84
108369,123267.41
108370,52641.02
108371,126573.195
108372,129074.95
108373,174244.33
108374,100271.375
108375,123195.914
108376,59679.523
108377,111133.984
108378,44815.074
108379,158817.62
108380,53523.473
108381,105799.33
108382,130564.15
108383,96534.58
108384,109605.66
108385,162691.53
108386,46104.76
108387,129255.2
108388,99352.086
108389,53018.72
108390,152601.53
108391,49556.46
108392,109947.52
108393,158091.23
108394,45502.19
108395,87069.4
108396,98707.22
108397,58486.79
108398,147479.14
108399,120529.48
108400,47144.195
108401,92130.87
108402,163011.84
108403,189748.28
108404,131824.78
108405,53735.08
108406,107075.61
108407,148526.05
108408,49826.25
108409,111234.78
108410,108494.586
108411,94530.93
108412,95162.83
108413,55974.758
108414,49858.016
108415,50485.58
108416,112886.6
108417,136849.97
108418,109458.75
108419,47784.71
108420,122440.18
108421,50073.004
108422,94536.625
108423,124926.61
108424,108185.91
108425,55175.89
108426,120163.09
108427,128292.74
108428,79821.36
108429,53156.445
108430,123604.93
108431,155292.62
108432,114684.516
108433,46814.523
108434,115825.15
108435,106854.42
108436,106411.62
108437,45349.117
108438,108975.195
108439,100063.37
108440,115031.41
108441,132187.69
108442,49796.445
108443,125968.75
108444,50647.203
108445,82324.766
108446,117439.68
108447,164371.48
108448,131532.52
108449,122613.36
108450,100962.81
108451,54081.203
108452,124628.17
108453,48929.28
108454,47847.195
108455,102443.72
108456,95388.96
108457,97728.33
108458,46880.766
108459,99784.81
108460,54863.312
108461,122494.97
108462,112135.68
108463,137450.36
108464,135863.84
108465,183697.08
108466,133797.86
108467,51033.465
108468,171136.64
108469,106048.445
108470,58120.367
108471,43613.184
108472,110612.55
108473,133061.11
108474,121215.4
108475,130010.55
108476,137615.67
108477,114329.93
108478,47076.984
108479,135653.67
108480,126047.97
108481,153052.08
108482,132255.25
108483,123505.99
108484,146125.56
108485,45542.07
108486,112762.164
108487,131296.03
108488,124657.52
108489,53262.445
108490,115528.21
108491,122440.82
108492,104251.62
108493,148564.78
108494,132076.56
108495,128193.97
108496,142846.56
108497,158858.97
108498,46793.43
108499,128038.1
108500,103627.086
108501,130390.52
108502,47683.14
108503,107785.66
108504,86476.67
108505,59693.945
108506,60038.184
108507,52006.207
108508,109632.336
108509,51038.965
108510,114939.586
108511,119186.16
108512,123012.13
108513,47969.31
108514,51534.914
108515,110599.7
108516,139234.88
108517,129912.74
108518,140306.58
108519,101101.89
108520,80990.58
108521,138131.47
108522,145279.94
108523,121247.92
108524,105821.97
108525,49291.402
108526,146972.8
108527,133249.4
108528,126387.44
108529,108678.734
108530,127989.23
108531,74232.26
108532,164391.83
108533,107493.625
108534,51958.234
108535,103374.07
108536,121246.664
108537,110911.63
108538,140770.58
108539,42261.25
108540,142131.53
108541,52771.24
108542,172419.45
108543,45938.832
108544,103285.984
108545,102030.64
108546,92871.914
108547,55579.88
108548,46049.215
108549,51185.41
108550,97600.68
108551,54337.64
108552,126924.61
108553,118352.05
108554,133046.03
108555,134774.67
108556,91812.5
108557,48095.395
108558,129974.33
108559,139639.58
108560,146558.56
108561,46425.23
108562,121180.4
108563,123331.71
108564,113243.21
108565,54750.66
108566,65106.52
108567,109673.01
108568,140917.22
108569,92680.67
108570,126830.695
108571,50527.285
108572,72040.84
108573,57027.68
108574,53560.555
108575,140053.64
108576,116192.26
108577,48747.746
108578,128926.445
108579,52267.176
108580,97346.67
108581,50015.027
108582,133386.78
108583,46807.906
108584,132433.03
108585,134271.45
108586,135964.6
108587,138934.95
108588,100841.9
108589,129200.62
108590,93278.18
108591,114772.43
108592,106596.67
108593,128204.0
108594,49260.973
108595,46084.59
108596,93793.79
108597,117692.08
108598,93761.79
108599,53270.652
108600,137984.53
108601,94439.61
108602,49497.07
108603,100172.305
108604,132896.25
108605,99646.0
108606,128518.91
108607,140578.33
108608,115058.63
108609,47220.25
108610,107567.266
108611,93761.79
108612,120639.805
108613,61703.72
108614,48820.926
108615,48593.312
108616,97082.52
108617,97604.24
108618,52574.746
108619,111384.695
108620,48316.723
108621,106469.48
108622,118650.83
108623,48074.777
108624,113684.266
108625,114752.33
108626,49618.49
108627,46935.72
108628,48197.78
108629,44352.688
108630,140391.2
108631,51795.62
108632,54799.496
108633,128193.695
108634,54004.84
108635,111079.1
108636,132653.27
108637,79880.03
108638,54898.688
108639,39603.348
108640,57599.98
108641,102960.664
108642,54914.773
108643,47712.254
108644,50155.29
108645,93135.0
108646,80452.69
108647,49748.992
108648,111986.96
108649,107068.8
108650,49609.457
108651,52415.74
108652,108788.9
108653,115973.625
108654,131664.73
108655,52295.793
108656,113281.41
108657,121058.24
108658,104523.164
108659,102496.664
108660,109802.516
108661,101506.07
108662,134549.5
108663,46500.715
108664,94942.91
108665,105628.06
108666,87630.78
108667,133022.73
108668,111378.195
108669,46659.523
108670,48214.08
108671,107616.7
108672,116566.61
108673,151719.0
108674,91600.17
108675,108524.4
108676,128462.18
108677,90873.57
108678,136118.22
108679,115268.71
108680,123417.54
108681,125874.734
108682,53432.39
108683,101082.414
108684,121534.695
108685,43857.59
108686,136918.16
108687,87309.36
108688,102457.97
108689,151901.22
108690,49316.87
108691,122290.78
108692,107384.48
108693,41381.582
108694,50296.582
108695,124811.96
108696,80589.79
108697,104825.72
108698,164280.44
108699,126754.36
108700,128880.91
108701,48836.773
108702,108882.82
108703,134233.27
108704,137124.38
108705,106827.47
108706,104809.59
108707,55332.016
108708,49389.68
108709,48418.527
108710,55977.277
108711,46720.855
108712,57726.57
108713,108134.01
108714,104973.99
108715,106850.12
108716,84752.2
108717,45351.4
108718,53308.223
108719,51334.09
108720,46785.69
108721,80930.66
108722,106425.21
108723,91431.14
108724,97728.33
108725,54843.93
108726,57776.676
108727,51210.137
108728,139478.77
108729,110718.2
108730,52489.41
108731,120824.85
108732,86076.69
108733,98513.67
108734,50294.832
108735,44295.7
108736,106240.15
108737,118494.164
108738,150364.42
108739,51052.312
108740,48983.938
108741,51171.348
108742,55570.223
108743,54134.605
108744,51710.34
108745,48138.42
108746,98509.27
108747,178089.17
108748,106555.234
108749,67697.86
108750,108168.89
108751,125674.0
108752,99708.73
108753,53207.383
108754,49306.645
108755,113408.305
108756,182514.08
108757,116377.97
108758,110394.27
108759,50340.406
108760,47774.703
108761,108342.41
108762,146709.88
108763,150064.94
108764,74844.16
108765,131707.64
108766,132644.3
108767,144610.7
108768,117694.47
108769,129070.234
108770,48750.44
108771,117355.85
108772,139868.23
108773,44841.7
108774,157087.27
108775,122253.234
108776,94884.88
108777,101539.92
108778,50466.812
108779,151042.14
108780,45650.562
108781,116444.68
108782,50559.234
108783,49020.637
108784,48389.176
108785,139294.73
108786,124029.92
108787,50355.49
108788,50261.39
108789,121413.86
108790,99629.914
108791,145387.12
108792,85718.78
108793,118541.53
108794,148573.23
108795,52181.02
108796,126435.12
108797,129143.02
108798,136696.11
108799,100332.53
108800,123036.85
108801,58049.07
108802,43707.477
108803,42353.55
108804,97064.64
108805,56306.453
108806,47482.918
108807,142615.3
108808,103111.69
108809,127366.445
108810,109684.68
108811,43870.5
108812,140125.25
108813,134685.2
108814,130799.39
108815,100974.63
108816,140503.52
108817,182983.06
108818,48408.184
108819,134190.3
108820,149638.58
108821,122923.23
108822,103943.625
108823,54267.523
108824,128143.55
108825,47234.55
108826,71554.46
108827,42698.62
108828,108933.78
108829,133894.62
108830,132833.4
108831,52511.43
108832,57744.906
108833,47026.32
108834,125229.12
108835,107317.31
108836,94018.664
108837,50796.055
108838,152494.89
108839,113377.5
108840,112906.94
108841,135595.92
108842,89534.47
108843,118469.82
108844,71944.72
108845,111624.86
108846,140255.58
108847,135866.05
108848,128718.45
108849,129597.07
108850,149862.64
108851,44530.16
108852,125059.54
108853,85658.72
108854,86465.36
108855,122802.055
108856,92393.82
108857,90000.984
108858,132746.36
108859,119637.805
108860,146412.14
108861,49122.773
108862,120938.02
108863,59245.008
108864,48820.926
108865,141387.69
108866,55572.27
108867,114477.68
108868,136050.33
108869,50513.176
108870,136826.67
108871,105136.36
108872,47178.277
108873,123837.234
108874,45234.516
108875,114408.21
108876,78703.375
108877,41002.44
108878,123276.125
108879,125174.055
108880,47356.527
108881,86069.51
108882,45697.24
108883,118256.59
108884,118280.74
108885,119419.99
108886,59413.516
108887,106637.53
108888,99444.46
108889,51666.46
108890,173884.75
108891,56570.266
108892,85464.6
108893,157025.86
108894,88839.805
108895,123502.02
108896,124894.89
108897,171386.03
108898,118696.83
108899,143891.92
108900,135725.55
108901,95337.73
108902,108322.59
108903,132059.4
108904,107765.63
108905,48356.547
108906,55652.703
108907,140208.05
108908,159922.52
108909,125890.68
108910,46488.27
108911,51894.895
108912,115817.836
108913,124532.56
108914,85464.6
108915,100155.305
108916,129397.69
108917,46135.9
108918,86649.31
108919,128789.4
108920,155928.28
108921,48131.484
108922,156196.62
108923,47293.207
108924,139290.27
108925,141682.45
108926,112189.016
108927,127054.31
108928,46306.31
108929,54626.027
108930,116792.38
108931,157365.48
108932,46616.445
108933,116034.24
108934,116759.33
108935,196938.23
108936,154993.83
108937,106245.92
108938,54782.566
108939,113888.87
108940,141379.2
108941,51959.316
108942,56596.516
108943,115192.81
108944,46475.164
108945,48626.01
108946,52462.336
108947,127678.12
108948,107785.66
108949,50230.45
108950,50391.133
108951,145798.78
108952,47443.73
108953,107843.82
108954,102803.8
108955,130956.51
108956,49854.438
108957,115525.914
108958,100898.83
108959,53293.484
108960,56611.14
108961,97106.41
108962,149350.39
108963,123378.79
108964,51071.383
108965,102556.14
108966,104379.04
108967,90939.36
108968,95635.055
108969,145394.95
108970,87470.9
108971,52640.996
108972,145886.36
108973,96160.1
108974,112364.57
108975,125312.836
108976,118097.0
108977,43309.535
108978,127007.86
108979,74864.37
108980,106332.3
108981,98344.11
108982,46613.684
108983,52206.62
108984,118128.9
108985,47190.64
108986,91079.93
108987,137879.22
108988,104670.43
108989,44553.297
108990,161299.64
108991,102738.95
108992,54275.637
108993,53744.03
108994,122039.85
108995,180978.19
108996,54027.043
108997,168207.69
108998,85045.48
108999,154947.34
109000,127789.44
109001,89540.7
109002,94774.17
109003,44939.48
109004,92192.96
109005,137625.36
109006,109552.79
109007,37035.223
109008,143855.02
109009,50742.637
109010,47669.21
109011,109440.73
109012,103228.875
109013,97840.586
109014,110646.0
109015,109372.66
109016,44811.52
109017,119215.58
109018,131177.03
109019,179876.78
109020,39833.773
109021,50645.066
109022,54923.258
109023,107014.25
109024,45566.25
109025,51366.71
109026,109496.195
109027,99954.02
109028,52337.195
109029,53870.477
109030,54652.8
109031,46532.53
109032,53379.1
109033,115122.12
109034,128747.91
109035,105068.875
109036,41740.215
109037,44648.08
109038,121167.125
109039,46207.324
109040,104061.39
109041,143194.8
109042,47368.24
109043,115057.62
109044,54121.918
109045,115680.08
109046,105499.82
109047,96733.086
109048,134140.25
109049,102941.92
109050,114165.72
109051,63183.598
109052,165570.66
109053,55529.613
109054,146982.72
109055,119847.01
109056,46704.473
109057,168466.0
109058,118366.73
109059,132744.86
109060,92393.82
109061,47399.9
109062,52308.223
109063,115099.8
109064,108439.914
109065,49605.94
109066,53265.645
109067,89681.5
109068,115610.414
109069,124206.24
109070,137882.69
109071,139960.22
109072,46074.254
109073,136790.33
109074,106500.14
109075,48372.44
109076,72409.31
109077,117327.78
109078,129069.664
109079,84113.55
109080,138234.11
109081,156115.34
109082,47757.39
109083,160644.33
109084,153358.11
109085,142453.14
109086,44825.785
109087,113267.66
109088,128725.74
109089,126552.85
109090,171996.02
109091,121323.375
109092,137894.4
109093,128105.58
109094,56361.598
109095,49901.996
109096,132187.69
109097,135801.64
109098,51389.824
109099,59259.98
109100,92410.98
109101,44190.035
109102,133849.19
109103,125682.23
109104,126102.305
109105,53387.145
109106,118161.47
109107,145746.83
109108,140549.7
109109,51071.836
109110,109766.93
109111,117413.72
109112,106797.95
109113,64385.2
109114,147671.62
109115,121110.125
109116,93598.31
109117,100532.77
109118,140259.58
109119,106740.984
109120,128817.66
109121,118657.47
109122,145237.64
109123,45349.62
109124,47642.22
109125,122681.586
109126,48232.547
109127,43173.258
109128,62523.9
109129,75842.12
109130,58904.617
109131,51092.266
109132,110803.13
109133,103452.52
109134,125796.67
109135,85810.43
109136,119892.484
109137,74616.25
109138,133362.44
109139,55921.242
109140,115877.02
109141,107412.79
109142,165286.03
109143,117381.445
109144,51582.707
109145,48156.31
109146,47612.543
109147,108183.7
109148,117660.414
109149,114902.8
109150,128611.414
109151,107085.01
109152,112386.836
109153,139025.33
109154,43318.53
109155,134374.34
109156,119282.37
109157,96505.79
109158,106180.19
109159,145897.17
109160,49549.32
109161,133746.22
109162,50753.67
109163,66696.31
109164,122816.74
109165,126750.44
109166,112177.49
109167,94938.1
109168,115996.78
109169,105531.22
109170,92831.555
109171,38020.234
109172,88405.78
109173,47393.84
109174,123585.22
109175,119428.19
109176,45079.574
109177,113288.305
109178,57072.457
109179,91530.69
109180,151346.06
109181,144494.39
109182,120797.78
109183,96539.95
109184,103594.64
109185,49085.34
109186,45774.586
109187,54130.438
109188,125237.17
109189,52620.53
109190,103239.805
109191,42843.824
109192,99402.12
109193,52211.195
109194,169463.52
109195,101494.4
109196,124442.53
109197,134464.4
109198,95158.44
109199,156802.3
109200,101208.96
109201,130217.39
109202,121064.516
109203,45993.895
109204,86722.73
109205,109785.69
109206,137209.1
109207,49196.766
109208,103764.42
109209,65973.92
109210,94443.77
109211,45608.34
109212,49630.195
109213,126302.96
109214,131611.61
109215,136215.44
109216,55544.617
109217,42853.957
109218,129543.39
109219,53367.535
109220,95023.21
109221,108735.24
109222,141784.86
109223,179997.16
109224,105575.32
109225,117538.664
109226,133627.31
109227,52620.73
109228,95479.016
109229,95281.42
109230,203718.42
109231,42156.594
109232,109402.19
109233,47316.68
109234,146462.28
109235,155295.83
109236,142055.81
109237,48110.082
109238,96763.98
109239,100694.82
109240,55449.254
109241,122520.25
109242,63893.93
109243,53729.16
109244,132711.56
109245,131904.53
109246,53491.656
109247,57629.023
109248,108739.11
109249,56756.86
109250,121072.14
109251,45321.844
109252,107595.74
109253,124147.36
109254,84281.31
109255,143584.19
109256,43490.246
109257,131144.83
109258,125831.0
109259,110231.35
109260,41207.97
109261,122084.586
109262,44279.742
109263,111982.4
109264,114496.84
109265,46181.91
109266,166552.95
109267,41344.72
109268,126164.97
109269,138351.23
109270,55421.883
109271,39933.297
109272,144173.69
109273,47554.61
109274,126055.8
109275,47707.836
109276,136829.03
109277,159477.88
109278,131431.67
109279,128109.016
109280,45518.207
109281,134904.44
109282,47150.902
109283,170054.47
109284,50711.824
109285,99736.445
109286,163980.98
109287,105470.164
109288,51367.246
109289,52511.69
109290,89254.88
109291,103907.49
109292,135755.3
109293,57435.37
109294,99646.484
109295,47683.14
109296,134778.22
109297,128407.875
109298,130954.336
109299,104523.19
109300,47942.668
109301,48380.32
109302,53183.367
109303,86884.08
109304,93649.195
109305,160883.92
109306,50882.598
109307,130011.55
109308,84141.91
109309,106015.836
109310,44406.6
109311,106054.05
109312,47625.293
109313,95890.266
109314,55097.555
109315,102716.54
109316,126219.15
109317,106440.01
109318,154761.23
109319,52322.844
109320,51151.34
109321,144370.38
109322,119419.56
109323,112780.6
109324,56922.023
109325,46061.004
109326,114681.805
109327,95460.14
109328,51791.176
109329,95721.93
109330,48821.12
109331,89819.914
109332,89083.87
109333,48938.62
109334,95425.41
109335,46061.004
109336,109496.195
109337,120925.49
109338,124640.73
109339,117505.89
109340,137109.34
109341,134889.14
109342,172586.55
109343,76256.68
109344,125963.5
109345,101168.984
109346,48020.48
109347,126726.25
109348,139433.8
109349,49298.133
109350,110724.48
109351,53245.996
109352,130177.445
109353,89736.125
109354,128853.91
109355,100821.32
109356,50769.164
109357,138041.12
109358,187058.27
109359,136640.0
109360,114022.23
109361,55022.887
109362,118782.24
109363,112921.01
109364,115265.88
109365,54807.24
109366,128517.33
109367,58307.055
109368,126197.984
109369,144565.52
109370,117768.305
109371,156697.1
109372,43524.457
109373,52336.31
109374,165248.16
109375,128745.71
109376,157231.62
109377,48375.406
109378,47915.477
109379,128798.8
109380,122596.05
109381,113526.65
109382,49321.04
109383,138837.16
109384,50819.957
109385,120108.055
109386,109192.31
109387,91438.414
109388,121343.53
109389,51910.34
109390,48604.36
109391,125573.52
109392,106417.35
109393,65380.977
109394,102788.75
109395,47281.785
109396,56488.8
109397,110843.96
109398,93222.97
109399,95358.16
109400,169740.38
109401,55583.613
109402,169367.89
109403,144778.23
109404,132142.25
109405,131387.31
109406,46103.176
109407,110049.71
109408,91710.664
109409,50878.547
109410,59965.91
109411,128384.83
109412,153430.92
109413,56821.227
109414,105282.33
109415,87914.234
109416,51935.6
109417,128959.25
109418,48914.24
109419,42974.184
109420,126993.086
109421,117724.06
109422,127555.07
109423,40949.918
109424,155727.14
109425,48071.883
109426,58774.37
109427,121055.75
109428,97062.29
109429,142338.62
109430,42523.703
109431,124773.805
109432,50388.117
109433,59309.227
109434,53579.72
109435,151280.95
109436,115262.55
109437,155365.38
109438,127675.41
109439,117908.02
109440,135350.06
109441,105584.64
109442,145507.27
109443,152516.53
109444,55923.645
109445,49036.35
109446,138508.36
109447,136503.44
109448,57559.242
109449,44837.65
109450,140648.92
109451,114092.016
109452,57171.625
109453,98571.23
109454,132533.11
109455,144227.7
109456,41482.1
109457,163808.53
109458,58404.734
109459,49076.23
109460,50729.566
109461,117483.086
109462,49550.97
109463,128795.59
109464,48929.918
109465,102082.12
109466,94025.6
109467,49439.58
109468,50793.62
109469,42547.953
109470,44543.445
109471,102007.12
109472,99896.57
109473,112330.66
109474,123786.64
109475,52305.438
109476,105495.16
109477,56695.62
109478,42042.12
109479,78940.81
109480,109482.43
109481,128004.32
109482,53836.14
109483,141126.69
109484,114622.94
109485,114930.23
109486,127326.28
109487,49220.918
109488,160208.94
109489,48018.27
109490,104088.22
109491,106223.32
109492,112082.516
109493,45773.457
109494,102263.87
109495,103883.22
109496,47169.543
109497,44305.77
109498,124146.1
109499,45642.914
109500,108653.234
109501,134708.27
109502,122417.88
109503,113517.016
109504,95458.7
109505,47418.656
109506,141481.14
109507,45469.105
109508,159326.64
109509,167596.27
109510,95458.7
109511,55773.277
109512,91310.81
109513,47440.645
109514,85606.78
109515,49298.88
109516,41177.12
109517,132888.39
109518,124725.836
109519,66231.22
109520,46277.816
109521,86007.55
109522,112816.195
109523,83699.75
109524,101945.055
109525,66528.14
109526,150797.8
109527,125808.28
109528,143659.83
109529,44654.953
109530,113733.52
109531,156284.47
109532,79084.76
109533,110023.71
109534,125969.25
109535,117185.94
109536,183971.53
109537,114445.09
109538,126962.984
109539,121290.586
109540,107595.74
109541,148735.61
109542,155993.92
109543,63523.63
109544,88599.805
109545,55375.723
109546,109203.03
109547,125669.86
109548,50991.047
109549,95170.09
109550,124151.89
109551,123726.086
109552,92905.664
109553,120139.234
109554,52341.844
109555,47440.645
109556,53982.375
109557,58200.457
109558,96225.086
109559,134209.08
109560,52406.996
109561,115197.3
109562,141734.84
109563,86411.555
109564,97326.65
109565,136589.31
109566,114527.47
109567,118023.016
109568,122825.18
109569,121585.016
109570,138360.94
109571,89530.67
109572,131417.2
109573,52647.113
109574,132440.14
109575,92833.6
109576,92130.87
109577,54510.93
109578,133009.78
109579,97994.04
109580,116196.07
109581,100014.23
109582,43602.32
109583,135039.67
109584,106498.87
109585,157509.72
109586,115086.89
109587,45461.504
109588,143805.53
109589,129473.555
109590,123967.99
109591,118975.81
109592,53383.375
109593,97947.01
109594,54940.44
109595,126416.234
109596,111653.555
109597,96809.98
109598,107604.945
109599,120514.06
109600,48453.81
109601,150385.28
109602,46671.375
109603,102912.63
109604,126662.04
109605,126429.19
109606,117704.695
109607,115141.695
109608,41273.18
109609,47374.56
109610,121743.336
109611,106584.87
109612,47950.953
109613,141564.02
109614,46910.684
109615,161464.14
109616,163858.88
109617,113028.9
109618,107141.17
109619,114620.82
109620,155821.53
109621,41650.133
109622,109567.67
109623,116735.63
109624,89708.88
109625,147422.34
109626,100765.72
109627,99098.305
109628,112047.57
109629,132392.4
109630,58433.35
109631,117295.41
109632,152662.44
109633,136051.95
109634,59889.348
109635,132952.55
109636,104282.37
109637,50854.86
109638,117288.45
109639,50482.84
109640,138293.19
109641,149784.0
109642,100685.805
109643,54471.04
109644,130309.63
109645,105446.22
109646,127246.29
109647,119043.71
109648,45142.383
109649,129737.02
109650,136297.66
109651,46237.176
109652,121781.266
109653,182175.4
109654,113792.125
109655,130903.06
109656,134454.17
109657,115075.59
109658,75035.13
109659,118075.21
109660,132889.55
109661,89732.06
109662,117335.89
109663,133730.61
109664,112878.19
109665,131772.81
109666,99152.32
109667,160160.52
109668,94168.766
109669,50953.914
109670,164118.81
109671,50333.535
109672,49895.27
109673,132745.64
109674,132003.61
109675,46604.67
109676,145491.9
109677,132992.2
109678,100375.17
109679,122007.06
109680,128634.89
109681,116515.88
109682,66015.35
109683,105569.95
109684,139531.64
109685,112363.25
109686,80813.24
109687,97003.07
109688,95718.0
109689,51805.387
109690,48696.26
109691,151676.3
109692,138750.75
109693,58214.16
109694,111921.76
109695,61836.734
109696,47635.41
109697,113210.984
109698,109756.61
109699,109030.56
109700,135604.58
109701,44916.04
109702,135532.33
109703,53014.363
109704,143859.14
109705,107679.43
109706,101457.58
109707,101240.32
109708,128604.82
109709,47190.64
109710,48720.703
109711,60967.785
109712,43786.414
109713,93763.0
109714,53230.02
109715,124039.586
109716,140173.5
109717,115061.29
109718,94443.77
109719,49347.934
109720,61474.863
109721,216389.28
109722,137458.42
109723,95462.33
109724,47992.414
109725,47574.754
109726,103741.51
109727,124039.586
109728,135440.06
109729,128245.38
109730,51928.016
109731,101568.234
109732,49678.66
109733,130143.24
109734,66605.53
109735,78537.33
109736,43350.367
109737,93970.234
109738,110592.766
109739,139306.27
109740,98689.29
109741,131006.14
109742,109669.72
109743,102545.2
109744,53124.867
109745,55942.164
109746,138348.52
109747,50798.95
109748,115874.945
109749,103740.25
109750,115041.83
109751,55252.82
109752,47432.242
109753,49635.594
109754,46801.0
109755,87707.266
109756,102731.06
109757,109282.68
109758,106415.24
109759,130128.17
109760,147643.92
109761,139539.48
109762,58084.36
109763,55680.29
109764,108222.53
109765,46745.574
109766,117761.414
109767,160491.97
109768,52940.36
109769,121533.94
109770,107736.734
109771,47011.152
109772,126550.24
109773,129475.016
109774,166866.88
109775,51052.312
109776,53273.773
109777,109543.99
109778,50932.293
109779,103916.33
109780,115874.04
109781,145295.52
109782,45827.023
109783,124189.766
109784,92913.04
109785,50550.297
109786,120894.305
109787,55186.957
109788,49134.14
109789,109226.86
109790,55634.336
109791,47477.94
109792,48612.26
109793,99398.99
109794,130658.7
109795,139897.83
109796,53787.1
109797,151691.81
109798,121559.79
109799,46680.223
109800,93793.79
109801,109218.164
109802,132155.75
109803,119602.27
109804,115617.695
109805,127748.33
109806,136222.44
109807,102481.305
109808,40238.414
109809,136474.45
109810,125082.36
109811,59155.473
109812,88980.15
109813,91310.81
109814,50991.64
109815,98005.96
109816,46480.273
109817,105208.38
109818,130927.83
109819,90335.914
109820,120027.836
109821,114763.57
109822,126470.12
109823,45847.395
109824,112788.26
109825,104481.07
109826,107957.12
109827,47231.223
109828,50903.44
109829,164581.94
109830,50486.61
109831,132611.86
109832,51233.05
109833,128822.39
109834,84260.28
109835,133002.86
109836,99708.695
109837,47724.188
109838,101697.61
109839,130498.73
109840,120719.09
109841,116152.8
109842,135655.42
109843,43600.29
109844,104402.39
109845,92845.78
109846,44846.723
109847,91341.77
109848,51340.17
109849,129607.84
109850,126482.664
109851,76339.516
109852,107931.21
109853,55889.594
109854,130076.56
109855,55481.86
109856,58266.324
109857,51641.195
109858,113209.625
109859,43490.246
109860,113035.93
109861,112035.29
109862,139606.22
109863,106928.16
109864,118216.11
109865,115468.73
109866,40556.41
109867,109664.16
109868,49688.21
109869,101753.98
109870,51470.76
109871,103450.77
109872,80452.69
109873,53082.188
109874,138559.53
109875,124294.01
109876,94003.12
109877,155730.83
109878,128669.164
109879,121472.34
109880,134165.3
109881,171808.6
109882,127363.516
109883,48874.836
109884,88416.61
109885,92094.71
109886,50151.53
109887,63585.574
109888,87684.51
109889,127039.84
109890,94123.875
109891,173910.47
109892,99125.11
109893,51992.01
109894,107943.15
109895,124498.76
109896,107951.11
109897,53442.52
109898,52368.15
109899,154289.38
109900,57640.76
109901,135461.02
109902,50178.727
109903,151979.45
109904,50596.957
109905,129765.36
109906,45278.953
109907,164939.86
109908,149005.27
109909,113920.03
109910,95033.55
109911,121773.5
109912,135004.02
109913,128864.06
109914,115163.88
109915,48487.965
109916,51428.664
109917,135880.69
109918,94042.68
109919,142867.47
109920,48973.04
109921,44693.93
109922,46077.39
109923,173031.97
109924,129703.87
109925,114428.52
109926,86045.47
109927,122224.24
109928,130633.63
109929,131608.05
109930,97850.3
109931,121018.805
109932,129387.625
109933,77946.06
109934,80759.73
109935,97787.21
109936,51528.793
109937,124808.87
109938,132065.45
109939,94413.34
109940,109618.9
109941,128393.57
109942,144081.88
109943,46921.598
109944,45774.586
109945,103960.12
109946,127277.84
109947,47443.152
109948,54461.11
109949,98100.57
109950,65847.195
109951,55985.457
109952,129578.36
109953,117108.18
109954,135926.75
109955,108335.97
109956,61081.31
109957,47349.855
109958,125484.07
109959,114512.03
109960,147964.2
109961,126608.76
109962,122779.445
109963,54454.95
109964,120101.6
109965,51308.27
109966,52286.348
109967,89773.55
109968,60473.07
109969,148413.16
109970,105376.53
109971,110326.92
109972,134628.88
109973,46280.42
109974,124168.39
109975,110639.25
109976,103767.5
109977,53937.68
109978,123460.52
109979,119510.42
109980,40622.08
109981,50308.254
109982,46437.793
109983,161409.08
109984,46280.42
109985,46411.51
109986,145516.2
109987,100184.42
109988,90671.71
109989,143363.77
109990,158646.84
109991,172506.52
109992,161098.73
109993,126671.36
109994,114730.61
109995,134657.14
109996,43911.547
109997,87823.414
109998,107479.09
109999,47888.945
110000,155623.45
110001,146818.52
110002,50777.406
110003,47368.24
110004,46793.43
110005,128838.54
110006,44890.74
110007,51248.523
110008,47184.08
110009,53793.766
110010,54688.168
110011,102432.8
110012,146588.6
110013,126457.99
110014,50393.113
110015,113852.19
110016,48176.254
110017,125856.35
110018,103143.234
110019,48468.91
110020,95141.73
110021,115836.46
110022,46001.7
110023,121247.08
110024,44767.555
110025,118684.71
110026,109289.58
110027,100561.65
110028,126266.26
110029,108964.03
110030,106563.125
110031,106660.41
110032,137069.72
110033,45034.36
110034,45242.477
110035,104893.31
110036,103818.24
110037,120287.86
110038,97358.75
110039,96786.99
110040,118701.96
110041,127298.93
110042,51342.85
110043,153018.39
110044,124989.78
110045,127957.39
110046,142431.0
110047,135301.78
110048,123265.92
110049,121950.84
110050,47400.492
110051,53259.2
110052,193953.98
110053,51691.64
110054,82476.48
110055,126133.055
110056,66364.07
110057,99972.39
110058,115191.805
110059,137200.28
110060,105300.05
110061,101279.695
110062,49659.99
110063,171368.61
110064,130524.836
110065,135847.77
110066,130507.06
110067,55449.254
110068,134004.94
110069,50022.58
110070,116464.95
110071,83623.805
110072,53827.586
110073,52104.96
110074,108159.23
110075,132705.98
110076,44722.145
110077,46452.543
110078,46511.336
110079,50990.035
110080,41758.645
110081,101392.6
110082,51838.24
110083,114413.734
110084,46401.805
110085,99953.67
110086,110547.47
110087,135263.83
110088,120359.37
110089,50015.363
110090,174609.92
110091,56488.45
110092,47911.387
110093,88968.99
110094,115441.914
110095,76770.75
110096,59532.094
110097,51044.316
110098,131800.39
110099,52545.465
110100,163394.69
110101,147062.88
110102,48412.69
110103,83057.27
110104,53112.27
110105,131256.23
110106,106944.29
110107,114637.7
110108,119509.56
110109,55152.35
110110,145161.5
110111,93596.234
110112,160493.0
110113,98840.76
110114,111922.88
110115,119495.375
110116,117514.04
110117,47050.31
110118,47148.88
110119,104381.15
110120,114980.49
110121,118609.25
110122,56334.207
110123,49170.195
110124,138737.94
110125,56557.137
110126,117903.375
110127,55469.043
110128,106288.51
110129,173757.53
110130,134997.86
110131,109680.375
110132,108026.125
110133,82630.27
110134,53105.555
110135,142014.88
110136,115877.02
110137,123134.82
110138,116857.96
110139,122499.45
110140,101504.766
110141,108289.66
110142,126256.266
110143,48370.242
110144,91078.65
110145,129890.43
110146,116825.01
110147,121315.31
110148,141884.47
110149,43964.082
110150,141260.28
110151,143301.69
110152,152565.17
110153,114872.37
110154,120229.02
110155,55387.168
110156,121724.91
110157,106016.7
110158,103837.016
110159,59326.45
110160,122851.52
110161,129105.07
110162,43707.477
110163,53547.363
110164,134223.0
110165,115273.87
110166,50681.3
110167,126281.03
110168,55987.73
110169,115776.27
110170,60580.934
110171,126030.625
110172,53879.703
110173,135689.7
110174,44860.695
110175,56203.17
110176,109725.195
110177,53001.45
110178,147216.45
110179,47437.184
110180,109547.48
110181,82772.945
110182,107842.6
110183,138646.17
110184,89681.5
110185,45892.625
110186,99814.33
110187,46818.215
110188,46624.09
110189,44867.285
110190,51002.207
110191,104308.91
110192,152895.45
110193,154643.28
110194,55136.67
110195,51922.277
110196,83557.95
110197,129071.484
110198,130293.67
110199,87136.59
110200,191394.06
110201,125575.71
110202,118814.64
110203,94781.47
110204,101652.18
110205,117157.516
110206,99851.98
110207,168434.61
110208,48584.54
110209,136808.92
110210,156490.62
110211,57213.652
110212,136211.98
110213,107082.18
110214,90026.766
110215,52247.47
110216,46641.727
110217,124925.516
110218,46553.117
110219,145484.2
110220,106113.95
110221,102511.695
110222,129361.2
110223,51235.863
110224,102087.016
110225,117613.55
110226,57407.44
110227,127290.54
110228,53407.977
110229,116703.44
110230,122448.3
110231,134979.67
110232,98319.72
110233,49321.04
110234,146367.16
110235,63163.91
110236,109270.11
110237,47927.633
110238,127374.07
110239,155520.02
110240,50200.19
110241,108524.14
110242,119266.23
110243,93298.68
110244,129460.04
110245,128451.44
110246,76648.984
110247,148607.77
110248,52751.426
110249,138154.62
110250,89083.87
110251,119662.46
110252,111846.26
110253,143318.27
110254,87528.91
110255,127431.3
110256,55852.0
110257,109213.92
110258,118248.734
110259,50857.027
110260,69523.945
110261,49974.33
110262,133459.3
110263,135840.8
110264,56526.24
110265,110091.125
110266,153730.27
110267,140335.44
110268,137511.25
110269,54394.51
110270,67529.15
110271,143519.25
110272,134205.25
110273,158336.53
110274,52669.957
110275,47069.715
110276,132100.27
110277,110752.25
110278,151257.69
110279,48616.934
110280,115684.766
110281,70287.28
110282,111254.13
110283,151416.58
110284,113618.85
110285,50031.81
110286,132627.2
110287,137692.67
110288,101488.72
110289,100145.57
110290,86447.54
110291,131001.57
110292,50420.223
110293,55397.875
110294,131388.28
110295,48524.81
110296,47389.273
110297,125116.92
110298,50552.94
110299,137490.9
110300,45592.83
110301,127868.766
110302,139174.86
110303,53146.477
110304,137456.75
110305,111204.96
110306,49738.668
110307,139776.9
110308,97032.766
110309,142731.48
110310,111053.09
110311,111279.44
110312,119354.19
110313,115667.2
110314,78862.91
110315,53207.383
110316,128071.484
110317,124826.48
110318,49789.613
110319,107616.7
110320,162265.53
110321,44331.023
110322,148495.25
110323,121173.8
110324,79821.36
110325,69435.73
110326,131273.39
110327,133081.12
110328,56541.82
110329,123776.59
110330,47489.67
110331,44244.73
110332,116467.266
110333,57872.72
110334,115385.48
110335,100014.23
110336,121698.51
110337,116595.48
110338,104439.01
110339,132324.94
110340,51323.695
110341,85230.4
110342,54246.29
110343,128538.914
110344,149618.14
110345,108401.31
110346,48490.094
110347,48071.47
110348,166021.55
110349,61942.02
110350,132181.86
110351,118646.875
110352,47591.133
110353,153785.8
110354,121886.055
110355,95920.734
110356,51854.36
110357,54273.383
110358,49212.15
110359,48836.61
110360,48807.418
110361,60689.55
110362,98877.58
110363,90203.88
110364,102825.625
110365,125269.42
110366,155484.95
110367,148608.12
110368,131389.53
110369,133013.56
110370,112037.74
110371,47316.68
110372,120078.32
110373,117308.49
110374,132568.73
110375,112868.02
110376,55651.484
110377,59140.258
110378,50039.97
110379,155989.98
110380,50105.754
110381,129931.21
110382,57222.07
110383,96742.16
110384,95831.21
110385,51088.223
110386,52285.62
110387,91181.945
110388,50348.547
110389,81453.32
110390,54845.13
110391,169525.39
110392,122790.11
110393,93387.32
110394,51119.094
110395,53207.047
110396,137917.97
110397,49733.695
110398,148298.27
110399,100471.74
110400,44038.297
110401,45054.195
110402,118303.984
110403,119632.734
110404,87722.46
110405,122045.81
110406,43776.668
110407,45448.887
110408,100914.695
110409,116466.27
110410,116801.02
110411,129421.66
110412,140901.19
110413,161124.33
110414,51616.332
110415,49038.09
110416,44654.543
110417,49372.566
110418,136780.05
110419,126705.64
110420,118948.3
110421,115701.87
110422,54667.56
110423,119126.61
110424,53225.03
110425,116629.42
110426,126908.85
110427,46650.523
110428,112720.266
110429,70946.734
110430,45774.586
110431,91662.445
110432,66275.18
110433,103517.9
110434,101454.36
110435,45587.5
110436,98304.59
110437,57743.145
110438,152501.42
110439,46408.168
110440,53735.793
110441,124044.266
110442,141053.78
110443,105975.195
110444,47942.668
110445,46236.84
110446,96006.72
110447,143307.47
110448,108199.336
110449,43545.945
110450,134743.4
110451,99969.67
110452,112204.92
110453,122358.125
110454,124211.7
110455,143843.62
110456,122845.55
110457,51865.992
110458,111051.72
110459,108948.625
110460,111256.99
110461,51192.812
110462,112617.625
110463,125632.25
110464,120060.45
110465,51576.36
110466,113811.664
110467,131883.6
110468,94439.61
110469,110636.79
110470,114697.73
110471,60488.043
110472,115994.414
110473,54069.17
110474,122917.38
110475,132784.61
110476,110883.56
110477,134370.55
110478,111913.57
110479,45271.867
110480,47659.793
110481,94288.15
110482,138530.5
110483,138843.27
110484,43016.27
110485,132474.78
110486,110668.67
110487,105116.13
110488,48559.28
110489,46621.348
110490,85464.6
110491,142662.78
110492,48075.008
110493,47014.41
110494,96984.81
110495,55471.574
110496,98702.336
110497,147658.6
110498,43370.97
110499,117294.84
110500,50170.9
110501,50112.65
110502,112809.13
110503,107161.56
110504,117604.516
110505,99685.36
110506,125312.59
110507,42555.984
110508,117384.766
110509,132337.16
110510,105919.35
110511,46481.703
110512,50985.633
110513,119819.8
110514,114032.305
110515,99367.29
110516,150434.52
110517,43846.344
110518,103771.305
110519,114542.68
110520,137732.52
110521,113091.0
110522,139276.95
110523,39390.273
110524,50575.383
110525,113912.19
110526,52195.06
110527,101905.49
110528,79556.41
110529,143311.25
110530,54559.984
110531,56389.234
110532,151827.66
110533,102303.76
110534,132078.25
110535,80870.69
110536,123368.71
110537,47363.37
110538,88771.65
110539,52271.246
110540,46376.7
110541,55368.895
110542,46615.43
110543,120266.875
110544,46567.65
110545,100694.82
110546,114279.96
110547,45536.418
110548,147002.12
110549,159487.92
110550,158141.31
110551,125081.28
110552,127379.26
110553,53750.074
110554,105093.055
110555,104181.72
110556,49418.145
110557,89408.68
110558,46309.098
110559,51391.58
110560,49516.066
110561,125861.9
110562,120129.77
110563,97994.04
110564,46787.094
110565,127318.18
110566,52518.895
110567,113888.12
110568,132518.78
110569,84453.47
110570,108853.6
110571,99044.27
110572,117581.46
110573,125213.72
110574,48088.145
110575,120985.71
110576,51449.062
110577,127217.99
110578,119870.25
110579,43951.402
110580,146185.44
110581,120561.83
110582,122690.6
110583,51352.953
110584,127439.29
110585,48320.45
110586,47757.39
110587,48643.355
110588,101434.22
110589,110388.195
110590,51255.67
110591,51055.46
110592,55592.355
110593,51650.46
110594,134072.08
110595,142440.66
110596,94674.98
110597,53232.977
110598,127182.34
110599,179770.22
110600,104200.445
110601,47352.953
110602,51254.773
110603,149923.34
110604,43243.27
110605,54586.55
110606,99708.695
110607,113160.85
110608,182024.5
110609,102126.68
110610,96710.336
110611,56064.312
110612,94559.88
110613,110588.3
110614,148175.62
110615,107851.64
110616,172939.66
110617,121349.57
110618,111211.45
110619,116350.79
110620,85465.76
110621,140519.1
110622,111251.31
110623,47554.61
110624,166023.16
110625,56219.465
110626,116280.56
110627,56496.023
110628,107105.25
110629,117908.98
110630,144177.61
110631,117186.3
110632,82324.766
110633,124584.33
110634,55342.656
110635,48768.215
110636,122667.87
110637,114744.555
110638,91378.445
110639,101160.25
110640,97535.336
110641,54699.887
110642,114386.625
110643,57441.754
110644,121259.27
110645,46437.793
110646,147347.86
110647,52420.117
110648,167351.78
110649,59874.67
110650,58358.953
110651,122976.21
110652,101188.445
110653,99736.445
110654,104900.03
110655,93668.75
110656,48312.81
110657,52220.81
110658,114899.92
110659,45470.9
110660,39849.81
110661,51887.617
110662,51461.59
110663,45043.246
110664,134916.66
110665,55899.758
110666,132233.52
110667,100995.945
110668,47398.277
110669,78918.95
110670,145727.45
110671,135569.55
110672,119791.195
110673,45117.066
110674,124167.22
110675,99045.43
110676,63882.992
110677,99506.33
110678,101437.99
110679,90954.42
110680,136984.4
110681,87967.586
110682,137784.17
110683,169882.31
110684,51390.83
110685,172489.22
110686,102451.76
110687,134147.81
110688,127520.46
110689,105195.32
110690,138325.36
110691,113650.41
110692,52084.945
110693,113889.32
110694,102861.055
110695,104738.1
110696,45743.883
110697,136927.08
110698,60756.445
110699,158003.98
110700,107080.48
110701,90867.46
110702,48353.71
110703,57938.066
110704,89342.07
110705,122740.99
110706,46358.41
110707,93390.5
110708,143992.12
110709,110713.9
110710,104481.67
110711,93646.27
110712,140527.22
110713,132452.4
110714,92782.44
110715,108326.195
110716,127036.15
110717,127019.39
110718,49292.75
110719,111705.05
110720,47409.406
110721,120080.414
110722,131796.48
110723,137857.06
110724,46593.547
110725,123492.52
110726,137045.53
110727,43570.645
110728,115558.39
110729,118086.414
110730,55420.95
110731,125994.375
110732,156956.58
110733,118966.445
110734,135440.22
110735,112173.9
110736,52995.633
110737,120758.305
110738,115496.6
110739,46610.938
110740,131550.11
110741,123110.68
110742,140472.53
110743,141716.45
110744,104736.15
110745,128559.48
110746,47652.098
110747,56126.527
110748,51666.6
110749,49321.957
110750,125718.63
110751,112171.81
110752,121255.836
110753,53099.582
110754,45371.895
110755,92379.62
110756,53381.47
110757,145221.56
110758,48401.98
110759,114877.805
110760,111267.086
110761,125132.73
110762,138639.97
110763,49012.21
110764,53026.414
110765,114894.13
110766,108930.914
110767,135364.08
110768,137378.86
110769,56807.625
110770,157197.44
110771,142112.22
110772,49008.215
110773,113057.23
110774,131772.11
110775,180898.17
110776,118838.805
110777,135610.6
110778,53167.4
110779,119067.17
110780,98997.08
110781,94825.67
110782,94343.64
110783,128775.695
110784,102472.62
110785,94373.3
110786,49703.09
110787,41579.73
110788,46524.64
110789,119826.81
110790,98652.664
110791,47280.36
110792,104580.77
110793,124708.67
110794,98460.625
110795,46860.727
110796,110480.31
110797,52879.586
110798,50509.207
110799,37480.707
110800,142628.33
110801,49580.86
110802,51952.668
110803,127566.625
110804,137379.36
110805,151808.64
110806,93690.28
110807,110157.67
110808,93761.79
110809,140273.17
110810,169822.4
110811,98654.63
110812,98397.14
110813,107581.87
110814,100671.016
110815,169825.72
110816,139088.75
110817,131130.23
110818,119780.17
110819,51665.957
110820,126774.445
110821,124381.66
110822,134307.4
110823,93761.79
110824,97611.305
110825,100064.21
110826,103378.195
110827,92617.56
110828,113086.09
110829,109257.14
110830,51601.03
110831,104523.164
110832,49432.645
110833,108440.35
110834,144506.1
110835,96505.79
110836,46311.695
110837,152501.4
110838,68539.06
110839,122363.76
110840,92981.66
110841,160041.66
110842,95651.234
110843,140721.44
110844,48254.906
110845,58625.56
110846,104090.57
110847,110117.25
110848,130038.086
110849,108492.336
110850,106858.02
110851,115111.0
110852,97173.62
110853,110533.484
110854,127429.68
110855,112950.43
110856,87660.28
110857,46503.445
110858,55543.14
110859,107413.516
110860,146059.84
110861,111927.29
110862,118989.15
110863,65204.1
110864,126930.914
110865,124472.82
110866,88818.55
110867,99334.23
110868,47677.92
110869,119435.734
110870,45599.152
110871,52350.934
110872,135234.19
110873,130190.555
110874,46316.53
110875,112189.016
110876,117564.71
110877,60925.277
110878,116642.99
110879,54896.348
110880,107320.94
110881,46055.902
110882,120527.445
110883,46524.926
110884,59052.64
110885,47234.023
110886,157362.45
110887,101892.27
110888,98221.46
110889,121703.64
110890,140658.78
110891,125177.87
110892,111230.89
110893,98863.555
110894,39958.797
110895,45469.848
110896,138964.3
110897,155489.86
110898,50785.023
110899,100184.42
110900,145437.31
110901,101315.836
110902,44907.23
110903,45106.258
110904,114622.06
110905,86938.12
110906,123491.17
110907,49302.78
110908,88216.33
110909,49425.766
110910,100434.29
110911,92734.41
110912,107553.37
110913,127699.836
110914,138175.52
110915,49704.203
110916,125225.56
110917,111566.23
110918,49819.895
110919,56715.023
110920,45712.535
110921,134074.61
110922,135686.02
110923,124225.664
110924,115132.055
110925,49117.043
110926,145199.31
110927,52444.176
110928,45892.625
110929,138754.3
110930,55077.83
110931,57243.95
110932,113629.26
110933,117255.53
110934,116110.61
110935,117453.52
110936,56542.285
110937,158477.39
110938,96056.84
110939,137176.16
110940,149178.38
110941,118166.05
110942,48763.18
110943,58715.53
110944,46842.492
110945,136217.81
110946,43124.586
110947,95083.82
110948,120174.39
110949,48637.53
110950,114977.1
110951,87560.234
110952,112343.23
110953,109324.48
110954,50271.996
110955,123964.44
110956,101651.984
110957,125023.305
110958,53947.52
110959,118959.22
110960,48367.85
110961,47725.754
110962,86589.88
110963,89593.38
110964,104670.43
110965,50932.63
110966,48314.1
110967,133200.89
110968,64153.32
110969,116707.2
110970,100801.73
110971,47655.88
110972,92680.67
110973,41986.176
110974,128913.22
110975,95677.17
110976,121670.95
110977,47059.59
110978,101532.836
110979,100728.27
110980,115542.83
110981,63840.938
110982,106935.945
110983,123514.8
110984,116880.31
110985,107243.87
110986,118218.37
110987,150318.34
110988,105514.766
110989,49843.273
110990,172848.77
110991,123715.625
110992,79267.875
110993,160851.47
110994,89742.805
110995,86028.44
110996,83417.38
110997,59005.953
110998,126281.734
110999,85931.305
111000,58116.016
111001,132016.55
111002,92201.24
111003,146327.38
111004,49189.434
111005,132775.69
111006,105575.32
111007,49327.066
111008,45484.63
111009,92763.13
111010,121837.99
111011,48032.023
111012,51485.906
111013,114746.49
111014,103166.94
111015,87906.47
111016,107920.734
111017,103079.04
111018,110972.695
111019,145027.8
111020,113548.375
111021,49018.08
111022,47786.938
111023,48663.516
111024,138072.02
111025,55071.633
111026,144068.8
111027,59869.41
111028,117158.44
111029,84828.89
111030,113038.33
111031,49938.26
111032,125493.73
111033,96596.05
111034,55607.184
111035,128415.59
111036,56542.492
111037,41303.492
111038,104251.62
111039,106124.17
111040,50636.547
111041,133647.31
111042,53039.85
111043,127932.99
111044,103897.48
111045,147446.19
111046,130431.89
111047,52178.254
111048,101929.83
111049,53822.742
111050,128977.586
111051,89523.48
111052,100014.23
111053,120229.34
111054,86319.234
111055,48379.465
111056,112786.43
111057,133868.48
111058,122992.13
111059,136613.23
111060,140739.06
111061,88387.15
111062,155127.03
111063,47456.734
111064,51640.44
111065,148240.97
111066,47757.39
111067,137628.98
111068,161735.1
111069,50966.22
111070,52561.15
111071,93214.22
111072,151199.73
111073,47647.156
111074,47026.32
111075,124585.805
111076,140629.66
111077,112507.55
111078,87136.59
111079,131103.27
111080,151762.02
111081,47954.65
111082,111740.17
111083,173287.69
111084,78209.75
111085,57723.37
111086,47212.242
111087,129034.3
111088,108266.31
111089,93308.836
111090,50900.895
111091,49637.844
111092,142096.83
111093,90615.8
111094,141575.7
111095,113841.08
111096,123027.35
111097,134294.11
111098,85890.76
111099,100293.234
111100,133963.38
111101,50578.414
111102,100003.34
111103,114577.914
111104,125671.055
111105,47404.906
111106,114543.31
111107,97637.27
111108,121327.31
111109,41367.094
111110,109150.305
111111,51313.688
111112,108627.766
111113,104076.914
111114,135454.8
111115,61393.883
111116,122806.31
111117,130257.2
111118,50200.883
111119,152928.62
111120,120543.945
111121,50009.93
111122,127909.875
111123,47873.457
111124,61095.64
111125,101368.76
111126,50016.9
111127,100653.57
111128,134511.34
111129,129428.11
111130,54972.92
111131,50973.66
111132,48011.402
111133,125825.65
111134,97751.99
111135,121441.07
111136,56776.668
111137,105288.3
111138,54949.918
111139,52943.055
111140,48584.54
111141,134106.5
111142,123941.98
111143,45542.07
111144,75356.53
111145,101777.04
111146,131296.4
111147,90341.555
111148,132452.42
111149,101705.38
111150,47289.957
111151,60032.516
111152,133986.84
111153,129379.5
111154,44721.87
111155,133664.12
111156,44648.08
111157,131839.06
111158,117050.13
111159,46161.01
111160,46916.33
111161,113569.04
111162,54698.95
111163,90414.51
111164,52737.09
111165,86028.164
111166,45381.31
111167,107730.15
111168,50748.01
111169,90414.51
111170,163653.1
111171,119929.35
111172,50554.71
111173,122290.45
111174,116374.36
111175,128086.67
111176,203975.05
111177,136015.0
111178,130180.54
111179,135907.45
111180,128370.625
111181,36661.293
111182,139713.78
111183,160236.36
111184,137320.62
111185,121079.19
111186,46410.086
111187,137239.44
111188,106419.65
111189,51066.07
111190,129030.57
111191,110399.16
111192,119595.56
111193,126876.35
111194,55010.25
111195,133592.23
111196,97266.36
111197,51969.844
111198,50703.97
111199,126998.65
111200,128236.4
111201,105388.93
111202,104750.57
111203,160022.94
111204,46425.23
111205,94419.05
111206,139990.34
111207,49921.984
111208,113932.74
111209,109016.82
111210,140798.34
111211,111802.11
111212,46911.805
111213,128256.945
111214,125276.75
111215,99656.79
111216,112107.305
111217,133406.47
111218,54306.195
111219,49859.84
111220,127372.41
111221,114109.766
111222,157556.47
111223,47705.95
111224,59145.11
111225,129997.375
111226,148846.28
111227,134096.27
111228,51273.21
111229,113221.17
111230,163542.58
111231,48722.492
111232,121356.79
111233,136424.11
111234,136032.9
111235,47759.668
111236,174362.62
111237,54424.227
111238,100892.016
111239,148209.72
111240,46118.848
111241,123722.34
111242,124339.77
111243,55877.84
111244,48748.547
111245,55744.375
111246,60998.703
111247,104906.37
111248,123225.94
111249,49921.984
111250,48984.63
111251,87818.94
111252,48213.69
111253,158401.98
111254,54134.773
111255,51365.848
111256,99466.37
111257,93738.14
111258,124360.92
111259,49034.56
111260,100014.23
111261,128246.34
111262,102946.18
111263,61112.516
111264,155047.69
111265,97334.95
111266,110427.125
111267,114642.266
111268,161724.27
111269,135598.4
111270,92357.6
111271,93738.14
111272,92928.12
111273,102197.04
111274,53316.535
111275,118586.6
111276,162002.16
111277,122659.99
111278,94583.79
111279,105377.85
111280,111701.016
111281,89183.69
111282,52573.8
111283,114300.87
111284,120450.21
111285,113255.75
111286,51270.758
111287,121790.75
111288,105620.16
111289,58025.6
111290,122955.44
111291,169604.53
111292,160007.05
111293,43738.535
111294,168821.97
111295,154246.53
111296,95339.52
111297,91338.87
111298,121987.984
111299,47779.98
111300,54850.242
111301,130536.12
111302,119356.59
111303,60236.156
111304,90973.266
111305,132852.8
111306,99344.73
111307,125691.53
111308,153100.08
111309,52452.008
111310,114088.25
111311,128165.516
111312,139973.3
111313,97827.54
111314,114596.03
111315,109323.96
111316,113274.94
111317,55300.164
111318,105648.13
111319,93763.0
111320,161573.08
111321,56322.566
111322,71065.016
111323,109718.09
111324,46742.395
111325,145551.55
111326,167545.14
111327,131807.08
111328,107616.7
111329,58073.074
111330,47596.195
111331,93343.22
111332,99373.82
111333,113732.71
111334,123425.97
111335,96742.16
111336,115984.21
111337,131743.98
111338,54737.31
111339,167977.11
111340,116693.29
111341,115160.86
111342,50216.41
111343,55506.023
111344,124277.99
111345,124500.0
111346,119443.99
111347,51325.133
111348,124782.56
111349,114971.31
111350,138529.08
111351,55256.445
111352,49018.55
111353,110903.875
111354,86606.945
111355,116039.9
111356,147942.77
111357,130014.02
111358,44740.668
111359,45761.812
111360,118751.7
111361,82098.01
111362,138951.73
111363,112889.52
111364,105137.055
111365,94663.42
111366,108548.15
111367,48838.414
111368,130809.836
111369,125132.42
111370,120528.164
111371,45460.453
111372,113669.58
111373,114232.5
111374,107589.836
111375,52935.62
111376,113074.29
111377,91658.85
111378,102536.36
111379,104804.305
111380,46652.996
111381,104467.43
111382,164543.34
111383,151810.62
111384,122606.65
111385,104681.38
111386,107924.51
111387,100694.82
111388,122806.31
111389,66405.99
111390,107912.67
111391,52039.14
111392,120419.96
111393,88645.21
111394,115334.21
111395,127707.47
111396,117346.96
111397,126961.34
111398,138859.48
111399,106971.11
111400,52000.742
111401,49316.6
111402,126085.664
111403,81373.9
111404,49211.28
111405,126358.01
111406,112284.05
111407,134119.0
111408,104518.99
111409,134464.4
111410,106811.18
111411,150826.14
111412,127559.0
111413,113395.44
111414,84973.13
111415,46820.684
111416,119389.125
111417,166575.14
111418,110884.52
111419,104208.13
111420,53604.93
111421,93906.53
111422,88623.984
111423,128065.48
111424,102025.3
111425,154292.28
111426,122420.98
111427,100055.75
111428,126374.56
111429,118328.31
111430,51118.562
111431,105071.69
111432,168018.61
111433,108879.87
111434,110730.234
111435,100302.37
111436,41982.066
111437,124946.23
111438,93847.13
111439,109420.72
111440,114774.234
111441,97543.54
111442,94310.11
111443,52491.08
111444,47441.34
111445,57091.63
111446,124447.69
111447,50976.414
111448,123157.984
111449,107732.65
111450,51090.938
111451,45686.85
111452,47508.8
111453,52905.176
111454,85844.266
111455,114572.29
111456,126275.4
111457,107897.76
111458,123486.45
111459,113204.15
111460,50431.453
111461,126496.13
111462,165844.19
111463,115411.29
111464,118567.31
111465,105474.17
111466,55925.996
111467,122660.17
111468,131675.98
111469,50857.027
111470,53196.066
111471,105021.69
111472,49933.22
111473,49221.98
111474,114708.484
111475,57546.652
111476,48438.855
111477,52437.65
111478,52123.74
111479,93020.02
111480,91924.37
111481,85710.445
111482,46800.414
111483,44797.727
111484,113644.76
111485,132519.19
111486,119933.7
111487,163130.34
111488,86938.12
111489,126948.92
111490,125370.01
111491,117942.0
111492,129520.5
111493,44168.453
111494,49961.203
111495,139013.06
111496,110330.32
111497,122934.79
111498,45033.664
111499,97534.91
111500,119751.96
111501,46755.49
111502,98668.66
111503,48471.332
111504,45772.79
111505,112351.914
111506,146676.3
111507,134977.1
111508,47621.86
111509,79434.01
111510,134485.92
111511,124378.59
111512,172088.8
111513,165795.23
111514,50702.5
111515,167523.56
111516,117749.305
111517,106811.18
111518,62982.47
111519,94954.59
111520,137565.89
111521,156165.95
111522,103793.55
111523,89757.28
111524,130675.08
111525,57699.9
111526,50068.03
111527,124804.53
111528,47832.94
111529,160143.16
111530,100762.38
111531,46814.523
111532,46716.883
111533,132337.3
111534,40544.516
111535,50824.098
111536,42888.34
111537,105582.79
111538,54467.938
111539,96745.734
111540,135146.61
111541,58138.246
111542,117818.74
111543,49295.027
111544,47574.754
111545,104747.67
111546,163461.28
111547,83714.26
111548,82592.44
111549,140743.9
111550,131980.6
111551,108379.586
111552,138138.9
111553,114373.21
111554,78019.44
111555,119392.84
111556,115591.21
111557,107182.38
111558,120716.56
111559,116294.37
111560,116363.44
111561,95140.734
111562,125268.31
111563,166567.66
111564,47622.21
111565,127065.71
111566,107136.63
111567,99552.26
111568,79445.83
111569,94082.8
111570,126089.93
111571,169353.03
111572,61358.754
111573,48903.69
111574,185741.89
111575,122883.63
111576,54248.535
111577,114031.23
111578,44188.277
111579,159431.36
111580,98877.58
111581,46148.05
111582,47548.496
111583,154043.48
111584,139206.14
111585,122023.92
111586,111478.914
111587,161482.11
111588,103972.086
111589,136948.72
111590,163316.55
111591,52503.223
111592,112576.8
111593,46271.29
111594,117241.84
111595,97078.39
111596,122512.11
111597,50117.03
111598,106327.46
111599,42445.73
111600,60107.18
111601,83557.95
111602,104251.62
111603,100326.3
111604,123723.55
111605,128863.04
111606,50081.684
111607,42731.58
111608,107160.42
111609,108478.16
111610,120490.586
111611,125140.055
111612,115277.49
111613,47428.227
111614,49843.273
111615,49678.66
111616,44753.688
111617,95245.44
111618,109163.1
111619,54915.426
111620,136546.88
111621,102414.8
111622,133719.61
111623,132169.34
111624,125501.086
111625,120408.2
111626,107720.13
111627,55659.734
111628,48909.812
111629,88128.734
111630,94854.51
111631,181459.28
111632,136555.25
111633,62919.016
111634,128467.0
111635,150431.17
111636,130750.94
111637,44633.184
111638,148331.64
111639,132590.56
111640,115208.234
111641,95658.94
111642,49117.56
111643,133733.7
111644,126261.125
111645,105600.16
111646,48726.605
111647,47944.207
111648,110257.734
111649,54607.848
111650,128970.15
111651,48410.848
111652,121472.05
111653,106847.9
111654,59313.13
111655,51710.34
111656,153145.94
111657,144770.84
111658,99236.83
111659,146791.67
111660,97898.71
111661,139863.27
111662,57722.65
111663,109476.625
111664,129281.55
111665,134032.97
111666,144884.0
111667,119266.29
111668,45824.133
111669,99043.24
111670,123712.586
111671,46105.594
111672,111856.87
111673,118164.32
111674,131915.66
111675,58112.523
111676,96198.12
111677,95641.266
111678,46807.906
111679,91922.766
111680,49294.27
111681,49556.0
111682,51713.434
111683,104368.945
111684,110827.875
111685,127814.31
111686,60617.676
111687,44038.297
111688,94825.67
111689,59627.8
111690,49627.4
111691,107256.43
111692,181519.6
111693,116072.74
111694,113584.01
111695,48413.645
111696,111617.93
111697,93005.78
111698,165295.22
111699,132122.66
111700,94373.3
111701,43342.137
111702,82163.164
111703,44858.566
111704,126079.664
111705,129530.445
111706,117559.01
111707,52716.64
111708,46168.176
111709,50972.535
111710,50019.43
111711,106681.195
111712,118259.44
111713,74349.64
111714,48720.703
111715,174711.69
111716,120422.63
111717,142078.8
111718,53337.58
111719,110198.19
111720,124333.67
111721,94021.29
111722,94170.34
111723,53550.06
111724,125659.62
111725,46241.363
111726,93726.56
111727,113587.32
111728,149371.64
111729,128838.875
111730,94443.77
111731,41876.58
111732,108665.49
111733,40619.402
111734,107191.66
111735,52709.996
111736,42276.035
111737,149759.34
111738,103502.21
111739,134910.44
111740,47819.863
111741,111185.85
111742,123157.984
111743,115152.11
111744,147172.3
111745,44626.402
111746,139611.55
111747,155980.88
111748,94583.89
111749,51104.64
111750,53622.12
111751,106349.81
111752,150447.06
111753,108666.14
111754,149559.5
111755,107054.78
111756,150565.83
111757,129262.625
111758,142743.77
111759,116404.12
111760,130376.91
111761,96647.266
111762,63208.965
111763,103989.195
111764,53520.24
111765,48817.125
111766,99125.11
111767,52068.875
111768,50141.684
111769,38059.902
111770,117610.945
111771,131004.445
111772,111817.11
111773,112504.79
111774,147671.05
111775,55150.25
111776,99667.07
111777,141757.33
111778,113782.43
111779,152870.78
111780,44878.945
111781,160713.28
111782,124638.36
111783,145798.2
111784,45971.902
111785,39725.195
111786,142270.1
111787,48396.23
111788,109496.195
111789,85330.09
111790,126256.086
111791,48242.957
111792,133123.8
111793,126002.87
111794,48829.58
111795,47428.016
111796,96127.08
111797,151622.88
111798,97849.43
111799,50363.777
111800,69674.67
111801,46635.84
111802,41223.242
111803,121543.07
111804,95954.15
111805,98401.44
111806,118699.81
111807,112549.41
111808,47324.312
111809,120585.125
111810,148777.34
111811,47800.992
111812,124080.734
111813,44594.137
111814,89942.055
111815,133295.53
111816,52772.324
111817,43734.246
111818,84694.35
111819,49265.918
111820,118247.86
111821,58913.02
111822,107030.56
111823,124691.33
111824,129803.25
111825,179819.83
111826,138322.28
111827,52768.88
111828,111571.75
111829,45817.902
111830,108743.97
111831,120098.266
111832,135432.81
111833,43031.957
111834,65472.375
111835,103489.9
111836,89369.766
111837,111824.28
111838,54861.445
111839,164264.73
111840,92397.64
111841,126082.32
111842,132502.95
111843,85606.78
111844,50777.406
111845,55055.53
111846,46194.25
111847,112693.016
111848,50431.965
111849,41954.047
111850,155055.69
111851,49093.82
111852,38139.824
111853,107272.3
111854,105547.75
111855,150639.9
111856,110644.47
111857,46275.234
111858,151614.08
111859,116236.07
111860,46070.38
111861,53680.83
111862,124547.49
111863,56224.03
111864,137398.84
111865,105182.93
111866,91790.4
111867,102317.28
111868,109191.99
111869,118052.164
111870,130901.42
111871,150948.31
111872,53022.78
111873,48133.008
111874,49905.336
111875,85919.25
111876,104563.91
111877,57214.742
111878,169152.6
111879,81065.36
111880,97270.26
111881,51935.242
111882,107586.555
111883,94869.45
111884,55702.973
111885,119952.31
111886,45874.12
111887,53211.438
111888,117769.26
111889,119258.336
111890,93499.86
111891,52901.72
111892,60241.496
111893,131128.36
111894,104560.92
111895,92707.58
111896,53977.812
111897,52543.758
111898,145383.78
111899,59209.957
111900,52693.45
111901,187640.75
111902,52314.324
111903,122702.625
111904,102099.83
111905,101127.57
111906,140458.78
111907,138301.17
111908,111498.68
111909,93146.01
111910,95120.414
111911,46019.17
111912,94149.03
111913,108436.984
111914,48399.223
111915,140404.25
111916,94197.21
111917,113198.695
111918,176876.75
111919,89369.766
111920,113502.6
111921,49446.09
111922,133845.42
111923,37246.77
111924,127832.98
111925,134491.92
111926,135030.39
111927,108609.44
111928,134987.53
111929,111756.1
111930,46349.44
111931,85395.36
111932,78624.336
111933,87495.766
111934,101568.234
111935,98881.2
111936,52944.938
111937,42553.484
111938,47536.48
111939,52355.383
111940,96842.79
111941,45103.336
111942,144807.16
111943,57175.86
111944,116722.21
111945,141837.47
111946,92192.96
111947,47330.293
111948,110521.664
111949,133026.97
111950,122403.31
111951,58694.793
111952,45936.188
111953,119118.26
111954,140165.6
111955,145822.72
111956,130006.445
111957,159599.66
111958,98288.8
111959,54717.645
111960,122692.6
111961,156502.84
111962,122301.82
111963,127829.28
111964,43710.125
111965,139995.36
111966,128195.65
111967,111993.59
111968,91779.555
111969,46671.375
111970,154534.03
111971,121151.18
111972,115886.586
111973,178499.52
111974,98770.836
111975,47725.754
111976,48376.22
111977,49202.316
111978,49453.94
111979,88596.58
111980,117617.8
111981,102552.375
111982,61112.43
111983,130307.875
111984,47564.562
111985,128531.18
111986,122581.586
111987,101202.414
111988,102745.65
111989,122397.664
111990,106819.19
111991,57697.31
111992,152476.52
111993,51561.76
111994,103098.66
111995,113889.22
111996,45247.14
111997,130262.63
111998,91615.74
111999,140855.42
112000,156299.33
112001,95672.664
112002,44543.29
112003,131402.28
112004,47981.453
112005,51208.992
112006,46511.336
112007,117749.06
112008,99310.04
112009,48504.848
112010,92003.266
112011,128064.164
112012,50788.547
112013,192625.86
112014,202032.39
112015,140546.88
112016,43906.3
112017,103298.984
112018,49384.094
112019,135153.5
112020,139148.55
112021,51164.72
112022,126117.82
112023,148164.3
112024,90758.375
112025,144297.78
112026,100629.516
112027,119314.78
112028,58948.79
112029,119015.61
112030,47464.87
112031,46078.6
112032,167195.69
112033,131355.03
112034,134136.22
112035,154969.48
112036,144241.86
112037,110863.08
112038,136623.08
112039,101568.234
112040,50913.023
112041,52621.52
112042,111335.29
112043,115122.13
112044,165410.75
112045,50443.758
112046,131046.4
112047,139935.62
112048,46164.836
112049,54891.688
112050,45456.168
112051,122376.7
112052,146189.02
112053,99710.484
112054,44709.168
112055,45772.74
112056,48300.63
112057,55785.37
112058,126680.57
112059,117273.0
112060,142195.02
112061,113344.85
112062,54209.695
112063,115289.28
112064,50071.168
112065,142720.48
112066,99870.12
112067,106211.43
112068,150188.48
112069,50367.61
112070,46480.273
112071,166548.45
112072,108311.37
112073,124031.98
112074,139562.67
112075,46454.742
112076,116368.46
112077,44722.145
112078,47840.89
112079,47836.062
112080,151495.52
112081,51884.3
112082,45931.38
112083,109294.34
112084,47399.848
112085,131759.39
112086,130651.55
112087,153599.36
112088,50085.484
112089,124173.016
112090,129548.88
112091,56546.344
112092,99213.24
112093,151466.42
112094,135623.22
112095,51239.305
112096,46012.766
112097,115260.84
112098,51703.676
112099,84249.62
112100,37190.875
112101,50456.113
112102,161070.08
112103,128129.47
112104,55306.594
112105,51740.777
112106,84411.84
112107,49348.676
112108,43567.812
112109,49854.438
112110,149305.64
112111,129567.84
112112,167590.92
112113,120234.555
112114,123940.01
112115,157052.61
112116,112602.984
112117,128014.91
112118,50559.234
112119,51231.99
112120,55279.78
112121,95458.7
112122,107530.805
112123,147844.02
112124,156515.61
112125,101208.62
112126,50757.31
112127,89723.13
112128,149708.58
112129,144287.5
112130,55194.75
112131,108159.46
112132,113271.96
112133,149254.1
112134,127123.34
112135,55682.434
112136,98787.5
112137,94022.88
112138,129673.47
112139,103293.48
112140,107924.51
112141,51175.62
112142,144318.36
112143,144220.6
112144,104518.11
112145,47345.48
112146,48736.977
112147,46105.594
112148,129978.76
112149,130943.65
112150,58456.562
112151,121733.16
112152,116465.45
112153,92130.87
112154,121647.586
112155,116296.79
112156,98742.35
112157,127550.734
112158,32411.559
112159,71019.76
112160,115689.89
112161,44403.047
112162,128153.9
112163,126211.43
112164,37551.875
112165,58039.773
112166,55210.832
112167,129953.31
112168,128077.1
112169,114596.42
112170,167265.44
112171,89880.17
112172,131457.86
112173,122676.97
112174,129550.82
112175,123336.664
112176,145463.86
112177,107828.23
112178,51654.38
112179,45394.42
112180,119971.82
112181,156094.42
112182,125028.26
112183,58215.156
112184,140991.62
112185,48135.24
112186,123648.414
112187,84280.96
112188,48157.938
112189,125871.125
112190,115205.57
112191,128927.84
112192,106238.71
112193,101539.92
112194,44222.977
112195,130056.37
112196,138711.88
112197,56349.9
112198,135832.81
112199,157092.36
112200,97264.984
112201,116889.59
112202,130631.7
112203,136389.05
112204,149637.81
112205,138273.7
112206,137528.77
112207,49881.043
112208,147026.78
112209,80589.79
112210,125443.016
112211,88282.24
112212,119274.39
112213,101291.77
112214,76114.64
112215,120152.36
112216,128782.29
112217,54517.496
112218,45327.297
112219,44044.527
112220,112139.086
112221,69934.82
112222,158478.17
112223,114524.945
112224,120811.35
112225,53932.62
112226,51310.79
112227,165904.02
112228,161343.95
112229,126323.09
112230,47630.46
112231,123147.02
112232,59866.69
112233,130740.3
112234,114733.54
112235,77883.57
112236,105961.664
112237,139541.47
112238,141016.33
112239,108408.305
112240,115970.586
112241,94783.42
112242,144681.14
112243,118975.81
112244,35052.746
112245,152601.78
112246,48937.5
112247,107721.27
112248,118610.53
112249,137085.56
112250,141898.0
112251,45951.53
112252,56436.82
112253,52085.316
112254,50693.9
112255,133498.62
112256,50691.55
112257,51853.715
112258,48828.047
112259,107950.25
112260,130893.37
112261,102994.55
112262,129142.125
112263,128069.69
112264,48813.477
112265,47466.4
112266,95654.17
112267,121433.15
112268,115907.01
112269,52626.83
112270,89802.89
112271,106150.766
112272,126694.45
112273,122418.5
112274,104722.73
112275,47760.55
112276,95005.67
112277,98905.58
112278,135630.67
112279,52916.348
112280,108770.62
112281,140872.17
112282,55943.95
112283,108693.336
112284,135206.75
112285,43619.203
112286,49236.953
112287,125991.05
112288,100641.3
112289,138847.92
112290,125836.88
112291,137383.05
112292,168404.0
112293,116663.25
112294,131877.42
112295,54709.793
112296,103884.5
112297,129042.42
112298,91960.586
112299,53603.11
112300,48623.87
112301,126798.4
112302,97378.35
112303,100845.46
112304,107835.98
112305,42826.895
112306,136585.2
112307,50683.566
112308,125279.016
112309,116925.22
112310,108218.97
112311,51630.453
112312,139784.36
112313,44687.87
112314,111269.34
112315,97978.734
112316,43929.844
112317,129861.51
112318,46388.383
112319,119959.4
112320,135725.66
112321,43180.133
112322,48978.684
112323,47683.14
112324,150571.14
112325,111416.1
112326,134136.25
112327,117085.93
112328,47236.957
112329,93844.54
112330,49070.566
112331,105682.336
112332,87372.34
112333,144012.36
112334,98699.16
112335,53125.33
112336,126564.87
112337,99211.61
112338,94781.47
112339,142749.88
112340,124245.086
112341,120881.03
112342,46312.1
112343,98221.46
112344,118664.664
112345,145549.9
112346,52793.055
112347,53283.957
112348,115453.06
112349,42482.656
112350,49198.633
112351,103358.01
112352,144580.45
112353,103155.484
112354,110306.875
112355,156941.19
112356,110729.07
112357,136720.03
112358,125885.805
112359,86771.78
112360,117621.23
112361,44907.23
112362,70096.31
112363,129787.16
112364,53203.51
112365,49051.59
112366,96820.61
112367,50937.473
112368,45003.734
112369,43881.332
112370,142746.05
112371,80379.85
112372,146955.66
112373,101206.73
112374,45384.332
112375,139213.45
112376,121750.76
112377,82403.37
112378,103455.18
112379,126814.6
112380,124532.125
112381,124270.86
112382,47939.492
112383,44907.48
112384,54804.195
112385,43332.18
112386,121417.88
112387,105101.67
112388,125572.72
112389,45437.438
112390,96293.836
112391,116215.8
112392,111407.14
112393,95619.99
112394,48262.324
112395,97032.766
112396,48410.848
112397,92586.51
112398,143821.44
112399,59580.156
112400,101504.59
112401,51602.715
112402,44335.48
112403,51014.793
112404,61571.934
112405,55129.664
112406,49808.918
112407,52100.94
112408,49145.133
112409,59477.78
112410,95255.836
112411,123468.016
112412,90437.07
112413,64184.8
112414,45563.848
112415,53427.008
112416,140085.14
112417,87898.04
112418,127700.01
112419,93116.13
112420,104711.99
112421,107536.1
112422,125227.305
112423,124735.94
112424,151720.11
112425,101929.83
112426,129437.875
112427,45874.12
112428,43582.93
112429,138483.84
112430,93138.32
112431,46103.176
112432,47744.297
112433,150990.33
112434,129466.09
112435,49635.676
112436,91622.25
112437,130379.24
112438,161950.44
112439,132607.62
112440,65336.973
112441,134895.56
112442,121793.35
112443,127758.47
112444,113913.93
112445,91622.25
112446,104435.695
112447,49840.21
112448,135380.0
112449,101643.04
112450,65631.36
112451,49598.125
112452,51989.176
112453,41925.445
112454,150968.02
112455,123148.086
112456,50359.754
112457,151222.12
112458,119445.45
112459,53471.36
112460,146536.23
112461,99164.77
112462,134057.78
112463,53617.69
112464,139733.92
112465,46160.52
112466,134379.9
112467,113230.195
112468,114172.72
112469,58168.85
112470,139574.27
112471,62966.87
112472,100011.17
112473,89506.625
112474,48418.125
112475,93361.91
112476,96653.09
112477,118874.76
112478,59423.92
112479,47211.84
112480,128972.35
112481,136177.67
112482,39095.727
112483,112813.88
112484,142740.92
112485,102717.62
112486,135984.78
112487,134157.11
112488,116972.05
112489,88918.24
112490,115958.87
112491,132430.16
112492,116051.45
112493,135376.8
112494,128869.61
112495,110901.805
112496,49978.277
112497,96322.96
112498,47947.3
112499,49459.094
112500,102992.055
112501,59514.527
112502,106592.75
112503,108074.27
112504,50964.5
112505,103138.82
112506,107857.484
112507,57187.75
112508,52380.234
112509,92790.75
112510,123218.26
112511,97753.18
112512,94163.516
112513,47757.39
112514,139063.9
112515,149854.08
112516,110858.24
112517,45856.81
112518,106081.64
112519,39735.83
112520,126376.445
112521,114697.12
112522,158343.17
112523,88771.65
112524,46103.293
112525,102009.61
112526,48895.973
112527,98881.2
112528,43749.582
112529,176787.08
112530,154072.81
112531,47698.867
112532,86911.27
112533,117405.96
112534,125260.6
112535,113165.25
112536,115301.74
112537,111922.88
112538,122719.305
112539,188489.92
112540,56237.98
112541,106508.38
112542,130357.81
112543,86317.95
112544,98221.46
112545,121464.58
112546,132132.14
112547,96693.63
112548,121432.73
112549,102184.836
112550,117858.53
112551,53901.848
112552,111642.38
112553,131588.47
112554,144990.78
112555,131059.67
112556,103604.88
112557,127252.84
112558,57807.688
112559,105683.98
112560,141882.97
112561,135024.75
112562,53103.69
112563,160591.3
112564,37680.117
112565,54961.125
112566,137216.92
112567,129950.9
112568,50786.16
112569,129603.12
112570,122555.2
112571,86884.08
112572,57339.934
112573,49896.246
112574,122904.57
112575,47358.44
112576,88129.85
112577,121993.21
112578,126972.38
112579,83623.805
112580,106180.19
112581,57084.594
112582,62294.867
112583,106718.484
112584,91003.375
112585,121061.73
112586,86563.2
112587,53199.168
112588,134592.53
112589,47821.055
112590,45398.375
112591,49692.477
112592,118802.79
112593,54290.49
112594,160040.39
112595,55877.84
112596,94699.5
112597,53690.38
112598,122440.74
112599,124951.484
112600,46186.438
112601,86410.03
112602,47712.254
112603,134110.94
112604,48862.965
112605,105026.23
112606,51732.97
112607,89550.086
112608,154065.84
112609,139851.95
112610,61612.777
112611,46385.45
112612,48911.47
112613,157140.14
112614,124273.35
112615,110989.99
112616,109473.64
112617,163310.17
112618,49786.12
112619,49101.53
112620,141850.62
112621,131345.55
112622,46180.7
112623,134573.7
112624,61630.36
112625,103253.016
112626,159308.28
112627,83208.27
112628,48379.465
112629,100711.4
112630,48698.54
112631,48775.24
112632,124043.62
112633,131178.36
112634,47774.47
112635,103729.18
112636,134198.2
112637,140055.83
112638,112062.76
112639,131095.42
112640,130426.445
112641,53176.156
112642,171633.75
112643,116028.88
112644,53869.707
112645,135224.98
112646,108524.4
112647,168979.03
112648,44220.78
112649,127911.445
112650,52403.047
112651,50259.26
112652,132733.84
112653,115174.48
112654,137147.69
112655,129164.9
112656,119554.375
112657,53249.645
112658,115240.86
112659,124005.92
112660,53678.332
112661,47194.445
112662,45698.848
112663,55328.387
112664,138287.83
112665,104997.6
112666,144709.72
112667,102008.93
112668,106602.41
112669,49430.652
112670,124086.36
112671,89995.08
112672,46762.26
112673,122042.26
112674,142538.39
112675,74922.14
112676,152715.89
112677,46105.426
112678,96850.984
112679,52399.438
112680,43370.97
112681,98597.68
112682,104544.42
112683,134183.83
112684,46425.23
112685,51393.793
112686,129859.59
112687,129542.56
112688,43853.82
112689,124346.875
112690,49843.273
112691,44608.836
112692,55546.47
112693,97797.94
112694,101976.42
112695,57034.047
112696,90579.66
112697,100962.484
112698,129308.74
112699,50734.88
112700,106850.12
112701,119783.14
112702,91598.3
112703,46186.438
112704,121984.99
112705,52338.88
112706,159300.83
112707,109877.02
112708,104482.88
112709,96460.305
112710,117881.14
112711,98644.89
112712,59622.152
112713,47535.402
112714,59404.344
112715,129080.88
112716,137921.44
112717,106718.484
112718,58831.406
112719,46104.56
112720,74181.38
112721,46489.23
112722,49163.105
112723,120868.57
112724,87554.555
112725,135679.62
112726,134743.45
112727,176958.7
112728,143589.58
112729,63589.043
112730,53335.383
112731,48979.79
112732,53643.016
112733,53292.94
112734,46055.168
112735,122389.04
112736,134094.66
112737,44621.664
112738,99893.13
112739,48559.28
112740,58185.887
112741,107439.3
112742,118112.69
112743,84411.84
112744,46124.094
112745,119194.93
112746,129671.53
112747,112401.39
112748,160958.89
112749,74462.266
112750,107565.56
112751,125857.17
112752,92328.72
112753,138310.83
112754,104949.5
112755,155849.17
112756,48830.074
112757,118253.46
112758,152844.4
112759,127567.7
112760,188971.6
112761,142146.72
112762,119782.67
112763,50327.836
112764,50963.02
112765,126865.94
112766,114043.69
112767,47286.293
112768,49706.758
112769,135599.28
112770,49140.715
112771,112431.016
112772,146272.86
112773,112739.13
112774,142317.4
112775,119590.72
112776,48257.727
112777,117339.77
112778,144494.39
112779,123170.77
112780,46807.906
112781,98699.61
112782,118742.33
112783,44353.395
112784,143693.48
112785,86028.44
112786,133505.42
112787,121420.07
112788,122416.01
112789,133631.66
112790,125434.15
112791,109995.51
112792,105788.39
112793,140737.06
112794,172368.17
112795,46988.637
112796,122500.45
112797,109543.99
112798,54277.312
112799,42573.902
112800,95458.7
112801,137404.45
112802,109273.11
112803,51381.77
112804,49996.23
112805,57175.363
112806,143120.5
112807,48407.46
112808,137321.75
112809,47368.24
112810,175565.58
112811,134878.67
112812,123141.24
112813,120466.305
112814,91905.24
112815,133633.83
112816,53765.098
112817,119558.836
112818,142313.22
112819,49257.695
112820,45292.566
112821,46103.293
112822,168258.78
112823,54993.766
112824,85045.48
112825,154169.61
112826,107187.375
112827,48434.703
112828,57450.64
112829,52748.1
112830,120334.414
112831,126350.26
112832,105305.41
112833,139083.42
112834,49321.04
112835,119455.74
112836,121452.414
112837,157805.81
112838,148581.39
112839,150567.42
112840,105323.41
112841,52937.23
112842,124482.58
112843,129194.63
112844,54558.594
112845,106085.81
112846,56832.375
112847,106476.49
112848,76520.336
112849,48245.625
112850,100246.79
112851,149371.28
112852,143399.39
112853,99939.9
112854,109316.46
112855,49708.344
112856,142608.83
112857,123121.805
112858,85545.164
112859,90497.32
112860,51710.34
112861,50560.508
112862,141105.05
112863,104631.75
112864,114139.71
112865,65834.39
112866,128705.414
112867,115699.24
112868,106303.49
112869,119913.375
112870,126683.26
112871,52160.246
112872,118185.26
112873,51334.074
112874,110400.85
112875,57030.92
112876,116271.48
112877,141278.86
112878,117474.25
112879,154648.22
112880,47444.42
112881,53948.75
112882,119401.4
112883,154098.67
112884,109883.58
112885,123581.07
112886,125122.8
112887,87041.695
112888,47774.137
112889,47635.977
112890,122324.836
112891,127478.664
112892,128899.414
112893,47232.945
112894,48482.09
112895,153867.78
112896,48463.45
112897,134002.27
112898,139629.25
112899,121656.88
112900,118374.96
112901,99211.61
112902,134194.6
112903,104523.164
112904,102443.72
112905,123702.19
112906,121002.88
112907,126364.82
112908,50947.47
112909,121258.54
112910,130662.25
112911,105106.73
112912,120983.664
112913,50560.18
112914,121766.26
112915,152387.11
112916,115784.25
112917,51822.656
112918,50489.273
112919,111903.984
112920,49697.402
112921,118456.37
112922,114619.64
112923,101315.836
112924,51303.19
112925,53262.96
112926,114933.516
112927,60884.78
112928,131187.34
112929,110340.62
112930,111500.234
112931,45317.85
112932,109096.82
112933,107785.26
112934,86045.47
112935,130384.945
112936,47883.156
112937,116657.44
112938,47344.06
112939,154247.38
112940,87111.96
112941,95928.805
112942,58435.684
112943,167082.12
112944,127145.09
112945,53376.39
112946,141071.12
112947,84717.54
112948,102924.01
112949,107254.14
112950,55400.46
112951,100852.73
112952,129779.08
112953,48245.043
112954,107551.06
112955,53799.367
112956,146735.39
112957,114017.52
112958,147720.81
112959,118466.26
112960,102899.055
112961,138573.11
112962,55770.117
112963,107401.516
112964,114757.695
112965,49955.832
112966,106727.27
112967,47612.29
112968,51063.453
112969,143434.95
112970,46433.086
112971,116496.27
112972,113909.016
112973,132235.7
112974,132298.2
112975,143144.14
112976,114743.34
112977,62917.664
112978,95604.32
112979,51365.848
112980,113229.8
112981,103950.41
112982,52922.293
112983,151563.34
112984,141758.19
112985,123397.67
112986,107732.734
112987,80586.7
112988,92893.6
112989,96505.79
112990,53929.02
112991,107479.734
112992,144176.06
112993,122032.21
112994,120304.33
112995,114231.06
112996,91790.4
112997,129998.016
112998,125800.02
112999,114761.95
113000,114488.88
113001,141521.5
113002,99952.54
113003,54983.188
113004,48792.5
113005,93346.49
113006,167716.27
113007,90528.98
113008,123066.086
113009,130096.44
113010,53853.797
113011,46818.215
113012,105679.47
113013,53793.426
113014,111330.05
113015,123460.32
113016,52059.797
113017,132232.66
113018,158638.08
113019,109753.24
113020,129047.734
113021,117472.13
113022,49980.645
113023,85776.9
113024,133384.42
113025,42663.73
113026,96505.79
113027,119050.99
113028,163143.86
113029,89408.68
113030,48135.24
113031,118348.18
113032,46073.887
113033,52561.45
113034,117907.914
113035,105709.36
113036,110734.39
113037,139651.1
113038,51286.555
113039,137528.62
113040,135136.86
113041,129900.78
113042,47631.426
113043,130281.14
113044,53097.39
113045,115778.04
113046,57621.188
113047,48567.67
113048,33800.883
113049,102236.08
113050,47170.395
113051,165038.62
113052,118581.6
113053,40364.52
113054,132737.75
113055,85710.445
113056,47322.113
113057,51858.023
113058,53840.812
113059,134868.6
113060,120036.23
113061,111963.016
113062,141898.0
113063,135070.81
113064,46664.355
113065,133465.4
113066,46288.89
113067,110665.61
113068,46632.38
113069,44542.582
113070,67242.92
113071,145258.3
113072,111997.9
113073,92383.46
113074,112380.555
113075,87831.67
113076,48192.59
113077,60509.094
113078,54222.69
113079,51965.25
113080,48639.754
113081,54464.4
113082,45693.562
113083,135704.47
113084,160114.58
113085,50390.78
113086,128535.1
113087,95839.68
113088,103106.625
113089,54935.254
113090,93855.87
113091,94854.305
113092,52711.004
113093,118530.69
113094,50340.098
113095,98268.164
113096,46568.246
113097,77706.11
113098,99211.61
113099,41544.445
113100,55278.426
113101,119283.14
113102,38972.363
113103,133613.22
113104,130250.54
113105,123114.69
113106,50886.836
113107,127536.05
113108,51474.137
113109,49558.402
113110,164436.25
113111,124936.516
113112,129301.805
113113,54156.473
113114,47942.668
113115,56334.402
113116,48820.926
113117,129826.34
113118,48781.266
113119,134447.3
113120,56684.49
113121,119236.164
113122,109850.086
113123,140422.08
113124,47516.875
113125,110307.99
113126,55177.617
113127,69938.125
113128,104074.33
113129,135291.14
113130,129243.47
113131,153121.3
113132,142849.45
113133,98639.89
113134,54618.023
113135,53117.457
113136,115156.31
113137,183071.03
113138,47651.184
113139,134092.42
113140,49966.78
113141,46874.383
113142,134563.25
113143,99256.48
113144,53525.953
113145,160931.16
113146,124684.9
113147,124377.18
113148,107917.86
113149,79880.03
113150,122460.31
113151,111326.734
113152,127059.67
113153,59516.918
113154,116629.85
113155,113612.55
113156,125139.086
113157,50820.316
113158,103031.59
113159,51004.89
113160,213708.86
113161,88282.24
113162,111263.45
113163,123475.85
113164,48157.18
113165,43941.85
113166,56064.31
113167,48983.535
113168,120759.74
113169,50213.766
113170,131559.22
113171,115213.016
113172,118947.62
113173,125319.414
113174,115577.24
113175,46638.676
113176,130382.82
113177,144728.14
113178,128804.57
113179,131450.81
113180,105654.2
113181,123542.42
113182,150183.97
113183,151822.23
113184,128687.586
113185,145666.58
113186,97612.766
113187,55177.945
113188,47893.223
113189,169276.12
113190,53671.984
113191,46299.246
113192,103928.26
113193,107699.82
113194,82974.08
113195,39617.45
113196,58753.53
113197,112415.89
113198,46119.42
113199,56646.27
113200,55251.4
113201,116576.375
113202,54683.688
113203,103868.99
113204,48220.64
113205,106398.51
113206,108875.23
113207,107290.15
113208,49489.277
113209,126905.8
113210,108396.87
113211,133148.0
113212,117189.63
113213,119234.49
113214,45284.344
113215,125762.95
113216,56963.637
113217,163488.22
113218,55350.61
113219,106287.44
113220,104356.96
113221,112426.96
113222,100014.23
113223,112631.23
113224,58210.516
113225,45381.31
113226,140762.97
113227,101964.34
113228,46651.99
113229,117042.92
113230,46231.527
113231,99342.234
113232,58374.246
113233,44539.03
113234,105054.34
113235,90000.984
113236,111684.984
113237,151620.33
113238,103943.625
113239,99952.54
113240,88818.55
113241,106642.83
113242,115235.625
113243,95142.055
113244,59352.176
113245,53068.727
113246,115301.57
113247,51787.645
113248,50882.863
113249,113752.23
113250,124532.99
113251,116302.69
113252,98640.445
113253,98682.95
113254,103841.21
113255,128212.79
113256,98514.445
113257,122277.95
113258,123758.875
113259,165065.81
113260,124648.8
113261,113207.26
113262,161572.94
113263,148152.77
113264,106559.32
113265,47683.14
113266,106718.484
113267,46368.535
113268,98639.89
113269,131471.77
113270,116250.74
113271,50852.77
113272,141931.23
113273,127848.42
113274,130823.52
113275,166506.47
113276,98851.17
113277,94854.305
113278,142094.8
113279,55309.453
113280,47393.84
113281,84411.84
113282,53946.062
113283,102802.12
113284,49715.258
113285,110978.2
113286,108409.04
113287,105601.04
113288,126542.48
113289,48072.297
113290,59389.918
113291,53326.14
113292,99952.234
113293,134766.83
113294,87862.336
113295,108027.59
113296,66033.88
113297,129827.016
113298,122628.164
113299,90096.02
113300,48324.5
113301,66836.39
113302,131741.61
113303,143381.56
113304,118753.9
113305,48801.344
113306,114433.13
113307,50709.59
113308,45769.926
113309,153888.72
113310,124056.836
113311,57048.426
113312,124297.09
113313,144161.03
113314,103098.66
113315,144010.9
113316,114917.945
113317,154498.1
113318,102923.984
113319,133076.98
113320,92476.32
113321,108870.75
113322,46901.945
113323,59206.324
113324,174298.6
113325,107586.695
113326,133305.02
113327,152564.53
113328,112945.29
113329,118263.47
113330,109884.805
113331,106434.3
113332,107201.96
113333,122908.45
113334,139078.36
113335,94137.85
113336,47532.594
113337,95005.67
113338,93738.14
113339,128245.37
113340,126255.59
113341,64294.79
113342,137879.22
113343,92822.6
113344,128979.336
113345,50423.617
113346,55383.047
113347,130848.14
113348,113408.305
113349,61360.695
113350,116724.29
113351,48744.15
113352,103325.13
113353,102120.125
113354,145605.89
113355,60319.6
113356,126643.39
113357,48773.594
113358,54460.355
113359,116592.91
113360,100947.77
113361,85892.086
113362,112390.14
113363,43130.96
113364,62494.586
113365,120783.71
113366,48095.953
113367,100085.57
113368,50263.387
113369,122332.62
113370,150700.81
113371,117854.4
113372,93756.92
113373,93353.54
113374,43682.438
113375,167572.45
113376,51264.637
113377,113748.27
113378,145629.81
113379,109642.03
113380,128231.79
113381,154018.2
113382,80290.44
113383,157690.08
113384,49766.496
113385,52392.805
113386,114733.7
113387,103979.16
113388,119515.94
113389,127235.24
113390,49173.445
113391,49662.004
113392,112402.766
113393,132664.95
113394,112581.11
113395,49321.95
113396,112683.28
113397,90750.7
113398,126071.33
113399,131078.72
113400,105795.51
113401,48975.22
113402,56677.027
113403,47206.19
113404,117684.67
113405,111569.33
113406,108363.15
113407,163165.6
113408,101847.96
113409,107335.73
113410,139712.7
113411,112983.48
113412,116043.04
113413,45565.863
113414,92833.6
113415,77962.84
113416,97731.586
113417,127025.08
113418,109263.445
113419,134451.78
113420,123671.414
113421,50392.28
113422,134309.22
113423,105325.33
113424,48300.63
113425,119135.76
113426,111237.484
113427,127516.125
113428,128317.29
113429,137385.73
113430,108272.36
113431,140380.7
113432,49108.504
113433,109529.29
113434,115358.92
113435,145858.66
113436,119553.97
113437,51236.918
113438,100704.93
113439,59042.086
113440,140525.72
113441,118711.32
113442,48073.918
113443,90744.664
113444,121304.51
113445,96715.23
113446,112037.74
113447,48799.37
113448,54970.125
113449,156618.02
113450,115131.36
113451,36529.84
113452,100700.64
113453,44264.3
113454,56581.0
113455,136743.88
113456,119941.81
113457,118074.29
113458,108439.914
113459,116450.305
113460,51115.477
113461,81528.66
113462,53052.086
113463,54139.445
113464,144565.84
113465,47984.67
113466,127748.35
113467,41925.445
113468,131453.84
113469,108439.914
113470,107312.625
113471,136160.14
113472,49131.516
113473,115386.625
113474,99708.695
113475,131780.62
113476,159078.67
113477,152113.55
113478,104615.67
113479,108732.42
113480,107124.45
113481,157110.06
113482,57618.742
113483,109426.58
113484,128102.91
113485,118346.59
113486,52124.656
113487,109605.35
113488,126120.914
113489,134192.98
113490,102664.88
113491,103013.51
113492,88745.266
113493,49733.742
113494,124079.13
113495,105735.93
113496,93199.47
113497,101700.766
113498,132085.55
113499,82476.48
113500,116816.92
113501,121930.04
113502,128275.195
113503,103544.96
113504,122097.21
113505,125544.05
113506,127419.87
113507,87095.266
113508,62507.594
113509,102278.97
113510,45341.016
113511,135311.42
113512,51651.18
113513,122897.96
113514,147095.23
113515,57625.11
113516,113434.8
113517,52892.39
113518,123217.56
113519,109938.766
113520,110389.086
113521,108763.94
113522,55833.75
113523,148348.52
113524,113494.1
113525,111152.6
113526,162874.7
113527,129800.81
113528,172230.81
113529,101949.625
113530,44190.035
113531,103325.55
113532,112278.055
113533,99889.31
113534,140213.19
113535,160211.16
113536,61148.66
113537,145789.86
113538,86319.234
113539,110480.15
113540,147047.39
113541,148894.27
113542,121462.56
113543,45930.297
113544,47393.84
113545,89369.91
113546,105546.17
113547,147000.34
113548,116307.17
113549,167104.55
113550,51844.293
113551,101466.57
113552,140047.31
113553,106564.71
113554,123216.79
113555,52449.016
113556,114214.26
113557,48752.07
113558,48155.04
113559,92408.79
113560,47398.71
113561,129864.414
113562,129110.96
113563,52901.543
113564,94589.336
113565,161930.39
113566,131512.89
113567,48774.035
113568,89393.04
113569,57112.47
113570,125884.05
113571,45354.45
113572,100515.8
113573,44467.332
113574,119944.484
113575,53242.113
113576,162090.05
113577,127452.03
113578,118769.47
113579,123832.54
113580,47635.336
113581,129430.266
113582,130463.766
113583,49153.133
113584,45396.926
113585,38452.973
113586,136759.1
113587,130951.69
113588,120715.766
113589,51459.992
113590,138989.27
113591,53462.434
113592,47211.84
113593,137256.86
113594,158021.69
113595,49638.777
113596,162991.17
113597,91468.93
113598,145185.89
113599,46306.465
113600,117918.15
113601,83453.1
113602,174407.33
113603,64267.31
113604,122911.4
113605,46610.938
113606,48884.266
113607,48919.164
113608,112997.516
113609,109406.2
113610,108272.36
113611,91990.09
113612,108883.58
113613,144646.42
113614,135293.06
113615,94567.39
113616,96088.87
113617,131791.73
113618,131296.92
113619,115776.71
113620,127209.56
113621,116021.836
113622,106709.914
113623,111199.01
113624,45875.266
113625,47810.43
113626,97840.586
113627,48403.36
113628,57579.496
113629,103425.57
113630,133635.42
113631,58182.88
113632,116565.79
113633,118568.44
113634,130699.73
113635,50870.17
113636,132139.4
113637,136689.22
113638,47189.395
113639,141930.89
113640,100688.44
113641,104977.44
113642,106185.82
113643,155479.6
113644,125270.836
113645,138590.23
113646,140245.39
113647,45774.586
113648,117977.51
113649,142019.86
113650,146273.72
113651,60434.613
113652,49440.664
113653,115511.31
113654,44565.465
113655,49306.645
113656,56596.836
113657,131125.16
113658,51811.58
113659,110322.83
113660,111636.45
113661,114636.35
113662,41894.87
113663,62119.008
113664,133651.3
113665,90624.766
113666,119660.66
113667,72116.99
113668,75898.93
113669,117712.15
113670,106483.31
113671,50681.473
113672,107718.91
113673,169248.2
113674,48897.18
113675,125220.445
113676,116158.98
113677,139991.3
113678,89601.2
113679,136068.81
113680,100693.02
113681,43567.812
113682,148966.64
113683,106055.17
113684,52932.86
113685,87063.9
113686,43894.75
113687,111815.36
113688,48444.355
113689,47374.56
113690,116633.97
113691,117516.06
113692,116892.98
113693,137708.47
113694,75356.53
113695,59371.95
113696,51449.062
113697,91658.85
113698,105489.766
113699,45204.547
113700,138596.47
113701,122416.32
113702,51787.363
113703,113674.375
113704,132944.38
113705,129084.05
113706,121656.27
113707,43024.684
113708,44462.45
113709,57606.215
113710,52147.016
113711,147023.2
113712,97771.414
113713,136957.92
113714,109797.6
113715,100553.375
113716,47939.492
113717,85710.445
113718,122638.65
113719,124267.99
113720,43999.586
113721,88816.26
113722,116281.48
113723,48579.516
113724,94674.98
113725,133505.92
113726,51655.375
113727,58608.57
113728,139521.66
113729,148215.42
113730,151079.8
113731,48967.914
113732,46715.164
113733,107757.22
113734,86282.09
113735,128260.46
113736,117256.68
113737,101478.43
113738,105412.73
113739,148175.61
113740,224752.83
113741,104635.96
113742,48145.02
113743,204411.4
113744,149135.81
113745,44489.465
113746,48743.867
113747,49501.758
113748,162568.6
113749,94676.44
113750,116383.875
113751,130704.68
113752,119494.15
113753,177299.8
113754,106714.67
113755,166981.64
113756,159638.89
113757,43640.824
113758,48130.02
113759,57089.2
113760,116767.59
113761,122370.766
113762,106751.12
113763,50526.56
113764,99635.164
113765,88771.65
113766,138294.4
113767,132127.83
113768,98083.5
113769,110471.63
113770,51176.297
113771,124478.4
113772,101932.25
113773,82649.24
113774,121931.73
113775,135432.12
113776,92675.76
113777,138180.92
113778,89394.09
113779,47934.69
113780,135498.62
113781,121402.56
113782,88748.28
113783,123414.82
113784,51055.34
113785,113602.79
113786,59198.92
113787,132345.78
113788,111927.29
113789,125696.016
113790,97756.69
113791,134469.64
113792,124002.914
113793,54247.902
113794,46397.242
113795,89558.664
113796,124036.0
113797,98745.24
113798,55388.574
113799,138434.66
113800,53970.004
113801,53916.383
113802,105771.914
113803,124161.46
113804,45245.613
113805,89376.695
113806,107610.15
113807,159440.78
113808,47316.68
113809,98098.164
113810,151072.06
113811,124369.3
113812,159953.81
113813,56616.55
113814,50617.734
113815,47860.02
113816,147514.97
113817,149251.28
113818,130134.21
113819,48851.59
113820,45899.098
113821,164198.9
113822,99051.61
113823,48795.496
113824,123830.16
113825,125136.07
113826,120056.98
113827,52029.35
113828,122157.875
113829,137836.1
113830,119533.85
113831,45681.08
113832,85456.13
113833,53851.51
113834,153522.52
113835,103436.86
113836,101107.234
113837,179553.5
113838,103989.195
113839,48535.41
113840,89804.07
113841,93353.28
113842,52655.023
113843,165827.64
113844,111063.3
113845,105246.42
113846,45112.723
113847,87136.59
113848,114320.016
113849,48873.09
113850,118586.01
113851,140724.42
113852,94589.336
113853,126560.836
113854,88192.65
113855,123763.31
113856,142653.17
113857,112734.03
113858,126222.71
113859,135705.5
113860,112000.34
113861,84113.55
113862,47984.67
113863,116349.53
113864,47712.254
113865,48870.016
113866,45874.12
113867,53227.742
113868,114816.79
113869,106800.91
113870,138208.64
113871,130652.07
113872,111991.836
113873,161165.03
113874,113202.555
113875,143562.61
113876,113731.58
113877,122929.68
113878,257549.62
113879,101148.07
113880,103247.51
113881,111844.28
113882,87943.484
113883,54669.926
113884,82903.73
113885,100529.375
113886,127821.51
113887,142367.84
113888,46866.96
113889,133131.23
113890,100619.85
113891,50847.44
113892,126693.69
113893,49788.57
113894,119132.33
113895,122781.03
113896,114370.71
113897,140570.33
113898,56446.65
113899,50047.35
113900,44030.562
113901,113644.37
113902,68065.69
113903,113314.93
113904,44541.516
113905,125671.93
113906,124209.22
113907,131487.1
113908,109273.73
113909,52134.8
113910,47344.06
113911,49561.39
113912,125002.84
113913,42458.707
113914,110934.52
113915,132550.42
113916,66095.734
113917,83623.805
113918,46918.57
113919,149400.58
113920,114588.17
113921,109501.21
113922,51485.67
113923,40643.867
113924,134315.73
113925,117548.39
113926,96447.97
113927,55154.71
113928,114171.67
113929,117711.945
113930,119659.125
113931,109872.74
113932,148742.1
113933,135780.5
113934,115352.71
113935,112343.65
113936,46607.883
113937,70995.6
113938,137236.2
113939,93767.61
113940,137850.06
113941,144980.2
113942,48242.785
113943,108617.086
113944,167011.52
113945,41925.21
113946,141350.69
113947,54831.508
113948,46439.316
113949,123832.11
113950,50827.336
113951,156414.72
113952,161831.52
113953,106706.9
113954,108749.82
113955,123000.01
113956,126792.83
113957,128866.27
113958,112259.875
113959,57704.234
113960,136526.1
113961,43318.43
113962,48814.004
113963,131940.95
113964,49294.27
113965,139772.0
113966,47934.71
113967,93542.66
113968,90108.8
113969,122121.25
113970,128492.34
113971,155376.66
113972,98135.93
113973,100312.414
113974,108436.39
113975,171384.28
113976,107335.73
113977,110953.6
113978,121463.414
113979,49562.293
113980,53899.246
113981,133411.84
113982,50603.348
113983,135559.66
113984,54002.586
113985,128604.01
113986,135194.11
113987,83557.95
113988,113922.84
113989,115207.87
113990,145824.19
113991,109634.38
113992,117576.37
113993,92438.2
113994,120776.836
113995,130243.28
113996,131358.34
113997,133598.67
113998,135439.88
113999,136528.77
114000,125994.375
114001,112893.516
114002,191513.12
114003,102555.555
114004,122551.3
114005,62980.22
114006,132747.45
114007,153531.47
114008,68706.48
114009,48627.582
114010,54880.324
114011,114989.95
114012,46180.7
114013,47251.473
114014,145509.64
114015,88737.91
114016,130498.3
114017,57068.336
114018,101352.195
114019,44832.11
114020,90000.984
114021,120995.02
114022,102400.68
114023,48379.402
114024,114962.46
114025,144205.16
114026,49468.473
114027,108526.305
114028,123562.0
114029,146639.12
114030,44290.832
114031,129826.03
114032,104853.21
114033,132731.23
114034,64011.484
114035,129040.61
114036,113304.68
114037,59077.26
114038,109018.27
114039,132944.38
114040,60524.496
114041,178449.8
114042,50213.793
114043,105282.33
114044,113027.54
114045,46615.47
114046,120381.414
114047,122892.86
114048,153273.5
114049,109028.11
114050,139918.0
114051,127394.586
114052,145493.75
114053,42053.95
114054,120280.836
114055,124916.555
114056,48379.465
114057,111774.766
114058,49661.54
114059,47075.863
114060,90822.35
114061,120320.54
114062,104837.36
114063,53591.44
114064,103499.62
114065,44648.67
114066,93470.81
114067,101463.85
114068,121271.945
114069,132724.83
114070,91547.516
114071,146982.72
114072,134478.17
114073,113732.836
114074,45671.98
114075,144206.2
114076,107595.74
114077,104760.81
114078,52831.125
114079,121354.1
114080,99686.22
114081,133604.67
114082,125805.72
114083,107868.03
114084,45200.492
114085,76716.48
114086,57943.484
114087,111475.484
114088,152783.25
114089,119882.13
114090,163528.1
114091,42510.023
114092,123307.91
114093,106055.984
114094,57862.625
114095,61706.438
114096,143342.06
114097,92701.086
114098,147005.75
114099,107924.51
114100,50155.76
114101,87794.75
114102,48424.17
114103,120652.59
114104,129604.87
114105,46249.438
114106,51554.773
114107,48584.54
114108,37834.88
114109,99406.9
114110,90873.57
114111,42882.53
114112,131260.39
114113,61708.676
114114,96508.25
114115,53358.34
114116,50199.48
114117,153791.69
114118,114381.055
114119,51051.184
114120,57245.715
114121,110256.125
114122,43995.277
114123,61856.69
114124,110051.484
114125,126484.18
114126,104357.45
114127,119912.21
114128,48588.023
114129,134598.42
114130,109473.516
114131,49083.566
114132,101063.1
114133,95336.97
114134,56807.383
114135,87930.05
114136,120766.75
114137,117112.7
114138,129513.3
114139,118336.71
114140,104405.9
114141,105031.92
114142,103715.6
114143,109916.77
114144,102745.65
114145,109186.47
114146,49321.04
114147,47764.312
114148,51634.78
114149,163161.44
114150,164871.62
114151,91940.46
114152,87831.67
114153,137627.98
114154,123172.22
114155,200644.14
114156,55199.844
114157,50928.184
114158,45215.28
114159,153538.88
114160,99406.9
114161,45381.31
114162,147094.1
114163,112384.48
114164,122125.09
114165,144433.36
114166,44582.996
114167,117019.8
114168,60859.773
114169,119151.375
114170,51231.113
114171,62067.63
114172,144793.12
114173,115936.58
114174,100659.17
114175,100838.734
114176,178708.42
114177,116299.34
114178,125722.125
114179,123255.516
114180,138212.95
114181,155774.44
114182,44509.004
114183,125534.375
114184,128844.375
114185,45271.867
114186,92330.33
114187,148568.08
114188,123785.28
114189,162628.28
114190,147614.55
114191,154830.34
114192,182026.52
114193,99355.31
114194,142151.66
114195,129833.14
114196,48124.57
114197,50857.75
114198,62781.7
114199,147256.77
114200,50804.56
114201,124396.68
114202,69164.83
114203,115019.83
114204,131240.6
114205,97032.766
114206,127679.78
114207,171547.72
114208,58046.44
114209,134632.31
114210,145689.58
114211,137521.22
114212,134735.72
114213,161607.1
114214,124140.62
114215,136553.78
114216,127705.66
114217,47076.11
114218,137939.73
114219,58514.664
114220,99124.34
114221,41047.66
114222,113444.32
114223,122904.77
114224,178884.94
114225,117670.85
114226,58154.8
114227,60960.426
114228,49853.625
114229,135365.72
114230,109490.38
114231,127673.74
114232,53148.99
114233,139189.28
114234,110681.46
114235,122335.76
114236,45643.176
114237,126047.4
114238,112942.66
114239,115368.23
114240,49051.59
114241,47833.914
114242,45743.883
114243,43759.51
114244,134693.66
114245,45927.04
114246,190122.11
114247,116706.1
114248,136258.08
114249,47323.98
114250,116186.43
114251,105309.99
114252,130571.164
114253,52644.71
114254,149616.89
114255,126390.77
114256,143471.06
114257,48529.863
114258,57462.395
114259,107950.25
114260,55065.2
114261,99464.78
114262,46118.543
114263,110866.88
114264,56903.42
114265,126351.445
114266,101138.43
114267,126525.664
114268,108914.78
114269,97099.56
114270,47698.69
114271,46075.992
114272,107266.75
114273,132023.98
114274,95940.836
114275,118087.25
114276,108037.7
114277,104666.58
114278,52919.02
114279,127139.05
114280,90930.15
114281,45639.03
114282,97587.19
114283,108732.42
114284,96758.43
114285,50720.445
114286,102731.06
114287,104007.414
114288,62416.348
114289,56061.297
114290,51079.0
114291,106942.164
114292,114544.8
114293,111660.41
114294,129488.04
114295,46807.906
114296,43147.996
114297,86110.586
114298,47211.84
114299,99948.836
114300,148910.77
114301,44038.297
114302,77706.11
114303,47253.55
114304,54269.344
114305,157383.58
114306,97472.95
114307,55288.32
114308,98750.45
114309,113340.32
114310,59677.75
114311,116734.37
114312,130290.8
114313,127696.96
114314,149257.89
114315,110303.55
114316,101148.55
114317,133101.7
114318,151080.19
114319,123538.57
114320,136357.16
114321,48817.125
114322,137922.17
114323,51661.926
114324,128618.79
114325,106068.88
114326,48021.664
114327,131158.34
114328,103282.39
114329,78902.95
114330,126901.08
114331,113255.75
114332,101489.05
114333,100102.61
114334,100986.07
114335,84168.414
114336,100043.24
114337,92391.66
114338,49880.63
114339,103871.86
114340,128604.516
114341,130645.26
114342,48677.418
114343,85131.22
114344,127249.4
114345,102155.19
114346,109156.87
114347,47698.86
114348,121115.62
114349,122623.18
114350,92022.63
114351,46966.633
114352,107533.695
114353,126836.02
114354,120609.97
114355,121312.1
114356,120050.04
114357,88818.55
114358,115752.305
114359,162174.81
114360,100658.14
114361,101444.35
114362,134459.1
114363,143248.94
114364,94161.87
114365,145414.03
114366,140238.77
114367,48504.848
114368,102992.055
114369,114228.01
114370,52894.348
114371,80290.44
114372,112549.41
114373,148010.7
114374,181358.48
114375,124907.17
114376,48983.938
114377,96883.35
114378,132922.31
114379,81509.164
114380,169119.34
114381,117234.14
114382,108714.29
114383,116104.57
114384,136706.89
114385,142956.06
114386,51022.535
114387,145887.34
114388,82903.73
114389,54799.348
114390,88618.94
114391,53221.17
114392,152410.17
114393,133343.7
114394,38001.773
114395,54705.266
114396,84260.28
114397,44267.88
114398,56160.477
114399,115487.56
114400,174957.05
114401,97753.18
114402,47070.54
114403,99686.22
114404,95243.07
114405,45762.285
114406,104347.5
114407,134297.33
114408,113591.54
114409,48513.336
114410,50191.93
114411,50485.152
114412,126995.92
114413,151194.77
114414,54847.14
114415,169247.33
114416,49504.477
114417,46618.57
114418,166241.2
114419,42981.19
114420,150296.5
114421,58645.934
114422,60141.39
114423,44848.676
114424,89391.68
114425,107425.92
114426,115833.375
114427,116979.73
114428,89487.39
114429,118906.734
114430,128896.28
114431,137170.05
114432,139942.77
114433,100994.14
114434,53624.9
114435,53488.88
114436,138446.2
114437,105648.13
114438,51800.43
114439,142830.89
114440,143460.77
114441,129326.79
114442,44832.11
114443,48676.24
114444,96772.85
114445,115980.73
114446,122141.9
114447,128358.78
114448,48973.586
114449,148721.12
114450,118573.45
114451,48953.01
114452,112865.93
114453,138985.61
114454,61741.156
114455,82830.39
114456,114542.68
114457,87958.67
114458,51916.77
114459,148010.83
114460,49796.457
114461,41807.52
114462,121908.78
114463,126790.836
114464,111319.016
114465,114421.92
114466,48426.945
114467,136527.97
114468,152863.86
114469,76770.75
114470,169137.78
114471,108047.92
114472,45254.242
114473,152932.06
114474,90261.945
114475,53555.305
114476,131718.19
114477,45909.55
114478,46104.164
114479,51478.426
114480,102623.04
114481,53652.41
114482,111422.375
114483,48439.21
114484,129947.0
114485,107996.38
114486,134556.86
114487,107630.29
114488,139081.33
114489,50733.297
114490,63115.63
114491,44455.355
114492,45460.67
114493,49504.477
114494,105504.62
114495,144066.1
114496,131071.1
114497,106067.23
114498,48627.88
114499,90206.29
114500,126677.02
114501,128910.5
114502,126717.5
114503,50048.0
114504,95890.266
114505,155320.98
114506,131200.17
114507,137849.88
114508,122115.53
114509,133170.98
114510,136339.55
114511,54121.918
114512,124873.62
114513,161039.31
114514,50262.215
114515,48504.848
114516,79184.06
114517,55865.06
114518,46211.94
114519,143793.72
114520,85912.35
114521,51772.887
114522,46348.066
114523,51242.2
114524,58492.68
114525,108978.555
114526,92095.22
114527,88630.46
114528,84627.73
114529,50603.215
114530,53668.598
114531,145516.36
114532,119046.516
114533,91310.81
114534,50212.87
114535,151926.98
114536,60927.777
114537,106157.805
114538,53793.562
114539,115406.664
114540,121136.836
114541,96559.27
114542,121817.88
114543,77243.67
114544,107836.67
114545,159776.03
114546,50143.59
114547,63129.53
114548,55877.668
114549,141322.33
114550,89340.1
114551,158485.84
114552,41629.05
114553,60161.254
114554,43230.96
114555,111033.05
114556,60589.664
114557,104060.484
114558,45333.227
114559,96416.0
114560,146586.36
114561,47159.168
114562,49260.973
114563,83538.05
114564,141617.19
114565,84535.66
114566,117965.53
114567,132282.72
114568,134423.62
114569,137824.97
114570,50609.113
114571,120690.71
114572,151955.6
114573,122232.195
114574,56919.16
114575,51981.91
114576,56685.066
114577,86351.734
114578,110203.83
114579,116626.445
114580,53547.402
114581,151139.45
114582,123391.87
114583,104562.7
114584,130110.086
114585,45838.105
114586,84367.06
114587,130888.99
114588,94482.586
114589,157239.73
114590,97144.17
114591,51261.69
114592,94373.3
114593,105508.52
114594,95529.61
114595,54006.94
114596,132304.58
114597,126251.21
114598,123157.68
114599,110071.56
114600,51836.66
114601,49456.555
114602,126097.29
114603,78627.92
114604,119630.44
114605,132436.94
114606,108483.586
114607,93299.46
114608,50883.188
114609,88048.23
114610,103725.195
114611,145905.84
114612,48824.72
114613,51247.81
114614,42352.176
114615,135105.0
114616,53641.63
114617,64860.137
114618,148755.1
114619,66196.73
114620,140262.97
114621,47441.34
114622,56448.3
114623,98144.23
114624,120190.96
114625,140770.58
114626,130795.77
114627,113329.695
114628,99804.74
114629,105746.04
114630,98883.66
114631,107201.96
114632,78035.49
114633,123982.58
114634,101240.32
114635,120289.625
114636,94089.51
114637,117063.13
114638,95893.414
114639,47435.637
114640,49957.805
114641,98015.14
114642,126003.08
114643,102079.78
114644,122576.91
114645,80931.18
114646,121594.96
114647,160902.5
114648,45340.094
114649,95890.266
114650,147998.92
114651,44093.746
114652,107372.14
114653,41705.04
114654,144104.62
114655,49605.293
114656,110391.58
114657,99686.22
114658,159959.78
114659,121682.09
114660,54606.414
114661,127538.78
114662,117330.195
114663,44915.3
114664,49985.62
114665,110167.25
114666,44054.543
114667,150069.77
114668,122740.65
114669,88686.195
114670,132182.0
114671,120868.57
114672,106039.086
114673,92676.16
114674,138075.0
114675,49990.766
114676,128468.14
114677,43026.633
114678,61150.953
114679,105128.78
114680,90744.664
114681,104033.03
114682,129521.99
114683,41729.855
114684,54793.785
114685,113871.07
114686,46522.99
114687,53222.4
114688,45665.426
114689,153918.28
114690,48209.78
114691,70026.16
114692,47474.707
114693,38692.242
114694,70439.31
114695,116657.44
114696,162019.06
114697,112638.09
114698,53880.168
114699,43728.023
114700,107502.914
114701,127209.56
114702,48862.965
114703,115201.195
114704,55855.336
114705,122502.65
114706,128243.086
114707,134061.28
114708,137721.48
114709,92551.0
114710,98098.164
114711,53000.426
114712,136702.66
114713,143369.64
114714,49659.637
114715,130688.91
114716,49658.996
114717,147886.25
114718,93607.2
114719,120236.17
114720,129732.555
114721,47714.59
114722,48182.137
114723,47589.777
114724,120791.836
114725,170866.2
114726,131713.2
114727,116728.086
114728,44511.168
114729,107537.125
114730,51705.707
114731,112741.195
114732,144588.3
114733,125270.73
114734,120117.516
114735,127132.56
114736,91463.04
114737,108375.95
114738,99171.055
114739,181310.64
114740,108448.03
114741,50028.13
114742,43370.168
114743,123648.414
114744,89072.695
114745,163599.66
114746,47896.06
114747,46650.523
114748,46135.273
114749,119710.88
114750,44837.65
114751,140886.55
114752,47594.15
114753,88987.31
114754,43869.56
114755,124058.84
114756,123661.8
114757,58702.805
114758,50394.38
114759,150902.78
114760,112249.44
114761,99946.37
114762,106642.37
114763,133372.47
114764,107128.18
114765,45762.285
114766,132683.75
114767,35687.996
114768,94746.08
114769,113292.87
114770,50207.484
114771,106896.32
114772,88818.55
114773,139220.28
114774,186543.2
114775,129336.305
114776,117293.914
114777,102813.22
114778,136632.84
114779,52748.867
114780,91381.695
114781,115099.8
114782,119099.53
114783,55751.94
114784,44730.098
114785,108234.38
114786,124815.234
114787,106132.94
114788,56026.367
114789,53992.992
114790,62228.21
114791,99424.875
114792,92713.87
114793,53029.668
114794,46050.145
114795,107653.8
114796,126027.17
114797,157019.47
114798,90351.5
114799,100544.68
114800,52807.145
114801,94343.47
114802,100944.914
114803,106419.65
114804,54430.695
114805,57320.285
114806,92762.0
114807,49760.133
114808,48677.227
114809,94594.41
114810,47738.137
114811,50220.875
114812,43968.117
114813,47028.71
114814,51793.785
114815,89639.79
114816,127820.57
114817,36139.03
114818,142508.95
114819,116770.22
114820,89565.9
114821,47220.25
114822,105919.836
114823,49403.68
114824,112171.516
114825,46342.113
114826,156320.17
114827,158434.86
114828,96298.79
114829,120863.195
114830,88912.62
114831,46305.34
114832,48237.082
114833,84339.125
114834,140483.23
114835,115290.72
114836,135794.5
114837,49553.82
114838,150855.33
114839,118717.24
114840,43123.89
114841,118742.33
114842,49692.477
114843,122578.7
114844,46447.473
114845,106287.984
114846,53844.96
114847,108201.1
114848,108228.21
114849,113409.84
114850,48674.496
114851,52109.633
114852,51381.105
114853,51682.105
114854,110040.766
114855,55135.12
114856,108054.945
114857,104539.74
114858,151064.38
114859,131275.69
114860,139452.34
114861,125973.305
114862,52266.496
114863,140710.05
114864,57629.137
114865,131039.74
114866,159734.72
114867,100487.305
114868,105087.07
114869,44939.965
114870,124558.336
114871,143590.88
114872,133565.81
114873,132289.58
114874,53266.22
114875,149046.61
114876,149446.9
114877,97767.58
114878,107023.81
114879,88115.49
114880,52805.504
114881,49949.195
114882,57859.07
114883,45774.586
114884,130988.18
114885,142733.81
114886,54904.176
114887,96505.45
114888,127929.05
114889,57490.383
114890,131634.02
114891,46288.72
114892,129074.95
114893,99856.69
114894,161838.75
114895,43593.688
114896,44815.87
114897,104545.03
114898,183216.34
114899,54512.5
114900,87436.88
114901,44774.473
114902,117019.164
114903,103810.83
114904,50602.906
114905,123252.06
114906,47760.55
114907,88015.016
114908,128884.734
114909,60214.227
114910,52571.574
114911,49590.707
114912,150122.86
114913,107185.9
114914,127099.734
114915,98104.87
114916,111004.95
114917,59933.387
114918,49038.387
114919,104284.39
114920,129599.234
114921,126027.664
114922,74671.01
114923,136520.77
114924,103109.5
114925,42513.855
114926,127633.586
114927,50286.098
114928,145920.3
114929,127565.375
114930,95328.27
114931,51948.223
114932,110000.086
114933,153841.9
114934,52027.113
114935,111654.05
114936,111235.29
114937,110157.11
114938,91176.67
114939,121354.21
114940,88632.234
114941,42774.375
114942,138600.4
114943,126901.08
114944,54950.65
114945,139691.53
114946,63423.832
114947,88935.46
114948,155580.14
114949,100982.91
114950,167605.36
114951,130685.88
114952,46323.805
114953,175179.31
114954,89723.13
114955,53062.84
114956,100370.445
114957,126272.08
114958,131711.47
114959,154263.89
114960,51084.113
114961,98034.37
114962,51226.74
114963,144827.03
114964,54318.676
114965,122510.44
114966,93649.195
114967,109642.03
114968,133837.89
114969,115739.945
114970,51930.95
114971,109095.93
114972,112468.97
114973,62653.645
114974,100014.23
114975,123324.88
114976,91369.67
114977,100780.86
114978,98277.05
114979,123507.77
114980,100653.57
114981,138382.52
114982,141766.05
114983,120801.24
114984,56101.188
114985,48726.145
114986,145941.72
114987,87309.36
114988,98310.07
114989,168081.4
114990,50970.91
114991,100684.53
114992,134632.34
114993,95534.95
114994,52122.766
114995,54183.09
114996,124423.484
114997,110294.22
114998,123924.91
114999,95864.48
115000,122923.65
115001,119452.875
115002,134259.08
115003,129257.02
115004,87707.266
115005,99297.195
115006,130859.375
115007,67482.62
115008,118189.48
115009,64725.98
115010,109558.81
115011,131679.31
115012,50704.94
115013,106609.59
115014,102950.78
115015,116157.5
115016,48010.125
115017,134977.77
115018,46456.08
115019,153669.48
115020,123266.234
115021,105807.06
115022,144642.97
115023,146751.05
115024,51307.176
115025,147882.88
115026,49452.15
115027,48009.8
115028,50477.836
115029,46474.09
115030,112750.81
115031,123528.55
115032,111775.266
115033,117021.625
115034,50176.453
115035,70055.13
115036,48181.402
115037,107957.12
115038,115208.26
115039,107522.61
115040,162462.89
115041,96258.555
115042,126573.89
115043,49351.39
115044,101833.46
115045,45655.88
115046,121002.734
115047,158882.73
115048,143349.67
115049,143198.83
115050,90414.51
115051,55413.86
115052,152743.36
115053,144329.2
115054,50180.3
115055,45084.81
115056,90000.984
115057,120241.0
115058,44934.29
115059,143685.95
115060,107778.88
115061,56710.86
115062,123769.984
115063,148700.62
115064,90938.96
115065,134079.2
115066,139031.44
115067,143840.88
115068,50189.86
115069,104887.664
115070,136324.95
115071,105282.33
115072,45961.09
115073,163857.44
115074,139948.73
115075,155469.75
115076,58675.562
115077,111649.375
115078,102630.53
115079,112483.664
115080,133738.86
115081,132535.0
115082,123108.86
115083,99485.664
115084,48478.35
115085,108541.01
115086,53031.84
115087,129127.48
115088,95658.94
115089,50675.793
115090,117492.6
115091,46274.543
115092,55320.92
115093,109331.414
115094,113198.23
115095,134464.4
115096,171000.88
115097,140603.88
115098,45818.836
115099,136571.78
115100,51593.656
115101,112468.96
115102,151669.39
115103,108993.75
115104,134070.05
115105,87321.33
115106,47029.438
115107,54926.492
115108,116847.055
115109,141655.92
115110,57541.918
115111,109372.945
115112,90821.29
115113,56069.56
115114,182487.4
115115,51227.05
115116,109203.47
115117,141798.88
115118,118602.12
115119,132146.28
115120,162711.33
115121,53123.32
115122,46181.91
115123,129526.54
115124,150391.88
115125,46489.03
115126,80589.79
115127,47527.94
115128,43691.375
115129,106169.44
115130,113623.45
115131,144872.8
115132,149381.33
115133,121092.62
115134,85999.305
115135,122027.49
115136,41441.824
115137,136676.73
115138,91598.3
115139,129458.91
115140,56356.895
115141,135606.97
115142,107886.09
115143,135331.38
115144,58369.633
115145,50481.207
115146,75105.586
115147,162918.2
115148,110241.71
115149,107542.94
115150,151764.67
115151,48390.38
115152,47037.055
115153,91537.5
115154,115175.64
115155,49140.715
115156,121978.42
115157,44595.71
115158,183304.75
115159,117377.6
115160,60779.1
115161,112969.734
115162,45878.324
115163,129809.38
115164,113826.76
115165,139311.38
115166,118173.695
115167,118034.49
115168,106487.53
115169,121319.95
115170,118104.3
115171,49321.04
115172,46070.14
115173,149979.7
115174,148477.39
115175,167120.6
115176,43223.07
115177,157508.33
115178,124318.7
115179,49858.76
115180,111267.52
115181,115629.836
115182,101013.51
115183,149455.1
115184,118083.87
115185,53308.223
115186,46290.766
115187,137008.0
115188,141679.81
115189,100714.43
115190,106525.13
115191,135905.8
115192,46134.86
115193,83623.805
115194,53948.32
115195,65485.06
115196,44290.832
115197,51354.438
115198,91388.69
115199,89894.51
115200,141079.58
115201,104198.2
115202,134909.17
115203,97765.64
115204,49809.06
115205,126166.42
115206,107645.195
115207,53429.75
115208,107204.664
115209,111780.86
115210,129613.01
115211,51965.82
115212,48897.18
115213,173443.77
115214,111599.04
115215,151788.86
115216,98599.21
115217,143127.2
115218,99921.39
115219,45090.516
115220,124265.78
115221,46760.77
115222,51109.766
115223,70439.31
115224,139560.92
115225,48699.605
115226,87411.93
115227,46944.785
115228,41317.992
115229,128587.32
115230,134356.23
115231,145865.03
115232,151847.53
115233,52266.242
115234,126010.836
115235,150108.86
115236,44755.29
115237,54343.25
115238,48865.5
115239,99039.6
115240,124989.97
115241,98929.805
115242,107989.71
115243,158949.31
115244,133610.4
115245,55020.32
115246,53118.457
115247,100666.39
115248,59510.582
115249,56761.832
115250,114308.43
115251,124522.04
115252,135362.73
115253,113909.734
115254,139664.42
115255,46757.17
115256,134804.3
115257,51068.805
115258,118342.05
115259,48221.816
115260,135256.02
115261,118232.01
115262,135431.44
115263,115039.266
115264,137254.75
115265,221245.39
115266,128812.39
115267,44526.38
115268,132855.23
115269,106491.06
115270,46610.938
115271,123225.74
115272,104625.836
115273,129487.5
115274,98507.08
115275,136872.97
115276,101287.64
115277,90674.81
115278,147337.23
115279,111967.66
115280,115728.195
115281,93967.95
115282,80197.22
115283,122694.21
115284,92822.6
115285,138320.28
115286,44844.113
115287,136368.05
115288,56001.01
115289,101568.234
115290,129858.086
115291,89264.32
115292,46448.08
115293,123242.68
115294,54683.387
115295,103192.73
115296,145540.17
115297,48605.59
115298,47468.55
115299,117345.85
115300,154913.48
115301,107121.484
115302,51229.906
115303,125789.6
115304,154244.11
115305,106417.35
115306,103544.96
115307,122932.68
115308,47911.387
115309,133802.72
115310,116978.05
115311,49630.195
115312,55915.74
115313,50640.504
115314,124450.445
115315,105868.19
115316,78446.016
115317,153372.78
115318,145400.47
115319,130304.47
115320,110877.61
115321,48504.848
115322,192329.78
115323,111196.07
115324,46519.41
115325,114131.63
115326,125563.195
115327,135431.44
115328,136208.67
115329,54275.41
115330,122425.88
115331,47028.71
115332,50215.605
115333,53651.76
115334,102938.94
115335,132458.81
115336,112912.46
115337,136615.83
115338,172046.75
115339,96745.734
115340,47534.35
115341,48852.246
115342,53254.926
115343,38766.945
115344,130093.14
115345,135889.5
115346,162827.11
115347,109543.49
115348,100792.586
115349,137328.4
115350,135707.97
115351,112729.76
115352,50809.62
115353,128696.516
115354,130168.64
115355,47352.938
115356,119084.66
115357,117459.88
115358,92646.71
115359,134634.61
115360,48149.363
115361,47699.23
115362,133892.22
115363,41368.85
115364,148929.05
115365,124917.98
115366,145707.75
115367,51349.637
115368,119309.65
115369,159331.52
115370,97298.59
115371,109558.84
115372,53946.285
115373,56752.316
115374,100397.09
115375,110412.695
115376,118145.086
115377,116773.914
115378,113649.484
115379,55782.37
115380,83761.195
115381,51974.906
115382,120960.88
115383,63623.98
115384,48026.887
115385,136978.11
115386,133494.53
115387,141128.67
115388,123924.36
115389,85458.15
115390,105379.75
115391,51464.0
115392,123487.43
115393,51173.152
115394,170666.48
115395,47808.184
115396,126792.72
115397,119389.89
115398,129046.586
115399,48262.324
115400,45385.465
115401,154597.83
115402,59636.484
115403,47174.844
115404,46280.42
115405,47448.355
115406,145510.19
115407,111146.18
115408,110793.35
115409,53275.066
115410,172033.28
115411,136137.9
115412,50774.57
115413,126485.71
115414,50087.574
115415,169228.36
115416,55664.02
115417,147706.6
115418,48747.746
115419,145554.77
115420,46489.594
115421,160774.0
115422,45408.133
115423,65957.02
115424,112659.3
115425,119303.82
115426,129513.695
115427,134240.6
115428,147867.19
115429,172509.94
115430,46835.465
115431,152959.66
115432,101338.06
115433,185106.33
115434,137361.14
115435,125497.81
115436,130508.234
115437,115743.36
115438,47726.992
115439,47443.73
115440,54907.355
115441,118413.664
115442,127661.7
115443,96467.28
115444,132308.47
115445,45260.332
115446,99828.44
115447,86606.945
115448,99811.22
115449,100291.98
115450,48598.56
115451,88282.24
115452,122365.65
115453,141711.88
115454,107846.2
115455,53655.414
115456,47939.492
115457,124122.62
115458,119512.02
115459,132737.48
115460,151719.48
115461,101504.59
115462,107077.37
115463,100358.766
115464,121203.586
115465,110920.73
115466,50315.32
115467,51844.66
115468,134474.48
115469,93738.14
115470,84806.99
115471,136032.9
115472,115756.234
115473,99982.88
115474,115403.01
115475,109698.17
115476,43197.1
115477,47635.59
115478,106138.484
115479,137603.44
115480,94536.625
115481,91432.64
115482,93607.2
115483,55837.227
115484,53342.65
115485,119857.51
115486,108500.05
115487,43514.855
115488,104787.484
115489,111176.04
115490,169630.33
115491,171759.8
115492,99189.73
115493,124262.51
115494,123259.18
115495,46073.887
115496,124948.62
115497,125183.1
115498,42579.3
115499,106996.43
115500,141182.31
115501,174029.69
115502,111830.31
115503,158237.22
115504,119536.58
115505,46286.06
115506,107730.15
115507,92273.664
115508,46331.348
115509,45830.297
115510,124006.086
115511,98152.08
115512,128956.84
115513,126322.64
115514,109226.86
115515,124143.07
115516,114046.61
115517,62130.86
115518,47191.223
115519,52206.215
115520,46382.832
115521,49580.984
115522,59289.88
115523,89917.914
115524,102521.72
115525,172609.5
115526,105081.586
115527,58648.98
115528,45650.562
115529,55604.15
115530,65333.906
115531,138389.62
115532,117978.375
115533,49243.434
115534,122059.04
115535,47590.24
115536,115925.93
115537,44828.26
115538,131924.48
115539,183527.86
115540,126237.98
115541,124576.73
115542,85456.13
115543,61673.17
115544,159113.9
115545,112555.14
115546,84900.59
115547,157490.69
115548,147757.12
115549,107110.734
115550,141873.02
115551,53320.676
115552,46988.637
115553,47733.973
115554,58484.39
115555,101892.27
115556,118182.56
115557,48786.28
115558,117556.71
115559,124254.836
115560,41688.934
115561,114500.34
115562,91373.81
115563,59180.96
115564,165240.69
115565,171996.02
115566,113408.305
115567,47635.16
115568,49235.867
115569,50786.867
115570,111288.79
115571,49067.867
115572,47610.977
115573,92448.555
115574,143799.05
115575,47065.92
115576,44182.207
115577,98892.35
115578,49784.32
115579,132699.36
115580,52580.496
115581,91310.81
115582,109817.98
115583,113057.914
115584,88645.21
115585,120053.586
115586,162754.95
115587,104670.43
115588,52244.312
115589,57451.594
115590,161465.97
115591,140266.31
115592,50039.97
115593,39185.055
115594,49758.71
115595,46670.27
115596,107825.09
115597,107121.17
115598,54063.207
115599,153832.98
115600,111780.86
115601,122211.2
115602,112331.77
115603,92445.91
115604,170163.95
115605,98346.43
115606,48815.277
115607,42989.004
115608,167589.73
115609,69931.875
115610,48135.855
115611,143437.84
115612,46340.63
115613,141843.56
115614,109883.54
115615,47821.76
115616,146752.61
115617,62600.258
115618,135530.34
115619,179084.06
115620,70501.664
115621,98599.21
115622,110718.375
115623,124087.24
115624,121103.51
115625,111978.74
115626,120869.46
115627,172125.62
115628,112936.31
115629,101777.04
115630,111261.99
115631,121423.17
115632,86195.59
115633,99828.44
115634,126515.24
115635,64745.34
115636,90873.57
115637,46202.79
115638,144792.03
115639,114874.055
115640,112337.58
115641,113668.08
115642,102598.17
115643,137088.45
115644,127440.53
115645,97329.23
115646,107517.03
115647,46180.7
115648,101863.26
115649,107890.14
115650,68010.086
115651,135667.98
115652,124137.766
115653,164993.44
115654,110378.04
115655,171031.67
115656,106756.99
115657,88620.11
115658,105686.9
115659,132909.8
115660,96479.18
115661,89736.125
115662,108145.72
115663,49215.21
115664,110584.336
115665,93998.06
115666,94669.02
115667,58510.363
115668,120375.63
115669,58638.51
115670,88682.13
115671,102765.63
115672,139083.56
115673,46891.473
115674,97270.26
115675,52031.684
115676,106933.87
115677,116059.445
115678,112448.66
115679,47894.797
115680,122490.0
115681,109623.99
115682,88724.15
115683,86107.42
115684,50297.004
115685,55485.742
115686,154243.95
115687,106456.83
115688,130718.12
115689,113267.57
115690,46743.145
115691,121112.72
115692,133515.2
115693,164265.06
115694,49264.79
115695,119308.266
115696,60499.59
115697,123890.25
115698,109180.836
115699,121230.06
115700,132740.44
115701,48174.023
115702,101892.27
115703,91636.445
115704,56832.4
115705,46524.64
115706,95778.78
115707,107650.37
115708,109687.38
115709,96882.86
115710,42338.31
115711,122597.3
115712,98612.65
115713,142997.11
115714,53988.613
115715,130869.43
115716,191614.61
115717,46785.69
115718,41829.812
115719,54062.848
115720,136468.55
115721,53352.875
115722,43857.14
115723,113695.086
115724,50103.48
115725,47598.53
115726,118439.92
115727,95566.7
115728,84911.47
115729,45469.848
115730,91024.99
115731,49630.195
115732,56820.44
115733,121475.96
115734,127907.43
115735,108725.9
115736,52269.832
115737,52512.605
115738,92951.74
115739,110655.42
115740,138901.38
115741,116102.414
115742,91937.83
115743,118994.99
115744,143763.61
115745,116137.65
115746,90301.57
115747,108938.266
115748,108276.414
115749,48752.742
115750,95221.19
115751,52739.23
115752,155440.02
115753,126893.45
115754,109161.32
115755,123286.914
115756,140608.42
115757,47980.59
115758,73863.12
115759,128226.24
115760,124394.47
115761,108764.18
115762,105892.45
115763,127346.195
115764,169068.42
115765,47779.98
115766,167794.02
115767,52009.2
115768,46818.215
115769,129165.06
115770,50172.348
115771,154223.61
115772,49381.73
115773,50695.996
115774,114670.97
115775,135345.31
115776,112477.23
115777,123445.59
115778,128350.4
115779,50888.83
115780,54834.97
115781,148429.06
115782,121673.72
115783,117820.89
115784,127902.67
115785,45697.24
115786,135661.4
115787,123919.82
115788,125434.7
115789,135614.02
115790,50419.305
115791,125431.984
115792,36005.91
115793,125803.03
115794,107976.516
115795,50995.31
115796,141395.36
115797,121171.08
115798,102911.4
115799,48149.844
115800,51592.73
115801,47307.086
115802,108377.69
115803,124903.234
115804,96527.6
115805,150282.27
115806,47579.555
115807,107390.42
115808,51537.36
115809,108234.27
115810,59523.273
115811,46773.504
115812,105853.42
115813,126124.16
115814,62186.938
115815,108171.41
115816,100102.61
115817,56009.504
115818,125312.59
115819,55701.49
115820,183182.6
115821,48390.86
115822,65065.09
115823,110104.266
115824,207683.22
115825,119311.664
115826,110732.37
115827,126791.43
115828,140104.8
115829,51222.508
115830,128601.516
115831,119627.7
115832,54060.535
115833,72399.375
115834,120121.6
115835,121952.484
115836,126398.1
115837,109494.25
115838,47375.43
115839,50287.098
115840,127701.56
115841,93028.2
115842,144526.0
115843,157866.1
115844,129254.945
115845,49732.082
115846,101396.63
115847,44380.535
115848,58078.56
115849,50295.934
115850,172009.58
115851,104268.08
115852,50288.5
115853,130975.664
115854,49378.465
115855,65578.5
115856,45639.03
115857,133703.31
115858,119084.07
115859,102559.19
115860,113195.13
115861,106622.97
115862,103738.99
115863,148239.97
115864,128357.195
115865,130197.39
115866,151111.2
115867,52739.875
115868,47327.156
115869,136596.0
115870,123167.086
115871,54696.99
115872,97298.29
115873,140909.03
115874,101932.83
115875,96145.21
115876,46427.457
115877,99018.8
115878,139989.25
115879,150764.05
115880,126860.26
115881,142141.4
115882,133146.64
115883,83700.1
115884,113242.03
115885,103094.234
115886,46299.246
115887,122533.34
115888,123605.4
115889,49880.63
115890,147977.92
115891,101352.195
115892,107317.914
115893,123650.04
115894,98514.445
115895,44023.684
115896,122370.79
115897,118922.03
115898,119881.57
115899,69165.59
115900,104964.195
115901,54701.81
115902,144023.83
115903,144951.67
115904,67991.34
115905,95757.04
115906,56887.5
115907,79179.97
115908,54710.465
115909,55805.555
115910,47297.24
115911,129805.07
115912,107787.47
115913,122692.6
115914,116138.45
115915,127215.195
115916,121392.54
115917,140508.73
115918,53954.08
115919,143530.73
115920,49533.395
115921,125691.59
115922,126312.48
115923,131376.38
115924,45476.535
115925,51746.22
115926,129189.85
115927,52292.95
115928,123291.42
115929,57944.25
115930,101964.4
115931,141506.48
115932,45725.312
115933,86028.164
115934,130641.055
115935,53765.66
115936,133900.08
115937,137449.48
115938,45087.5
115939,51494.664
115940,135112.38
115941,121445.31
115942,91503.38
115943,87634.555
115944,49605.273
115945,37147.375
115946,105282.33
115947,125179.234
115948,45482.293
115949,101949.32
115950,46328.87
115951,149569.53
115952,52049.973
115953,136568.02
115954,102745.65
115955,140617.5
115956,99749.97
115957,41646.117
115958,93738.14
115959,111498.61
115960,44053.63
115961,114947.49
115962,133191.48
115963,131610.16
115964,41593.15
115965,52419.87
115966,133343.7
115967,121439.17
115968,138347.12
115969,46103.176
115970,77460.84
115971,127017.91
115972,152884.36
115973,126746.84
115974,171611.3
115975,46697.426
115976,142877.3
115977,92003.266
115978,111238.836
115979,63086.418
115980,100499.76
115981,59065.453
115982,55229.176
115983,114766.09
115984,63230.84
115985,114244.95
115986,129688.01
115987,162145.88
115988,60893.645
115989,132831.12
115990,118718.5
115991,47064.492
115992,50659.414
115993,47665.207
115994,115462.805
115995,138398.89
115996,126639.586
115997,141927.58
115998,109520.555
115999,180251.94
116000,53802.06
116001,106715.44
116002,128136.77
116003,110524.43
116004,44150.69
116005,136728.25
116006,120495.81
116007,183898.55
116008,88543.72
116009,48249.6
116010,159675.89
116011,62113.6
116012,114028.54
116013,148536.95
116014,146495.08
116015,136469.48
116016,144566.95
116017,168027.67
116018,139047.14
116019,50819.125
116020,107302.25
116021,47563.18
116022,128496.54
116023,94738.01
116024,49811.875
116025,125940.19
116026,54000.465
116027,52917.043
116028,51357.348
116029,47352.938
116030,145468.36
116031,123126.57
116032,153751.98
116033,141692.19
116034,46946.516
116035,43312.453
116036,143441.42
116037,106633.95
116038,125214.15
116039,50990.035
116040,101125.3
116041,117256.65
116042,52550.617
116043,113290.055
116044,98639.89
116045,62532.777
116046,122149.805
116047,143118.67
116048,52102.82
116049,46974.25
116050,112851.82
116051,97591.75
116052,51294.586
116053,172742.8
116054,125139.77
116055,119773.75
116056,119771.1
116057,84535.66
116058,148533.9
116059,66872.05
116060,118413.664
116061,53156.445
116062,108879.31
116063,53573.18
116064,50668.984
116065,161753.31
116066,121844.23
116067,121647.266
116068,103643.18
116069,49818.18
116070,31683.531
116071,149423.25
116072,51020.65
116073,132752.08
116074,96849.484
116075,141618.83
116076,45284.344
116077,97994.04
116078,49406.527
116079,143572.25
116080,128193.94
116081,44049.305
116082,142947.42
116083,130567.3
116084,112070.125
116085,127891.23
116086,98401.4
116087,41703.477
116088,122180.83
116089,111944.016
116090,45472.453
116091,115882.65
116092,48537.246
116093,107729.04
116094,100009.445
116095,102662.88
116096,148859.36
116097,45592.83
116098,85456.13
116099,140455.23
116100,117908.97
116101,122779.234
116102,50317.75
116103,53174.992
116104,142678.83
116105,49260.973
116106,47969.13
116107,52400.89
116108,134555.52
116109,141104.17
116110,117442.59
116111,138305.27
116112,85447.19
116113,91598.3
116114,134055.67
116115,95251.14
116116,137557.0
116117,111861.5
116118,49871.176
116119,120008.81
116120,106701.51
116121,44959.61
116122,46103.293
116123,105207.11
116124,86938.12
116125,87247.18
116126,120539.11
116127,132351.12
116128,49321.04
116129,120184.56
116130,84665.305
116131,127738.4
116132,55370.99
116133,154655.22
116134,115170.945
116135,125559.7
116136,52352.984
116137,125493.1
116138,128906.55
116139,45178.535
116140,102428.26
116141,121541.07
116142,142673.38
116143,134468.06
116144,112277.164
116145,47423.32
116146,46214.58
116147,139911.81
116148,180635.48
116149,107391.125
116150,93649.195
116151,49300.61
116152,49678.66
116153,120457.33
116154,45823.105
116155,131484.31
116156,44268.402
116157,115781.75
116158,137509.92
116159,49479.69
116160,134299.53
116161,133863.62
116162,53545.96
116163,50536.453
116164,123361.92
116165,162221.19
116166,103846.71
116167,38346.76
116168,120269.97
116169,45697.24
116170,49018.08
116171,130469.49
116172,106425.52
116173,129051.77
116174,56863.098
116175,99831.77
116176,131400.11
116177,46383.508
116178,53421.137
116179,91451.85
116180,102554.4
116181,46583.87
116182,53613.652
116183,126513.18
116184,133628.0
116185,101403.82
116186,109476.34
116187,119149.45
116188,47159.168
116189,91064.45
116190,146952.16
116191,54637.113
116192,60287.266
116193,85793.46
116194,145913.55
116195,115519.53
116196,117823.78
116197,53957.355
116198,95658.94
116199,125326.26
116200,112935.61
116201,132413.61
116202,130226.07
116203,118716.91
116204,62569.88
116205,55188.598
116206,136971.72
116207,57783.605
116208,115024.63
116209,49746.53
116210,97016.56
116211,53482.32
116212,101733.19
116213,103631.56
116214,99552.13
116215,57425.95
116216,94553.0
116217,57944.082
116218,110971.98
116219,49520.03
116220,99181.04
116221,107950.25
116222,131477.2
116223,68811.484
116224,118786.67
116225,112733.766
116226,79439.445
116227,63209.332
116228,139712.7
116229,112656.03
116230,143690.92
116231,104436.875
116232,139014.34
116233,68641.65
116234,49302.88
116235,99624.1
116236,48493.08
116237,132434.12
116238,51242.543
116239,134383.67
116240,104641.98
116241,114552.27
116242,48011.402
116243,57727.27
116244,132131.98
116245,106378.72
116246,50356.434
116247,48938.953
116248,46070.184
116249,112895.17
116250,116743.195
116251,150612.83
116252,52929.81
116253,112244.42
116254,82150.766
116255,135449.6
116256,109518.8
116257,133821.2
116258,96453.43
116259,130742.77
116260,124351.1
116261,43309.535
116262,118429.38
116263,43282.01
116264,47145.258
116265,96447.97
116266,46707.066
116267,138040.98
116268,104906.37
116269,162840.22
116270,96459.2
116271,48817.125
116272,203818.28
116273,110607.98
116274,104511.38
116275,110488.414
116276,94557.78
116277,156543.33
116278,49088.582
116279,50499.24
116280,157118.5
116281,100641.09
116282,44340.477
116283,137948.36
116284,64913.293
116285,106331.24
116286,50080.215
116287,47307.23
116288,49241.574
116289,51842.56
116290,134808.03
116291,131558.06
116292,125521.07
116293,106855.83
116294,75334.7
116295,151920.16
116296,98640.445
116297,93709.39
116298,124921.164
116299,112391.25
116300,120971.98
116301,47413.54
116302,46077.277
116303,109896.766
116304,53895.555
116305,121845.18
116306,93225.695
116307,60772.29
116308,109694.48
116309,152377.73
116310,131107.06
116311,55217.79
116312,89735.88
116313,127448.86
116314,98296.92
116315,88031.28
116316,122976.73
116317,57845.977
116318,45458.44
116319,47352.938
116320,53124.8
116321,101861.625
116322,49098.953
116323,56311.48
116324,96118.13
116325,126757.95
116326,93636.56
116327,58813.08
116328,115602.945
116329,160751.9
116330,95842.125
116331,110316.055
116332,121558.11
116333,148511.97
116334,158102.39
116335,47285.812
116336,118926.555
116337,112966.54
116338,103051.28
116339,149243.05
116340,46670.27
116341,128728.54
116342,133590.58
116343,130022.69
116344,50516.44
116345,159519.83
116346,128364.12
116347,107101.03
116348,96225.086
116349,171097.45
116350,127356.15
116351,46181.91
116352,51884.156
116353,105330.07
116354,54012.754
116355,110577.555
116356,113216.36
116357,49805.84
116358,65050.45
116359,43085.777
116360,103461.516
116361,61740.355
116362,50391.652
116363,121808.82
116364,58860.6
116365,103016.27
116366,48063.215
116367,43005.824
116368,111569.28
116369,94636.1
116370,125678.984
116371,132716.3
116372,114582.81
116373,107842.6
116374,77389.06
116375,55841.95
116376,151171.52
116377,152748.03
116378,119083.81
116379,121522.89
116380,102074.49
116381,123452.2
116382,104903.23
116383,100625.69
116384,100271.375
116385,116689.72
116386,104554.91
116387,98424.7
116388,46516.05
116389,118633.16
116390,127922.93
116391,59178.312
116392,85209.805
116393,48792.04
116394,111797.93
116395,53646.164
116396,103594.84
116397,98375.0
116398,75898.93
116399,147956.81
116400,116841.98
116401,42963.145
116402,43450.094
116403,36319.152
116404,108725.9
116405,115497.484
116406,135946.89
116407,162914.28
116408,102111.95
116409,48186.066
116410,165294.84
116411,92973.45
116412,128572.66
116413,105575.32
116414,94321.945
116415,51339.43
116416,127858.75
116417,42458.543
116418,107317.89
116419,136032.33
116420,100581.72
116421,101063.1
116422,51150.17
116423,59509.87
116424,46088.1
116425,58106.08
116426,182341.45
116427,131214.12
116428,47779.98
116429,143722.92
116430,40901.633
116431,51777.65
116432,54841.867
116433,113225.61
116434,111296.21
116435,111056.74
116436,49421.09
116437,130902.11
116438,122529.43
116439,89158.87
116440,43682.23
116441,128017.266
116442,129746.09
116443,126851.68
116444,46488.27
116445,55443.074
116446,82664.05
116447,97440.66
116448,44449.918
116449,120725.36
116450,125623.68
116451,103388.41
116452,47982.79
116453,122163.54
116454,55569.61
116455,106331.24
116456,45026.414
116457,129322.82
116458,48064.83
116459,109476.625
116460,119317.22
116461,118109.86
116462,111112.48
116463,125476.56
116464,160546.27
116465,140582.53
116466,120424.58
116467,52154.344
116468,115235.625
116469,138646.62
116470,54731.39
116471,117900.84
116472,146653.25
116473,48725.598
116474,129560.516
116475,56432.31
116476,60336.926
116477,53617.055
116478,46374.375
116479,45429.324
116480,97395.17
116481,113325.23
116482,44543.445
116483,52386.62
116484,46936.074
116485,104404.11
116486,130082.67
116487,110714.3
116488,50455.48
116489,126729.34
116490,46107.215
116491,157620.27
116492,50682.35
116493,92406.26
116494,47487.61
116495,104710.98
116496,48079.57
116497,111630.266
116498,127903.484
116499,152121.19
116500,146571.44
116501,54804.113
116502,132080.73
116503,111361.57
116504,99466.37
116505,148344.33
116506,154286.0
116507,137671.11
116508,139706.11
116509,134782.9
116510,116398.26
116511,46073.887
116512,87069.4
116513,119506.98
116514,114544.8
116515,103546.484
116516,104061.39
116517,121527.53
116518,124427.41
116519,136693.64
116520,115221.35
116521,119326.734
116522,53482.82
116523,165329.83
116524,125789.5
116525,126638.586
116526,46235.832
116527,132651.55
116528,119399.85
116529,101403.82
116530,122273.375
116531,51465.555
116532,137021.66
116533,140218.53
116534,122272.04
116535,54457.605
116536,124857.02
116537,117717.11
116538,104233.414
116539,86938.12
116540,119531.08
116541,101755.83
116542,111356.65
116543,140480.11
116544,49890.46
116545,47108.24
116546,173162.72
116547,104461.46
116548,96530.875
116549,160930.78
116550,117673.13
116551,52764.266
116552,119253.64
116553,46259.316
116554,49981.527
116555,55555.797
116556,42442.15
116557,129149.19
116558,55373.902
116559,150015.95
116560,86938.12
116561,133189.9
116562,49968.11
116563,111222.35
116564,49816.99
116565,150558.64
116566,53477.81
116567,122981.68
116568,122520.25
116569,120772.96
116570,118793.98
116571,49235.26
116572,101772.54
116573,98682.95
116574,129933.35
116575,126443.42
116576,49597.93
116577,44582.996
116578,157351.72
116579,137783.66
116580,52325.316
116581,106055.21
116582,99256.48
116583,110910.09
116584,167628.47
116585,146740.44
116586,52099.977
116587,45642.914
116588,124778.82
116589,106557.71
116590,124465.79
116591,46733.293
116592,100397.23
116593,120614.734
116594,95458.7
116595,127701.54
116596,45902.05
116597,51823.207
116598,57634.875
116599,122219.18
116600,113434.336
116601,47092.5
116602,134936.83
116603,132316.47
116604,120447.21
116605,96836.586
116606,131463.06
116607,58875.74
116608,49972.895
116609,161567.3
116610,118363.62
116611,137664.05
116612,96447.97
116613,113729.45
116614,63903.402
116615,53150.53
116616,50725.363
116617,146305.73
116618,102198.88
116619,91218.59
116620,122717.68
116621,104180.77
116622,104124.17
116623,46077.54
116624,123180.24
116625,50818.93
116626,47389.273
116627,111243.47
116628,135134.16
116629,116520.984
116630,126499.734
116631,145091.94
116632,118288.48
116633,121170.12
116634,49996.23
116635,56450.934
116636,45774.67
116637,48845.484
116638,48090.25
116639,107966.89
116640,114125.45
116641,41746.438
116642,106035.2
116643,134623.23
116644,99256.48
116645,120611.01
116646,135576.38
116647,108111.39
116648,139494.23
116649,91382.445
116650,121713.03
116651,104756.375
116652,140187.3
116653,120686.06
116654,53998.24
116655,47920.277
116656,45471.746
116657,108166.8
116658,156109.22
116659,54777.547
116660,127862.62
116661,113105.92
116662,118173.41
116663,128337.83
116664,117470.71
116665,122498.48
116666,133360.83
116667,47995.332
116668,44395.83
116669,104765.51
116670,129070.81
116671,102408.805
116672,120669.945
116673,109030.26
116674,124842.62
116675,129578.36
116676,131610.16
116677,120773.58
116678,130803.71
116679,109956.87
116680,146766.14
116681,94218.02
116682,130437.83
116683,49901.633
116684,116489.07
116685,47045.758
116686,47400.492
116687,57940.22
116688,57322.883
116689,130199.05
116690,46524.64
116691,50347.016
116692,108509.58
116693,47207.777
116694,42720.96
116695,119187.29
116696,45494.832
116697,87631.305
116698,139809.61
116699,53287.848
116700,123410.766
116701,114071.48
116702,48126.03
116703,115860.266
116704,193466.08
116705,132681.73
116706,97753.18
116707,47893.98
116708,105936.85
116709,48351.125
116710,106530.19
116711,62712.527
116712,120081.414
116713,111284.88
116714,62287.27
116715,164462.95
116716,126655.82
116717,184922.73
116718,66674.13
116719,46059.65
116720,92599.555
116721,112445.62
116722,108764.83
116723,49914.63
116724,86938.12
116725,117583.5
116726,157673.73
116727,130958.29
116728,115882.734
116729,144310.52
116730,113342.68
116731,115451.94
116732,92336.78
116733,161838.75
116734,96772.49
116735,131495.88
116736,103252.81
116737,99013.11
116738,38151.664
116739,163833.48
116740,131135.55
116741,118938.555
116742,57776.676
116743,44464.914
116744,53438.004
116745,189781.73
116746,46536.035
116747,127555.07
116748,121022.71
116749,126528.28
116750,97585.31
116751,45977.562
116752,44309.008
116753,104463.99
116754,127946.03
116755,45968.605
116756,108005.17
116757,86028.164
116758,50811.234
116759,119326.39
116760,106505.016
116761,119450.55
116762,47428.227
116763,148155.6
116764,51252.508
116765,114440.29
116766,55876.59
116767,156361.64
116768,165024.12
116769,93871.76
116770,164075.62
116771,162298.22
116772,109553.11
116773,46113.344
116774,104628.56
116775,54633.062
116776,124180.7
116777,121877.28
116778,52858.637
116779,51835.695
116780,104779.92
116781,53293.504
116782,53849.1
116783,54702.78
116784,95890.266
116785,178529.48
116786,49685.387
116787,84539.21
116788,102979.68
116789,134319.95
116790,116629.85
116791,49924.863
116792,50028.13
116793,94781.47
116794,117363.55
116795,54305.86
116796,75674.516
116797,131177.69
116798,102229.836
116799,128613.27
116800,184730.62
116801,137599.78
116802,128350.11
116803,50527.53
116804,137039.69
116805,50786.75
116806,112221.836
116807,91464.336
116808,148343.45
116809,163847.89
116810,56967.47
116811,53022.78
116812,54550.81
116813,120289.625
116814,130298.92
116815,112489.82
116816,85748.54
116817,118237.93
116818,116094.28
116819,127888.2
116820,48170.9
116821,56348.43
116822,47807.16
116823,47352.938
116824,119968.84
116825,158226.1
116826,93763.0
116827,121328.23
116828,120031.086
116829,118083.87
116830,99045.43
116831,143005.38
116832,103832.4
116833,121085.87
116834,47065.92
116835,61356.402
116836,50560.18
116837,143393.33
116838,121336.36
116839,47548.82
116840,121287.24
116841,114863.49
116842,50109.7
116843,144586.34
116844,63224.63
116845,126367.38
116846,129032.586
116847,126940.695
116848,138652.73
116849,157292.12
116850,100995.22
116851,44626.402
116852,48500.676
116853,104957.22
116854,88825.914
116855,133426.61
116856,126720.64
116857,54939.363
116858,35153.074
116859,114672.67
116860,113047.05
116861,120279.61
116862,135528.4
116863,85793.46
116864,45659.22
116865,136265.69
116866,108936.12
116867,57410.676
116868,50857.027
116869,104743.95
116870,105648.13
116871,126376.55
116872,115394.0
116873,41623.953
116874,121222.086
116875,102075.82
116876,145570.47
116877,104607.086
116878,162837.12
116879,51089.887
116880,49400.543
116881,115543.15
116882,127415.49
116883,43822.562
116884,51005.637
116885,57489.79
116886,51645.93
116887,107871.836
116888,91698.11
116889,100561.375
116890,155359.39
116891,88672.08
116892,141260.06
116893,118275.266
116894,54058.145
116895,53704.062
116896,118756.28
116897,54548.7
116898,108566.39
116899,138865.08
116900,46929.19
116901,118694.336
116902,42322.746
116903,47701.594
116904,44530.613
116905,46179.676
116906,84260.28
116907,113837.01
116908,130170.8
116909,186848.97
116910,61173.92
116911,98514.445
116912,138831.73
116913,65851.305
116914,48392.848
116915,117734.48
116916,46086.875
116917,53022.46
116918,156885.7
116919,136139.34
116920,114325.766
116921,69695.22
116922,171539.97
116923,131051.945
116924,51558.984
116925,156350.08
116926,124284.93
116927,123763.65
116928,49730.375
116929,43663.777
116930,122097.91
116931,105874.586
116932,170021.38
116933,130207.555
116934,125038.46
116935,123710.875
116936,48838.414
116937,45663.957
116938,160346.02
116939,121005.32
116940,187100.03
116941,94397.56
116942,95089.695
116943,49497.574
116944,124229.45
116945,104796.445
116946,53224.285
116947,108764.0
116948,85658.72
116949,60211.484
116950,49976.363
116951,47910.77
116952,123558.555
116953,44971.844
116954,158828.95
116955,143773.33
116956,118018.71
116957,143885.56
116958,105289.414
116959,124387.32
116960,167794.86
116961,47495.23
116962,128495.28
116963,68335.54
116964,113306.62
116965,108242.23
116966,106793.15
116967,113789.92
116968,135977.86
116969,87976.88
116970,90026.766
116971,133409.86
116972,148973.61
116973,48309.703
116974,48262.324
116975,108768.03
116976,49654.535
116977,61720.87
116978,93410.59
116979,130914.81
116980,135022.92
116981,138954.19
116982,169463.52
116983,165465.61
116984,83286.336
116985,132410.78
116986,94618.33
116987,43165.273
116988,95698.78
116989,127200.07
116990,50935.7
116991,47785.49
116992,45774.586
116993,136925.53
116994,142302.84
116995,96712.266
116996,58819.97
116997,97701.73
116998,188199.56
116999,54134.773
117000,85458.15
117001,138744.08
117002,127750.51
117003,48380.15
117004,108273.16
117005,136485.67
117006,112317.75
117007,44736.062
117008,151971.23
117009,112297.44
117010,108454.25
117011,50674.17
117012,115265.27
117013,51740.285
117014,81458.88
117015,53609.96
117016,122320.61
117017,121861.92
117018,80589.79
117019,157218.2
117020,158891.81
117021,129295.234
117022,167977.53
117023,151396.34
117024,123370.46
117025,90744.664
117026,92109.51
117027,110144.87
117028,138173.42
117029,110163.13
117030,51077.156
117031,112013.31
117032,47535.402
117033,107785.66
117034,123961.66
117035,96085.375
117036,141847.19
117037,54145.336
117038,152435.08
117039,148189.08
117040,135730.58
117041,205572.25
117042,51760.586
117043,52108.664
117044,50882.234
117045,110142.8
117046,138405.55
117047,64930.43
117048,137098.64
117049,47428.227
117050,132931.14
117051,46086.45
117052,52704.098
117053,117631.15
117054,95997.97
117055,46491.477
117056,142506.1
117057,116037.12
117058,88120.38
117059,94343.64
117060,49287.69
117061,132650.83
117062,108053.34
117063,153994.05
117064,138316.56
117065,104707.43
117066,87796.33
117067,45524.81
117068,111119.375
117069,110456.25
117070,120541.164
117071,113584.01
117072,48161.19
117073,93560.69
117074,55518.645
117075,80930.66
117076,47764.42
117077,122161.7
117078,93925.15
117079,51618.473
117080,123201.5
117081,47982.918
117082,145743.84
117083,138424.44
117084,88502.61
117085,89324.13
117086,102404.46
117087,46755.625
117088,49321.04
117089,165313.66
117090,127160.01
117091,46930.484
117092,65458.805
117093,128107.53
117094,54990.832
117095,145965.88
117096,48847.223
117097,55708.96
117098,132812.81
117099,114180.32
117100,53142.164
117101,50377.8
117102,121718.01
117103,148335.58
117104,135870.9
117105,103984.88
117106,49163.105
117107,62065.203
117108,131524.3
117109,111168.125
117110,48467.21
117111,108788.9
117112,120088.836
117113,125165.125
117114,104890.15
117115,49550.97
117116,128433.19
117117,118898.83
117118,45295.992
117119,124744.59
117120,150626.89
117121,48902.65
117122,90473.69
117123,47879.203
117124,41796.29
117125,114739.016
117126,58861.38
117127,46457.848
117128,139664.0
117129,60995.355
117130,139208.3
117131,116271.75
117132,98194.3
117133,111158.59
117134,50777.406
117135,46205.348
117136,122568.98
117137,100948.52
117138,116233.484
117139,51042.88
117140,131219.95
117141,52286.348
117142,106028.09
117143,122098.69
117144,47993.89
117145,86884.08
117146,101462.65
117147,90674.81
117148,107168.43
117149,129617.05
117150,100522.89
117151,131311.67
117152,121192.3
117153,48773.367
117154,181752.48
117155,48658.73
117156,73761.664
117157,134543.6
117158,44740.637
117159,121280.68
117160,97496.8
117161,132804.64
117162,126418.766
117163,94872.0
117164,119856.36
117165,165775.97
117166,48884.586
117167,125655.66
117168,44331.6
117169,90116.21
117170,116265.52
117171,51044.086
117172,54122.824
117173,97715.78
117174,121861.98
117175,131314.9
117176,108289.59
117177,173193.56
117178,91111.03
117179,116560.85
117180,119620.945
117181,108432.07
117182,45416.574
117183,149404.3
117184,106353.79
117185,53832.08
117186,96192.48
117187,118784.23
117188,110252.21
117189,61304.89
117190,129663.34
117191,71045.27
117192,126166.41
117193,137904.17
117194,95243.65
117195,139707.55
117196,132082.56
117197,46671.375
117198,49038.09
117199,51535.535
117200,130576.664
117201,121376.29
117202,52047.203
117203,107054.98
117204,97898.71
117205,104620.74
117206,120217.65
117207,145559.39
117208,44117.953
117209,91924.37
117210,89742.11
117211,119264.52
117212,118070.95
117213,124866.71
117214,97994.68
117215,142048.64
117216,48394.086
117217,102691.2
117218,47529.316
117219,104081.02
117220,49961.945
117221,119837.49
117222,151792.98
117223,133852.55
117224,44108.32
117225,101568.234
117226,35918.39
117227,48309.703
117228,95728.86
117229,76767.64
117230,44890.74
117231,122203.875
117232,99427.01
117233,47368.24
117234,129344.84
117235,42321.055
117236,52138.16
117237,132210.08
117238,136474.53
117239,45923.348
117240,98997.08
117241,57309.14
117242,54905.99
117243,116276.33
117244,145896.7
117245,110167.914
117246,118227.805
117247,128507.2
117248,179780.36
117249,109535.31
117250,116624.89
117251,118558.98
117252,117002.34
117253,53107.707
117254,62025.555
117255,189813.64
117256,133283.97
117257,46927.36
117258,42331.47
117259,98885.6
117260,50894.906
117261,122610.305
117262,110814.87
117263,100519.97
117264,113350.52
117265,112892.19
117266,117812.766
117267,51016.348
117268,108035.17
117269,130929.32
117270,134003.62
117271,129760.66
117272,48369.207
117273,48850.09
117274,43836.438
117275,158085.84
117276,54645.875
117277,56108.324
117278,52121.42
117279,45414.906
117280,122255.37
117281,44163.234
117282,143839.81
117283,127197.42
117284,118193.66
117285,85658.72
117286,142024.2
117287,54335.754
117288,25608.805
117289,47865.992
117290,53102.57
117291,46875.734
117292,69316.055
117293,137314.25
117294,105868.95
117295,152526.78
117296,50456.727
117297,164682.47
117298,125130.95
117299,47466.97
117300,108599.51
117301,172595.3
117302,95023.89
117303,52963.035
117304,51408.215
117305,133898.33
117306,45991.844
117307,80589.79
117308,139172.95
117309,126190.67
117310,106180.19
117311,52292.95
117312,49000.56
117313,92467.01
117314,90873.57
117315,105932.664
117316,125701.01
117317,49134.793
117318,125607.05
117319,47619.23
117320,83169.01
117321,49828.383
117322,175688.72
117323,139365.92
117324,48169.016
117325,137905.94
117326,117521.2
117327,90579.66
117328,55913.258
117329,48484.367
117330,107957.12
117331,45879.766
117332,103406.266
117333,98812.29
117334,47239.215
117335,178581.28
117336,130550.26
117337,52915.42
117338,130516.664
117339,108854.74
117340,146876.98
117341,104244.69
117342,136859.88
117343,48242.785
117344,108479.25
117345,50861.52
117346,98570.664
117347,50952.836
117348,119222.43
117349,50593.887
117350,44832.11
117351,93773.4
117352,99499.086
117353,121986.53
117354,111654.086
117355,137877.8
117356,117434.87
117357,112271.34
117358,133015.02
117359,51713.836
117360,134656.75
117361,116039.125
117362,126330.39
117363,128017.09
117364,98597.68
117365,92479.336
117366,129496.39
117367,117618.25
117368,48488.5
117369,43910.348
117370,125362.586
117371,107510.41
117372,121470.91
117373,48903.652
117374,46488.633
117375,120574.67
117376,46412.266
117377,93761.79
117378,135931.14
117379,155018.94
117380,69864.7
117381,105011.12
117382,47256.38
117383,115548.91
117384,49212.15
117385,114453.67
117386,134642.36
117387,44542.582
117388,91622.53
117389,143352.25
117390,80318.414
117391,123108.555
117392,132305.53
117393,48748.22
117394,87914.234
117395,100614.72
117396,105798.016
117397,143589.17
117398,200162.97
117399,56897.66
117400,151423.36
117401,56583.36
117402,123760.57
117403,123733.3
117404,51225.875
117405,102007.12
117406,91790.4
117407,62080.746
117408,45144.566
117409,150567.28
117410,134602.02
117411,113354.49
117412,93910.266
117413,135810.28
117414,51314.406
117415,52315.977
117416,141002.64
117417,78199.68
117418,50142.164
117419,137004.05
117420,111314.48
117421,123925.99
117422,52164.04
117423,146054.17
117424,53472.285
117425,136436.3
117426,130009.08
117427,166644.38
117428,99946.37
117429,106966.77
117430,104035.5
117431,105106.73
117432,31472.996
117433,105377.24
117434,40302.668
117435,87411.93
117436,140138.84
117437,107507.4
117438,50859.074
117439,108055.7
117440,107957.12
117441,107126.99
117442,148092.25
117443,47193.5
117444,123707.33
117445,125830.83
117446,111497.22
117447,107597.83
117448,132314.61
117449,115581.92
117450,170304.06
117451,95907.35
117452,121247.36
117453,94479.48
117454,54618.023
117455,104933.57
117456,133330.92
117457,120134.81
117458,153953.72
117459,91310.81
117460,116902.77
117461,126230.91
117462,51249.4
117463,49061.07
117464,137756.22
117465,47353.984
117466,100125.46
117467,119708.38
117468,46350.61
117469,51316.355
117470,94532.36
117471,159698.05
117472,114115.43
117473,91857.195
117474,143748.52
117475,148564.08
117476,137873.38
117477,114638.71
117478,68961.45
117479,44512.51
117480,141360.08
117481,53779.85
117482,133443.92
117483,150643.98
117484,48225.258
117485,103188.93
117486,49531.297
117487,92318.34
117488,123527.76
117489,98397.14
117490,100556.695
117491,102275.914
117492,54132.58
117493,53741.367
117494,90227.72
117495,45934.867
117496,150850.7
117497,144305.08
117498,51447.43
117499,111090.28
117500,45800.914
117501,109759.93
117502,47936.918
117503,122032.95
117504,149823.77
117505,43865.508
117506,100055.445
117507,88433.93
117508,103916.08
117509,122350.59
117510,47298.793
117511,135808.92
117512,111708.81
117513,126221.72
117514,51630.21
117515,118870.91
117516,143624.66
117517,115404.234
117518,121215.4
117519,108558.6
117520,56003.586
117521,48687.69
117522,43928.453
117523,119605.34
117524,40860.664
117525,132368.19
117526,53783.176
117527,100673.83
117528,130475.67
117529,152214.28
117530,65491.137
117531,69136.8
117532,138421.8
117533,113131.516
117534,137876.22
117535,112123.914
117536,104236.11
117537,51357.08
117538,153283.31
117539,126387.44
117540,148833.73
117541,109332.39
117542,135058.17
117543,101480.29
117544,98278.5
117545,58228.12
117546,99874.18
117547,57030.652
117548,55811.16
117549,44176.117
117550,136228.7
117551,48412.69
117552,118448.17
117553,46818.215
117554,119973.16
117555,173370.62
117556,89225.06
117557,180283.42
117558,46859.504
117559,52922.223
117560,154910.05
117561,175044.1
117562,129478.99
117563,47882.133
117564,115079.66
117565,111568.05
117566,133020.62
117567,50005.613
117568,80041.375
117569,48740.758
117570,110449.36
117571,135299.27
117572,121075.67
117573,100701.8
117574,144798.48
117575,137764.72
117576,115976.734
117577,49140.715
117578,173424.55
117579,45964.58
117580,51403.28
117581,96561.03
117582,114140.25
117583,49236.47
117584,45511.105
117585,121623.7
117586,86606.48
117587,42090.51
117588,95619.484
117589,45844.992
117590,128152.15
117591,47601.1
117592,153968.77
117593,116581.29
117594,49258.26
117595,151497.31
117596,102586.63
117597,45774.586
117598,77837.26
117599,124869.76
117600,117939.26
117601,89502.52
117602,116966.2
117603,93678.24
117604,142096.73
117605,124465.79
117606,103426.61
117607,119008.64
117608,50270.617
117609,146281.19
117610,127091.45
117611,48553.66
117612,87850.19
117613,117298.0
117614,135187.16
117615,116164.016
117616,108382.95
117617,116101.5
117618,88618.94
117619,127125.01
117620,160753.44
117621,115086.414
117622,50990.844
117623,47424.99
117624,133554.33
117625,126516.39
117626,53297.293
117627,119249.086
117628,46737.227
117629,49221.61
117630,109324.48
117631,77187.82
117632,105891.195
117633,124095.164
117634,132859.1
117635,158850.58
117636,108748.38
117637,48449.84
117638,105417.766
117639,112101.12
117640,93008.36
117641,145621.2
117642,46889.97
117643,52810.73
117644,171945.16
117645,56403.16
117646,137356.22
117647,133500.22
117648,47656.93
117649,55174.156
117650,53476.152
117651,180036.38
117652,110616.016
117653,55796.574
117654,145422.38
117655,100375.17
117656,113807.99
117657,54583.008
117658,123860.875
117659,128302.13
117660,156359.56
117661,108965.484
117662,49731.14
117663,56260.387
117664,64817.562
117665,51132.19
117666,116708.07
117667,104210.7
117668,99729.414
117669,112578.62
117670,101790.14
117671,150338.47
117672,110954.78
117673,46277.695
117674,85616.3
117675,50355.64
117676,100717.08
117677,98745.78
117678,48747.746
117679,135132.72
117680,51440.52
117681,43770.977
117682,68910.58
117683,46041.85
117684,130454.21
117685,95799.555
117686,48725.2
117687,131192.19
117688,135424.39
117689,135242.31
117690,49136.258
117691,128270.04
117692,121014.9
117693,108939.484
117694,100014.23
117695,119587.805
117696,96606.15
117697,52494.77
117698,166083.67
117699,115812.03
117700,102233.97
117701,114140.32
117702,142212.77
117703,44773.965
117704,106928.16
117705,121220.82
117706,85045.48
117707,130276.35
117708,139447.83
117709,106992.49
117710,61523.25
117711,132949.38
117712,127856.48
117713,62386.812
117714,115326.09
117715,153026.03
117716,45319.367
117717,115696.914
117718,133361.6
117719,47821.76
117720,48188.34
117721,107230.67
117722,47585.293
117723,101305.17
117724,113358.08
117725,113823.695
117726,44972.797
117727,50450.22
117728,49842.938
117729,121465.84
117730,50986.758
117731,139846.48
117732,150587.97
117733,128156.99
117734,101531.05
117735,55176.92
117736,52155.156
117737,111997.9
117738,152268.08
117739,130981.17
117740,135014.69
117741,120854.15
117742,52543.86
117743,44344.945
117744,110165.586
117745,117492.59
117746,133268.81
117747,44824.094
117748,45832.316
117749,136324.62
117750,54642.82
117751,81520.04
117752,123929.05
117753,56548.766
117754,41728.613
117755,53262.76
117756,120212.04
117757,108111.39
117758,51575.824
117759,49890.46
117760,98640.22
117761,143822.55
117762,119920.164
117763,97326.65
117764,106718.484
117765,109041.74
117766,49477.746
117767,146844.64
117768,126513.18
117769,149303.06
117770,121687.56
117771,47428.227
117772,93403.805
117773,87063.9
117774,71608.25
117775,48116.008
117776,114181.94
117777,69868.125
117778,154281.88
117779,47764.918
117780,112782.695
117781,108232.766
117782,51639.484
117783,88893.336
117784,158801.31
117785,50988.53
117786,46012.766
117787,45854.047
117788,120553.45
117789,55905.727
117790,116423.33
117791,143239.7
117792,51902.934
117793,46487.2
117794,108484.84
117795,44031.527
117796,92237.516
117797,44770.63
117798,51080.15
117799,139351.95
117800,47652.098
117801,114640.45
117802,99811.31
117803,137284.89
117804,105187.37
117805,51156.797
117806,102765.3
117807,127557.43
117808,58949.234
117809,47346.652
117810,150240.42
117811,127884.03
117812,119602.68
117813,127857.805
117814,106850.12
117815,164059.0
117816,92348.0
117817,112074.805
117818,113002.6
117819,128322.21
117820,114370.625
117821,165150.98
117822,100964.02
117823,155464.45
117824,108418.71
117825,143061.33
117826,87839.34
117827,52414.145
117828,118811.93
117829,174245.4
117830,88818.55
117831,142494.56
117832,133132.92
117833,157053.1
117834,95722.32
117835,127366.445
117836,55873.125
117837,47368.24
117838,138636.06
117839,126968.44
117840,120134.28
117841,53389.605
117842,83236.03
117843,59150.81
117844,121434.64
117845,95709.05
117846,62902.586
117847,101201.48
117848,138986.61
117849,124851.77
117850,135397.7
117851,43362.066
117852,104625.836
117853,100067.77
117854,116891.16
117855,130640.5
117856,41555.598
117857,75341.53
117858,41758.645
117859,156718.28
117860,50266.312
117861,118094.17
117862,59705.902
117863,54830.867
117864,123872.93
117865,42965.094
117866,87069.4
117867,109347.914
117868,114211.164
117869,106313.125
117870,59329.797
117871,90314.234
117872,101628.1
117873,86594.875
117874,99105.57
117875,138807.31
117876,50908.176
117877,79880.03
117878,119806.445
117879,50682.67
117880,84911.47
117881,136852.33
117882,132229.95
117883,114285.73
117884,87309.36
117885,62211.67
117886,141550.22
117887,107985.23
117888,44188.387
117889,68643.625
117890,48566.566
117891,137830.94
117892,113729.02
117893,56932.35
117894,105061.14
117895,133674.92
117896,85589.57
117897,125258.06
117898,49265.99
117899,54176.65
117900,94557.78
117901,52200.742
117902,98117.875
117903,80589.79
117904,168647.73
117905,95175.03
117906,144500.52
117907,129023.87
117908,46858.945
117909,105612.21
117910,90046.34
117911,133567.97
117912,77243.67
117913,108432.07
117914,105080.6
117915,48773.594
117916,51243.42
117917,40655.668
117918,50773.316
117919,44385.86
117920,98761.74
117921,124412.72
117922,202939.16
117923,137981.47
117924,48508.703
117925,110116.914
117926,48293.484
117927,116163.86
117928,132513.42
117929,54418.562
117930,116151.234
117931,113801.03
117932,45561.6
117933,110751.48
117934,52138.617
117935,122748.04
117936,203391.64
117937,51578.28
117938,138286.61
117939,136032.9
117940,76013.016
117941,50759.426
117942,118666.62
117943,123011.06
117944,106208.55
117945,134680.11
117946,89369.766
117947,124852.23
117948,82670.914
117949,135282.27
117950,47024.0
117951,43770.645
117952,45053.133
117953,106046.5
117954,123182.76
117955,45308.01
117956,151840.4
117957,131161.86
117958,49478.324
117959,98514.445
117960,104462.19
117961,110480.62
117962,126632.445
117963,76409.15
117964,115292.37
117965,46010.36
117966,125664.53
117967,95020.59
117968,120305.78
117969,98952.95
117970,54295.438
117971,115706.6
117972,85901.2
117973,65812.34
117974,55449.367
117975,118905.836
117976,45226.973
117977,89357.68
117978,120851.49
117979,51775.996
117980,148484.25
117981,103371.26
117982,87867.875
117983,132472.77
117984,50874.07
117985,94218.02
117986,120432.41
117987,101148.07
117988,52299.777
117989,44520.38
117990,95523.29
117991,142140.8
117992,47244.242
117993,145858.66
117994,58130.633
117995,119317.734
117996,56856.133
117997,97559.74
117998,96848.47
117999,97898.71
118000,54670.523
118001,53874.89
118002,50970.25
118003,108316.914
118004,45707.043
118005,47393.145
118006,95187.54
118007,133524.38
118008,43898.47
118009,106425.52
118010,111794.69
118011,128652.375
118012,107502.914
118013,55916.004
118014,163506.03
118015,50377.934
118016,105054.34
118017,125660.445
118018,120392.164
118019,46203.926
118020,49947.164
118021,56646.08
118022,47516.18
118023,120899.78
118024,73203.49
118025,51442.57
118026,135584.2
118027,106882.58
118028,104087.67
118029,89818.78
118030,121096.3
118031,114679.33
118032,108590.85
118033,116313.18
118034,96620.82
118035,121752.91
118036,46886.918
118037,161810.53
118038,128562.21
118039,100194.3
118040,137701.86
118041,100145.57
118042,123871.16
118043,161637.3
118044,114884.945
118045,119783.49
118046,128214.68
118047,54507.793
118048,101442.03
118049,115169.766
118050,53822.742
118051,107789.88
118052,109742.664
118053,131560.88
118054,56171.816
118055,126320.01
118056,138996.52
118057,196135.45
118058,122755.88
118059,96570.76
118060,61842.77
118061,131413.36
118062,44702.93
118063,100816.95
118064,150674.44
118065,141749.42
118066,57411.453
118067,49140.715
118068,44943.473
118069,129068.195
118070,97298.29
118071,46517.668
118072,47535.402
118073,139615.97
118074,53925.61
118075,45302.086
118076,118563.21
118077,108026.125
118078,120669.33
118079,133773.02
118080,129821.3
118081,92492.13
118082,51221.453
118083,96316.25
118084,155544.62
118085,171752.42
118086,186448.19
118087,148418.28
118088,163279.38
118089,143203.8
118090,47368.24
118091,41979.004
118092,100619.85
118093,157564.4
118094,98874.195
118095,47159.168
118096,47904.46
118097,157437.31
118098,60412.844
118099,103424.97
118100,148477.62
118101,119279.85
118102,133429.16
118103,119480.58
118104,62511.957
118105,116169.12
118106,125797.96
118107,56339.24
118108,47409.39
118109,63141.184
118110,138679.31
118111,133796.98
118112,131349.45
118113,119732.336
118114,43660.746
118115,111634.78
118116,48560.05
118117,101168.24
118118,41758.645
118119,50838.9
118120,98739.02
118121,96836.586
118122,183168.58
118123,117490.44
118124,120731.01
118125,52841.793
118126,100694.82
118127,58940.89
118128,103144.76
118129,150901.81
118130,105897.56
118131,141433.64
118132,47567.016
118133,41033.914
118134,166648.14
118135,88918.24
118136,115204.11
118137,128254.445
118138,113131.37
118139,56086.758
118140,44120.55
118141,133156.34
118142,100624.16
118143,150250.36
118144,51208.46
118145,156366.14
118146,108575.74
118147,55466.74
118148,48451.47
118149,126614.03
118150,51602.523
118151,121685.45
118152,46910.684
118153,110424.5
118154,116350.79
118155,125359.76
118156,127276.52
118157,56079.074
118158,170192.75
118159,131588.36
118160,113833.33
118161,53252.793
118162,110910.54
118163,69942.03
118164,122567.04
118165,135010.92
118166,106328.375
118167,106328.375
118168,145844.0
118169,123615.96
118170,47368.24
118171,115021.75
118172,108568.47
118173,107522.21
118174,49744.055
118175,86560.18
118176,114113.234
118177,111244.39
118178,46638.03
118179,110970.695
118180,51906.18
118181,59647.19
118182,52354.863
118183,52550.617
118184,45650.562
118185,133636.1
118186,155732.89
118187,105532.0
118188,115406.84
118189,57248.184
118190,121420.555
118191,52438.156
118192,127261.875
118193,49438.89
118194,45382.414
118195,47615.23
118196,144164.81
118197,51739.848
118198,188372.16
118199,88198.12
118200,121325.38
118201,134065.86
118202,113703.5
118203,47705.695
118204,130848.93
118205,132235.7
118206,109125.92
118207,88332.4
118208,51350.098
118209,117912.28
118210,111436.2
118211,128954.055
118212,51550.58
118213,98242.85
118214,90000.984
118215,110829.25
118216,143266.67
118217,45942.86
118218,45264.84
118219,175288.84
118220,126862.99
118221,113061.36
118222,47076.984
118223,130289.89
118224,175346.64
118225,111420.74
118226,120538.37
118227,49294.27
118228,123432.37
118229,112278.25
118230,49510.934
118231,45565.863
118232,54468.926
118233,53363.97
118234,101665.1
118235,45935.516
118236,60365.316
118237,133146.64
118238,54654.305
118239,53788.082
118240,107846.2
118241,127584.61
118242,119898.84
118243,149364.95
118244,46103.293
118245,53182.504
118246,187744.1
118247,53837.7
118248,50591.18
118249,111319.016
118250,95662.15
118251,146587.11
118252,93411.28
118253,84828.89
118254,117994.516
118255,143108.08
118256,108652.81
118257,46510.05
118258,137960.84
118259,58260.62
118260,47159.94
118261,58424.3
118262,48561.18
118263,47163.227
118264,119372.15
118265,147046.7
118266,54046.742
118267,164532.86
118268,46615.43
118269,52969.395
118270,129996.29
118271,57301.63
118272,48511.04
118273,114542.68
118274,133343.7
118275,47912.535
118276,45026.082
118277,45245.613
118278,98262.28
118279,138856.72
118280,46752.52
118281,101803.3
118282,46429.18
118283,152863.86
118284,53390.27
118285,94895.445
118286,127738.12
118287,42903.684
118288,138578.45
118289,128588.805
118290,56210.7
118291,53313.098
118292,99989.77
118293,109542.164
118294,125709.65
118295,113231.766
118296,132566.94
118297,131626.08
118298,49528.02
118299,129585.71
118300,122643.31
118301,108276.414
118302,47900.168
118303,54072.938
118304,131350.34
118305,48300.63
118306,106967.62
118307,46212.844
118308,144384.16
118309,98925.055
118310,156832.38
118311,46305.34
118312,102008.24
118313,50092.03
118314,49209.16
118315,53274.816
118316,154942.78
118317,78490.79
118318,84281.22
118319,122829.84
118320,167977.11
118321,130001.41
118322,53458.605
118323,135164.17
118324,44331.883
118325,86481.21
118326,122340.77
118327,111241.49
118328,50662.324
118329,96505.45
118330,132395.97
118331,117518.58
118332,91013.44
118333,47613.684
118334,48628.58
118335,47257.293
118336,161707.31
118337,129764.6
118338,94111.055
118339,107786.67
118340,149455.9
118341,141743.55
118342,142306.14
118343,53594.535
118344,110029.4
118345,60992.19
118346,131710.33
118347,128303.64
118348,168523.03
118349,85136.36
118350,42812.133
118351,38617.36
118352,144412.69
118353,114468.18
118354,179909.77
118355,80087.74
118356,121986.53
118357,85710.445
118358,135231.19
118359,57832.363
118360,112831.08
118361,43568.797
118362,56496.406
118363,101850.28
118364,46316.242
118365,121078.945
118366,104315.45
118367,123710.74
118368,105863.93
118369,93498.555
118370,123311.33
118371,131174.7
118372,125675.53
118373,143120.5
118374,104751.86
118375,53145.754
118376,49516.547
118377,106870.68
118378,51373.445
118379,133409.56
118380,135257.12
118381,116594.6
118382,99851.98
118383,152506.55
118384,124498.42
118385,140508.66
118386,129556.29
118387,47878.336
118388,138570.36
118389,65180.465
118390,125524.77
118391,56389.324
118392,105834.35
118393,98796.74
118394,128420.28
118395,141726.83
118396,135782.95
118397,151862.16
118398,125396.9
118399,129091.34
118400,102451.76
118401,52466.598
118402,85775.695
118403,79321.41
118404,111093.25
118405,117772.86
118406,111367.49
118407,139804.2
118408,52383.984
118409,104670.43
118410,139202.6
118411,140176.23
118412,116408.45
118413,49867.195
118414,128008.4
118415,190325.14
118416,112188.445
118417,101160.39
118418,45681.336
118419,151905.81
118420,86938.12
118421,152917.95
118422,144245.17
118423,52113.77
118424,88157.94
118425,117688.016
118426,146861.28
118427,51688.332
118428,46308.008
118429,106718.484
118430,113537.875
118431,153861.83
118432,50390.83
118433,51922.277
118434,44277.613
118435,56421.17
118436,44614.223
118437,138445.23
118438,105278.37
118439,119945.35
118440,143258.6
118441,130463.55
118442,89736.125
118443,87508.836
118444,52546.355
118445,48899.082
118446,47052.707
118447,109552.79
118448,47840.89
118449,152467.06
118450,45678.64
118451,52175.734
118452,97843.984
118453,48257.727
118454,55080.535
118455,119651.445
118456,123185.81
118457,112428.055
118458,47440.645
118459,107969.87
118460,136538.92
118461,123827.81
118462,55206.363
118463,54375.48
118464,45588.4
118465,111175.55
118466,103095.83
118467,52618.83
118468,137329.06
118469,123123.625
118470,141313.06
118471,52093.047
118472,51512.504
118473,48942.75
118474,46874.582
118475,113313.31
118476,129304.16
118477,77553.555
118478,109153.63
118479,115334.31
118480,142867.75
118481,49692.477
118482,46125.156
118483,131760.06
118484,123539.85
118485,127519.66
118486,119650.6
118487,42121.76
118488,128025.65
118489,46304.684
118490,49790.176
118491,49688.21
118492,58333.44
118493,139256.2
118494,92701.34
118495,92519.69
118496,47020.895
118497,121212.016
118498,151771.8
118499,54571.434
118500,47522.016
118501,133129.53
118502,142278.31
118503,57151.39
118504,134528.33
118505,52880.145
118506,114204.0
118507,111284.88
118508,121233.14
118509,133450.84
118510,111633.01
118511,129166.414
118512,124801.445
118513,45037.28
118514,126737.03
118515,88764.914
118516,145213.03
118517,111095.21
118518,114507.91
118519,55397.684
118520,126483.57
118521,107144.805
118522,48584.54
118523,46154.137
118524,171153.56
118525,76770.75
118526,132112.61
118527,100308.0
118528,44094.11
118529,49427.87
118530,125518.79
118531,74084.94
118532,108796.51
118533,49814.414
118534,97274.71
118535,141643.22
118536,117966.95
118537,128928.234
118538,48604.36
118539,119899.76
118540,48884.266
118541,142385.83
118542,162244.7
118543,86271.79
118544,91890.64
118545,106022.51
118546,100835.46
118547,138289.9
118548,126291.555
118549,48291.41
118550,46073.887
118551,51760.293
118552,84239.46
118553,131864.72
118554,137002.98
118555,118960.92
118556,105953.31
118557,132875.77
118558,103594.64
118559,129432.97
118560,125745.6
118561,125255.94
118562,90731.13
118563,116237.55
118564,45317.637
118565,107514.95
118566,101286.89
118567,113575.06
118568,118131.39
118569,157948.14
118570,109310.59
118571,47266.582
118572,108144.37
118573,155882.5
118574,103138.82
118575,47765.625
118576,51586.777
118577,124190.03
118578,47593.715
118579,115293.91
118580,50550.297
118581,58573.477
118582,49590.543
118583,110248.22
118584,125825.57
118585,119402.414
118586,115482.24
118587,107885.06
118588,130708.3
118589,130005.21
118590,70186.805
118591,137229.83
118592,126322.92
118593,93343.22
118594,111665.47
118595,95470.39
118596,114244.95
118597,124107.13
118598,52236.85
118599,128974.45
118600,150488.11
118601,120064.93
118602,110638.02
118603,85710.445
118604,149777.0
118605,54093.74
118606,98640.445
118607,50422.723
118608,89955.836
118609,107129.47
118610,102681.17
118611,47971.39
118612,132401.89
118613,126123.5
118614,49706.758
118615,46098.902
118616,98935.27
118617,83282.61
118618,95455.57
118619,50615.555
118620,111391.38
118621,47862.656
118622,91451.85
118623,138915.72
118624,108378.87
118625,114558.42
118626,141062.14
118627,49504.477
118628,51134.52
118629,198699.7
118630,108604.35
118631,133695.45
118632,132013.4
118633,107809.52
118634,111191.02
118635,47092.5
118636,127957.39
118637,47194.22
118638,57711.234
118639,48379.402
118640,142719.81
118641,107055.42
118642,62242.5
118643,94986.16
118644,165813.34
118645,122805.484
118646,91006.44
118647,101539.92
118648,106055.984
118649,107545.06
118650,144827.03
118651,42537.664
118652,98722.93
118653,130400.35
118654,129738.78
118655,111345.39
118656,96692.47
118657,45587.71
118658,57309.99
118659,113446.81
118660,108528.59
118661,152840.31
118662,130916.98
118663,125253.92
118664,112809.46
118665,46101.54
118666,123372.62
118667,111791.305
118668,128951.96
118669,119738.016
118670,44720.94
118671,106219.77
118672,119876.21
118673,104160.016
118674,110421.36
118675,81670.14
118676,45679.594
118677,114047.43
118678,110378.98
118679,114556.79
118680,55802.62
118681,149370.95
118682,122009.19
118683,129422.86
118684,119456.875
118685,49818.49
118686,136426.75
118687,124500.125
118688,98720.1
118689,128447.76
118690,43510.832
118691,121233.14
118692,130678.17
118693,99928.58
118694,48449.254
118695,103747.38
118696,144235.45
118697,119462.15
118698,56072.285
118699,94041.97
118700,50026.45
118701,96836.586
118702,134602.62
118703,46349.645
118704,62463.99
118705,94218.02
118706,48101.164
118707,55239.09
118708,54972.684
118709,165150.98
118710,49504.477
118711,157628.81
118712,118415.08
118713,53764.434
118714,121941.016
118715,123187.18
118716,52126.88
118717,115309.125
118718,121019.164
118719,112317.99
118720,158412.1
118721,134890.05
118722,125426.37
118723,49936.477
118724,108387.734
118725,116610.81
118726,138109.14
118727,119324.49
118728,49835.32
118729,128807.45
118730,113900.5
118731,46501.867
118732,102511.15
118733,46818.215
118734,111289.42
118735,128889.94
118736,47035.195
118737,49972.86
118738,91451.85
118739,45565.863
118740,93226.555
118741,46769.945
118742,139625.62
118743,120405.61
118744,60983.94
118745,56833.508
118746,120889.1
118747,118871.375
118748,46505.277
118749,133431.08
118750,51042.566
118751,84082.82
118752,98874.195
118753,107816.22
118754,92879.0
118755,59199.555
118756,131787.28
118757,51111.848
118758,52073.586
118759,106766.805
118760,49825.98
118761,151653.45
118762,132751.75
118763,50326.71
118764,176551.44
118765,96610.32
118766,123955.71
118767,46099.36
118768,107356.97
118769,132066.1
118770,43825.707
118771,73630.57
118772,47228.715
118773,129478.766
118774,160000.33
118775,118319.195
118776,140937.31
118777,117460.02
118778,99658.03
118779,133423.19
118780,48175.12
118781,135039.28
118782,61153.105
118783,105559.33
118784,48283.805
118785,142809.38
118786,142406.66
118787,54604.996
118788,146937.42
118789,134229.72
118790,140799.83
118791,58899.96
118792,133663.52
118793,56199.785
118794,53593.41
118795,46841.074
118796,136722.36
118797,51796.043
118798,47762.055
118799,141258.31
118800,114507.52
118801,123036.766
118802,162724.16
118803,98516.52
118804,42257.746
118805,126552.875
118806,122831.73
118807,92133.914
118808,46818.215
118809,126476.266
118810,140102.47
118811,119186.16
118812,48917.637
118813,109671.86
118814,167964.02
118815,121070.93
118816,52976.457
118817,129097.625
118818,53554.645
118819,128881.68
118820,102532.37
118821,108995.445
118822,138644.08
118823,51755.137
118824,49295.027
118825,51804.426
118826,37476.758
118827,93756.92
118828,49335.44
118829,116618.69
118830,59874.47
118831,125605.9
118832,80315.92
118833,53777.426
118834,104080.164
118835,56634.285
118836,46251.496
118837,98383.766
118838,109794.05
118839,125283.16
118840,52399.97
118841,99045.43
118842,140143.39
118843,133065.69
118844,55264.074
118845,43768.34
118846,108889.086
118847,106419.65
118848,109505.68
118849,92273.664
118850,109487.81
118851,56297.613
118852,61928.66
118853,49133.945
118854,132458.95
118855,49717.258
118856,99946.37
118857,98098.164
118858,102285.695
118859,48333.47
118860,178821.42
118861,49590.543
118862,51439.008
118863,89757.28
118864,121342.89
118865,134309.94
118866,166244.97
118867,44885.945
118868,104743.95
118869,142184.72
118870,99128.586
118871,107553.37
118872,124230.81
118873,50206.03
118874,120920.82
118875,106095.42
118876,84618.07
118877,118338.945
118878,47742.723
118879,104826.61
118880,94967.26
118881,110046.67
118882,45031.0
118883,53649.387
118884,133088.73
118885,89506.625
118886,147710.38
118887,109015.81
118888,49148.266
118889,87207.33
118890,94302.46
118891,130681.04
118892,54483.33
118893,111810.95
118894,50333.207
118895,118106.305
118896,109070.17
118897,115655.18
118898,42511.74
118899,108857.08
118900,124051.36
118901,102034.74
118902,50774.34
118903,116346.195
118904,128823.664
118905,104711.99
118906,43359.492
118907,90927.32
118908,109046.17
118909,80508.016
118910,135131.52
118911,81237.25
118912,153495.34
118913,138593.6
118914,118826.71
118915,89127.58
118916,128792.66
118917,57033.55
118918,107778.88
118919,101298.78
118920,135654.1
118921,50638.473
118922,147741.52
118923,116537.664
118924,45748.867
118925,127249.88
118926,133166.98
118927,119592.97
118928,111375.22
118929,45818.836
118930,171730.89
118931,132064.56
118932,93971.36
118933,110794.41
118934,49200.574
118935,114590.39
118936,46277.17
118937,135930.81
118938,105941.086
118939,118622.445
118940,138747.4
118941,52479.453
118942,114542.07
118943,49389.496
118944,130252.16
118945,113270.414
118946,46878.254
118947,43642.184
118948,121989.08
118949,115519.53
118950,93580.625
118951,116638.695
118952,95112.96
118953,47067.945
118954,102643.83
118955,57141.31
118956,122789.65
118957,48588.023
118958,103499.76
118959,48284.973
118960,47057.684
118961,121559.164
118962,59775.53
118963,94316.52
118964,123361.63
118965,124636.914
118966,125923.516
118967,119356.016
118968,109496.57
118969,98371.15
118970,113552.016
118971,93454.414
118972,112090.68
118973,134033.08
118974,109239.72
118975,94647.59
118976,44655.793
118977,50410.254
118978,99895.69
118979,106325.33
118980,120029.66
118981,48015.5
118982,85710.445
118983,151394.86
118984,116363.805
118985,131154.9
118986,108463.54
118987,46532.242
118988,149303.22
118989,106740.9
118990,84535.66
118991,135392.23
118992,123536.01
118993,135040.9
118994,96130.625
118995,110003.98
118996,44981.43
118997,59438.07
118998,107568.68
118999,47038.973
119000,128988.48
119001,51020.14
119002,110013.84
119003,127765.9
119004,123957.92
119005,98770.92
119006,194401.22
119007,121332.39
119008,62035.637
119009,45838.27
119010,117271.22
119011,124184.42
119012,50955.426
119013,99322.6
119014,111786.27
119015,166023.16
119016,97576.22
119017,102321.195
119018,151594.81
119019,51104.402
119020,115354.58
119021,99406.9
119022,48632.87
119023,53067.695
119024,116745.95
119025,120866.99
119026,118725.79
119027,42788.32
119028,50118.68
119029,108127.02
119030,110675.875
119031,44975.36
119032,110797.08
119033,55605.223
119034,82473.15
119035,51289.07
119036,141945.66
119037,159497.38
119038,113301.89
119039,127361.08
119040,129337.21
119041,148201.34
119042,123970.52
119043,154318.0
119044,128278.734
119045,120375.76
119046,109125.87
119047,42742.727
119048,50734.33
119049,109805.234
119050,90000.984
119051,88202.48
119052,47300.12
119053,126480.66
119054,109539.55
119055,50213.766
119056,98269.7
119057,46567.906
119058,49514.57
119059,111420.74
119060,49250.92
119061,104794.92
119062,51374.88
119063,133288.11
119064,45007.29
119065,117087.04
119066,125800.664
119067,48262.324
119068,127450.67
119069,140831.0
119070,151172.22
119071,48795.188
119072,129116.37
119073,51197.07
119074,110901.74
119075,103599.516
119076,49730.113
119077,116559.625
119078,133755.75
119079,109596.67
119080,157946.69
119081,121764.03
119082,115624.55
119083,108309.08
119084,122273.74
119085,116734.53
119086,117550.055
119087,90920.17
119088,51446.324
119089,54593.92
119090,88962.734
119091,129526.23
119092,54254.45
119093,68110.62
119094,43976.37
119095,134671.4
119096,101071.04
119097,50882.863
119098,95928.805
119099,88291.484
119100,114693.83
119101,124692.59
119102,109397.02
119103,46015.074
119104,117771.46
119105,152295.55
119106,47705.695
119107,57075.49
119108,49900.465
119109,215457.02
119110,101797.75
119111,137199.77
119112,130450.86
119113,125584.97
119114,100987.34
119115,126783.66
119116,119257.51
119117,116296.766
119118,128655.86
119119,47904.46
119120,133472.03
119121,45603.055
119122,47235.805
119123,158412.95
119124,47619.887
119125,49458.043
119126,132053.78
119127,121372.4
119128,117125.01
119129,84806.99
119130,93654.17
119131,158863.8
119132,97538.96
119133,99667.07
119134,153743.55
119135,121963.46
119136,126706.23
119137,51281.594
119138,120656.805
119139,119852.29
119140,47211.84
119141,99686.22
119142,129347.58
119143,140211.25
119144,146462.9
119145,101413.555
119146,122735.695
119147,44734.977
119148,149639.88
119149,41389.254
119150,135764.52
119151,141695.33
119152,115165.42
119153,56767.44
119154,125874.78
119155,125295.414
119156,116711.6
119157,128442.12
119158,127729.43
119159,45784.805
119160,102935.42
119161,140739.45
119162,46327.195
119163,52379.203
119164,58506.707
119165,128300.96
119166,115086.89
119167,126611.336
119168,66566.04
119169,120845.67
119170,54847.098
119171,141320.72
119172,52004.363
119173,130739.086
119174,101137.24
119175,49603.668
119176,50808.64
119177,136656.81
119178,152508.11
119179,122890.0
119180,50066.734
119181,82324.766
119182,51228.543
119183,93198.414
119184,44946.004
119185,50504.613
119186,164512.19
119187,107761.36
119188,49797.023
119189,143902.1
119190,154149.31
119191,85136.36
119192,127210.21
119193,134009.02
119194,49590.543
119195,47734.527
119196,150208.8
119197,143666.45
119198,119087.87
119199,48703.656
119200,144187.14
119201,172903.89
119202,48116.008
119203,127209.56
119204,134179.92
119205,136052.03
119206,56442.92
119207,123624.95
119208,49439.93
119209,87390.51
119210,49018.55
119211,143331.73
119212,104603.98
119213,101237.516
119214,134453.8
119215,178095.1
119216,143203.5
119217,109404.57
119218,47683.14
119219,51509.414
119220,140279.62
119221,119737.29
119222,47298.793
119223,82788.98
119224,56440.625
119225,54989.363
119226,90326.34
119227,126779.7
119228,149006.9
119229,117724.16
119230,47824.41
119231,94373.3
119232,131059.67
119233,59456.598
119234,113154.9
119235,104540.37
119236,115256.14
119237,121535.3
119238,167125.17
119239,104661.22
119240,58257.703
119241,103235.13
119242,83798.41
119243,136233.42
119244,118672.55
119245,128895.66
119246,117516.23
119247,102936.19
119248,119981.76
119249,113193.055
119250,56387.914
119251,79647.15
119252,48651.707
119253,126483.234
119254,126086.01
119255,96745.734
119256,133860.1
119257,46998.42
119258,72639.82
119259,105707.875
119260,107484.89
119261,108682.63
119262,136252.3
119263,46668.105
119264,134764.48
119265,113964.18
119266,48196.426
119267,101734.21
119268,88852.15
119269,157106.6
119270,50260.836
119271,110148.29
119272,46305.34
119273,153609.97
119274,99735.16
119275,42643.168
119276,121869.625
119277,141027.36
119278,87136.59
119279,108111.39
119280,127025.945
119281,61569.63
119282,91546.914
119283,117570.88
119284,151822.38
119285,136904.86
119286,112722.19
119287,30662.4
119288,138528.95
119289,46522.99
119290,51617.24
119291,123559.33
119292,134032.94
119293,47393.84
119294,47638.723
119295,149455.84
119296,106404.01
119297,113624.35
119298,129206.516
119299,149757.52
119300,120534.15
119301,56080.55
119302,120784.195
119303,121352.78
119304,48559.28
119305,111420.74
119306,44139.277
119307,126665.44
119308,91839.64
119309,125114.53
119310,47705.695
119311,135272.39
119312,123088.28
119313,50871.074
119314,124191.664
119315,160143.28
119316,50860.438
119317,47352.938
119318,57266.227
119319,48983.37
119320,126836.02
119321,48615.14
119322,141540.23
119323,45936.54
119324,51610.316
119325,102732.39
119326,102122.3
119327,173346.23
119328,130153.555
119329,123342.04
119330,134752.7
119331,50534.766
119332,109972.336
119333,149216.42
119334,106315.25
119335,91658.85
119336,51176.688
119337,41025.164
119338,49933.41
119339,107270.5
119340,126572.88
119341,96814.59
119342,106694.19
119343,86690.95
119344,129941.21
119345,91338.87
119346,48091.37
119347,47810.055
119348,123403.67
119349,148671.52
119350,120667.14
119351,74136.35
119352,104814.234
119353,105481.28
119354,42549.75
119355,133796.95
119356,150930.22
119357,101539.92
119358,124984.9
119359,166522.36
119360,127752.76
119361,123497.766
119362,126618.46
119363,47063.73
119364,130937.15
119365,201992.16
119366,43370.97
119367,86938.12
119368,123725.24
119369,100102.61
119370,119184.11
119371,126958.055
119372,50392.465
119373,94769.76
119374,42737.01
119375,132857.77
119376,113832.99
119377,107490.62
119378,56312.605
119379,55973.188
119380,115972.4
119381,146283.34
119382,113659.805
119383,48584.54
119384,109546.586
119385,79204.484
119386,105002.37
119387,147634.9
119388,49678.242
119389,94167.05
119390,134550.62
119391,99406.53
119392,54480.01
119393,105721.8
119394,53751.273
119395,45542.07
119396,48520.59
119397,165873.7
119398,50007.59
119399,50892.03
119400,109449.516
119401,127082.86
119402,101218.18
119403,93609.02
119404,91310.81
119405,45490.277
119406,120763.25
119407,97358.75
119408,39957.984
119409,103844.81
119410,139124.48
119411,45988.598
119412,93738.14
119413,51047.6
119414,54326.207
119415,86008.336
119416,116705.59
119417,50377.934
119418,38423.582
119419,162130.08
119420,142878.3
119421,140651.56
119422,52110.965
119423,102491.9
119424,107064.016
119425,123269.0
119426,135186.94
119427,141362.78
119428,49490.227
119429,122781.61
119430,50755.945
119431,49347.676
119432,56641.31
119433,46462.16
119434,98957.586
119435,102146.516
119436,48011.402
119437,54338.816
119438,124960.06
119439,180422.02
119440,87083.94
119441,97270.26
119442,83781.914
119443,112153.375
119444,51546.52
119445,48532.03
119446,165227.33
119447,55676.348
119448,131498.95
119449,49844.79
119450,50355.395
119451,53041.777
119452,82618.35
119453,45851.426
119454,91310.81
119455,124226.04
119456,50891.484
119457,46765.84
119458,104906.37
119459,122342.81
119460,46913.56
119461,155909.98
119462,142441.9
119463,50906.605
119464,106425.52
119465,138704.23
119466,113412.94
119467,44931.78
119468,124496.16
119469,128694.336
119470,126889.61
119471,122391.555
119472,114300.875
119473,120824.195
119474,52751.543
119475,105127.51
119476,117721.65
119477,161903.73
119478,111782.73
119479,141292.47
119480,51914.92
119481,71386.71
119482,46280.42
119483,120524.99
119484,54788.64
119485,112169.91
119486,103868.94
119487,110988.78
119488,121529.88
119489,144538.14
119490,113974.52
119491,58268.41
119492,50377.934
119493,119966.82
119494,45482.293
119495,96570.76
119496,109857.8
119497,167317.0
119498,118050.53
119499,88875.67
119500,90341.555
119501,110710.71
119502,142978.9
119503,49992.89
119504,150388.16
119505,121207.82
119506,50506.797
119507,60393.535
119508,45313.312
119509,160297.61
119510,62207.836
119511,50287.176
119512,107391.914
119513,55597.73
119514,118046.98
119515,91619.49
119516,170146.45
119517,87975.71
119518,106196.15
119519,164515.62
119520,112352.94
119521,133806.27
119522,81440.79
119523,123530.75
119524,56771.16
119525,64604.688
119526,149904.23
119527,53597.566
119528,53816.676
119529,149964.39
119530,118968.65
119531,61345.945
119532,96505.45
119533,49507.06
119534,132025.77
119535,99205.67
119536,147305.88
119537,110417.96
119538,129041.23
119539,127894.27
119540,130755.53
119541,101144.43
119542,122073.73
119543,52981.574
119544,113409.71
119545,110151.125
119546,113826.76
119547,244343.92
119548,118609.05
119549,43154.582
119550,112000.27
119551,96109.73
119552,89869.234
119553,181646.97
119554,46857.363
119555,129446.555
119556,152407.17
119557,53100.85
119558,161879.7
119559,99949.695
119560,138539.25
119561,42787.395
119562,52424.03
119563,47409.844
119564,50197.234
119565,52110.363
119566,52684.812
119567,146462.9
119568,50811.234
119569,138753.5
119570,108503.4
119571,108027.336
119572,47921.96
119573,118503.38
119574,46103.176
119575,132860.89
119576,110106.26
119577,50717.82
119578,98742.35
119579,152757.6
119580,162003.8
119581,103030.5
119582,46213.168
119583,44832.11
119584,54931.29
119585,115147.13
119586,87011.06
119587,52898.46
119588,91468.93
119589,103700.88
119590,120686.01
119591,122761.414
119592,177087.45
119593,125647.77
119594,111379.43
119595,41920.14
119596,120598.55
119597,48353.867
119598,135287.42
119599,120550.586
119600,98568.59
119601,134174.2
119602,153970.36
119603,118788.64
119604,106180.19
119605,131674.56
119606,125043.336
119607,47111.39
119608,127554.02
119609,117141.45
119610,85438.26
119611,137213.52
119612,48266.0
119613,48896.223
119614,49260.973
119615,115353.05
119616,168314.31
119617,44565.45
119618,115792.555
119619,47733.973
119620,126552.18
119621,43949.812
119622,107504.46
119623,154947.14
119624,175445.02
119625,118942.336
119626,58253.727
119627,114456.79
119628,54972.16
119629,149550.9
119630,124193.57
119631,128543.51
119632,47574.754
119633,99512.92
119634,112410.33
119635,152180.62
119636,133871.48
119637,124945.64
119638,47564.562
119639,122338.08
119640,47393.84
119641,111705.05
119642,68961.45
119643,102281.04
119644,125383.305
119645,144309.27
119646,52111.28
119647,60132.74
119648,106118.81
119649,141106.97
119650,47793.99
119651,118524.39
119652,105330.14
119653,118890.375
119654,162202.42
119655,145467.66
119656,44913.887
119657,43804.723
119658,128897.86
119659,48811.137
119660,87430.25
119661,131522.12
119662,98633.18
119663,172493.36
119664,97377.62
119665,48574.527
119666,50849.113
119667,50705.848
119668,136082.45
119669,49173.445
119670,40555.996
119671,183961.81
119672,151127.66
119673,49721.805
119674,119747.46
119675,50144.973
119676,49066.617
119677,120598.61
119678,99736.445
119679,49092.562
119680,120630.26
119681,54870.062
119682,149440.11
119683,156011.39
119684,109171.516
119685,56134.88
119686,49239.51
119687,51309.348
119688,64074.895
119689,46310.535
119690,148019.12
119691,103899.73
119692,54423.367
119693,124789.984
119694,45469.105
119695,116357.84
119696,116657.945
119697,97157.59
119698,48333.816
119699,96745.734
119700,124045.61
119701,97231.18
119702,149381.55
119703,89646.445
119704,148230.14
119705,117078.98
119706,51374.395
119707,119043.71
119708,123722.65
119709,114432.375
119710,51818.594
119711,47984.67
119712,45373.625
119713,113878.164
119714,121489.234
119715,121325.91
119716,105049.8
119717,49066.965
119718,120988.6
119719,61395.656
119720,54094.863
119721,102805.78
119722,52046.836
119723,48216.11
119724,109813.03
119725,47176.22
119726,115279.695
119727,54024.207
119728,136644.64
119729,91231.47
119730,128223.984
119731,51660.27
119732,101208.62
119733,130767.87
119734,53049.465
119735,156171.75
119736,47321.605
119737,45781.37
119738,103403.34
119739,45536.68
119740,50368.367
119741,83282.12
119742,42565.64
119743,45892.625
119744,104838.22
119745,47590.24
119746,89513.586
119747,121276.875
119748,100119.8
119749,85844.266
119750,132634.39
119751,92130.87
119752,126802.27
119753,53729.39
119754,109537.9
119755,124189.766
119756,160997.1
119757,122004.234
119758,54608.184
119759,110709.72
119760,139821.53
119761,45271.867
119762,139518.3
119763,124105.24
119764,126212.47
119765,47860.746
119766,120258.33
119767,141237.81
119768,112906.65
119769,41353.066
119770,134097.58
119771,144417.38
119772,108218.97
119773,118391.09
119774,108997.18
119775,111623.445
119776,54374.33
119777,46212.844
119778,46990.31
119779,181887.78
119780,123223.53
119781,85136.36
119782,112402.63
119783,47980.59
119784,172255.66
119785,48980.63
119786,55900.94
119787,120087.79
119788,105149.16
119789,46894.21
119790,101591.4
119791,125497.81
119792,84535.66
119793,121860.62
119794,44554.062
119795,49070.73
119796,46170.863
119797,100373.6
119798,69484.67
119799,112329.92
119800,93314.836
119801,67822.83
119802,131511.55
119803,116970.19
119804,117431.69
119805,85775.695
119806,128432.85
119807,105647.09
119808,46818.215
119809,72153.695
119810,60646.293
119811,105989.66
119812,128294.484
119813,64527.54
119814,55215.58
119815,64269.848
119816,49535.793
119817,126268.6
119818,116048.87
119819,117105.93
119820,146225.23
119821,53648.277
119822,56628.973
119823,85658.72
119824,92079.45
119825,103200.97
119826,79113.266
119827,100718.9
119828,52519.305
119829,52166.254
119830,148695.4
119831,168408.08
119832,97464.47
119833,118305.11
119834,85456.13
119835,54225.285
119836,51766.656
119837,46395.4
119838,120116.78
119839,115918.38
119840,127701.375
119841,133849.47
119842,96252.26
119843,129260.63
119844,127173.266
119845,63793.285
119846,98215.945
119847,125355.086
119848,43361.258
119849,48980.742
119850,92678.445
119851,55718.547
119852,101024.39
119853,121131.234
119854,52773.27
119855,43768.65
119856,134243.9
119857,56125.953
119858,103832.055
119859,97976.055
119860,118567.74
119861,88609.98
119862,108617.086
119863,61423.58
119864,131268.38
119865,44570.957
119866,131445.17
119867,114042.88
119868,121901.2
119869,123918.086
119870,99422.1
119871,136972.27
119872,55025.203
119873,60416.832
119874,50754.27
119875,113568.54
119876,49428.08
119877,154436.31
119878,50622.35
119879,68795.734
119880,105846.23
119881,117008.055
119882,159141.27
119883,54188.484
119884,107409.914
119885,112827.87
119886,49458.363
119887,152330.78
119888,50236.195
119889,47205.605
119890,111176.04
119891,104858.16
119892,112420.91
119893,109350.914
119894,121088.11
119895,175292.75
119896,87839.34
119897,148374.39
119898,105372.85
119899,45587.71
119900,123640.54
119901,148934.34
119902,44967.527
119903,49163.105
119904,40365.53
119905,132960.17
119906,73728.06
119907,49137.582
119908,109021.01
119909,170233.1
119910,145755.02
119911,167072.16
119912,135060.92
119913,116895.55
119914,48978.684
119915,136768.56
119916,135617.77
119917,132191.5
119918,44981.125
119919,49936.52
119920,128083.17
119921,107760.02
119922,57857.863
119923,84824.016
119924,49364.13
119925,99453.695
119926,54754.004
119927,48983.37
119928,122028.08
119929,96505.45
119930,45774.586
119931,130184.12
119932,97585.31
119933,44806.168
119934,122342.81
119935,135999.75
119936,55137.055
119937,58541.566
119938,113403.17
119939,87634.555
119940,111553.24
119941,116409.04
119942,108571.08
119943,129783.79
119944,103676.48
119945,108759.445
119946,38183.63
119947,51924.277
119948,50068.03
119949,46439.133
119950,123097.76
119951,161345.08
119952,40220.387
119953,121770.5
119954,91621.04
119955,123781.43
119956,123697.375
119957,174217.56
119958,48478.586
119959,48792.04
119960,90358.61
119961,93855.22
119962,123305.74
119963,140239.45
119964,115549.55
119965,126653.05
119966,124899.984
119967,52603.31
119968,111867.82
119969,49051.59
119970,106851.57
119971,136828.42
119972,87028.11
119973,56034.96
119974,96436.54
119975,123827.49
119976,95112.96
119977,97753.18
119978,119462.945
119979,47652.61
119980,129158.06
119981,119056.41
119982,150579.62
119983,119557.25
119984,113890.75
119985,88199.86
119986,106967.55
119987,156555.84
119988,92100.45
119989,54533.363
119990,43873.914
119991,62188.793
119992,85776.9
119993,53484.11
119994,50378.547
119995,123662.92
119996,127991.234
119997,95428.266
119998,129895.15
119999,110226.84
120000,108695.445
120001,46258.89
120002,60533.24
120003,110490.11
120004,59739.88
120005,142223.89
120006,45710.61
120007,122569.055
120008,116808.67
120009,94003.99
120010,48252.5
120011,124454.734
120012,55180.176
120013,47984.67
120014,116317.68
120015,94032.516
120016,160140.06
120017,107595.74
120018,184714.89
120019,47574.754
120020,117414.67
120021,55098.004
120022,86435.54
120023,131203.64
120024,93428.14
120025,51947.984
120026,125319.94
120027,61394.156
120028,51810.773
120029,60626.754
120030,49590.543
120031,46088.1
120032,51338.016
120033,55886.87
120034,103969.65
120035,50599.53
120036,48379.465
120037,118499.555
120038,45322.574
120039,50139.844
120040,141054.44
120041,143485.94
120042,120864.85
120043,134929.92
120044,117604.945
120045,134261.19
120046,116681.625
120047,111398.336
120048,41332.562
120049,114959.19
120050,121930.23
120051,95890.266
120052,44542.664
120053,98306.97
120054,114038.9
120055,89681.5
120056,65253.31
120057,118359.88
120058,134594.19
120059,109156.71
120060,67637.24
120061,103010.71
120062,92463.7
120063,51733.56
120064,104084.35
120065,100815.63
120066,87372.34
120067,112661.6
120068,122726.09
120069,103651.31
120070,47778.582
120071,90227.72
120072,91310.81
120073,110838.79
120074,126904.23
120075,101483.7
120076,162151.72
120077,97322.44
120078,86529.48
120079,56063.723
120080,122043.37
120081,45830.074
120082,155906.66
120083,58188.004
120084,50934.227
120085,94188.37
120086,193121.17
120087,130443.625
120088,44344.945
120089,55643.246
120090,132146.83
120091,122692.29
120092,135369.55
120093,117801.766
120094,49881.043
120095,162507.36
120096,121018.59
120097,97994.04
120098,102725.74
120099,118294.7
120100,47723.97
120101,146033.56
120102,97969.75
120103,133305.48
120104,83637.09
120105,104632.81
120106,44848.438
120107,120607.89
120108,57262.945
120109,54027.59
120110,51390.805
120111,110727.62
120112,107673.07
120113,154400.14
120114,115980.73
120115,47759.89
120116,57808.133
120117,132281.02
120118,50260.387
120119,46065.375
120120,111960.64
120121,54752.47
120122,122863.61
120123,132407.94
120124,109471.125
120125,96849.28
120126,108111.39
120127,48144.555
120128,139420.77
120129,117472.13
120130,116896.26
120131,56760.04
120132,48262.324
120133,155943.62
120134,50215.035
120135,124015.61
120136,182915.66
120137,69548.54
120138,50021.586
120139,125149.95
120140,137452.7
120141,88048.23
120142,110949.06
120143,123448.48
120144,214210.1
120145,144036.48
120146,127761.96
120147,119671.57
120148,44836.78
120149,106400.07
120150,152686.92
120151,107083.57
120152,108238.98
120153,114031.38
120154,105292.11
120155,61624.24
120156,54723.367
120157,49900.14
120158,52603.22
120159,47152.82
120160,100014.23
120161,55767.695
120162,119552.41
120163,50425.86
120164,116220.2
120165,104226.17
120166,121675.805
120167,83623.805
120168,154784.94
120169,107595.74
120170,133917.86
120171,55884.125
120172,177567.36
120173,95896.61
120174,47079.082
120175,45109.617
120176,40217.82
120177,108234.38
120178,94517.61
120179,182392.66
120180,107739.734
120181,83661.35
120182,56863.984
120183,124576.67
120184,109985.945
120185,49219.965
120186,160014.92
120187,139462.58
120188,87598.84
120189,123894.8
120190,113709.875
120191,70096.23
120192,106035.36
120193,118017.34
120194,114823.195
120195,183944.83
120196,106922.95
120197,58133.08
120198,122212.91
120199,124703.164
120200,69988.58
120201,121313.57
120202,130447.77
120203,93547.81
120204,149820.67
120205,47528.367
120206,53325.49
120207,165084.06
120208,44848.0
120209,57130.31
120210,98997.08
120211,48931.85
120212,124422.39
120213,97753.18
120214,56167.727
120215,105011.12
120216,47356.332
120217,82903.73
120218,45182.504
120219,141315.67
120220,43841.344
120221,120651.69
120222,45472.297
120223,130809.75
120224,134357.0
120225,84829.195
120226,114260.53
120227,49983.56
120228,108142.32
120229,49882.105
120230,156667.67
120231,144742.73
120232,58568.746
120233,47253.55
120234,120784.836
120235,55216.945
120236,134137.06
120237,51418.105
120238,131663.55
120239,52560.555
120240,45894.863
120241,63101.797
120242,143328.1
120243,115073.45
120244,109451.47
120245,49547.984
120246,42787.445
120247,39133.215
120248,144168.58
120249,49579.71
120250,46410.086
120251,118463.59
120252,90416.15
120253,49088.582
120254,113394.17
120255,95598.31
120256,128330.31
120257,43567.812
120258,52286.348
120259,111012.88
120260,109234.7
120261,49657.848
120262,156409.69
120263,105769.336
120264,91388.69
120265,49058.395
120266,138051.44
120267,107183.38
120268,49660.156
120269,120621.945
120270,130487.75
120271,108028.375
120272,113826.69
120273,169029.72
120274,162589.67
120275,40733.89
120276,124872.836
120277,112307.53
120278,46668.566
120279,116550.61
120280,122450.66
120281,90358.61
120282,139805.53
120283,86381.23
120284,151377.02
120285,122650.0
120286,48820.926
120287,98861.0
120288,126512.42
120289,47621.742
120290,118404.875
120291,130404.9
120292,51660.812
120293,119603.875
120294,57498.41
120295,112357.82
120296,180201.28
120297,133823.06
120298,145039.23
120299,52039.62
120300,126791.266
120301,130737.24
120302,47444.71
120303,139873.64
120304,59229.723
120305,143991.67
120306,137647.6
120307,47944.336
120308,133213.52
120309,118074.71
120310,58475.887
120311,122684.41
120312,90232.64
120313,53502.44
120314,50014.67
120315,52306.53
120316,141552.06
120317,95458.7
120318,51344.715
120319,91750.89
120320,113171.68
120321,134416.42
120322,135132.17
120323,130568.28
120324,84260.28
120325,157051.88
120326,153086.14
120327,62581.707
120328,74748.266
120329,48513.465
120330,133728.36
120331,93828.6
120332,146133.88
120333,58945.18
120334,119361.47
120335,129036.54
120336,48116.008
120337,47347.863
120338,96177.1
120339,91422.16
120340,122112.42
120341,120436.266
120342,51911.75
120343,123348.42
120344,147193.36
120345,112468.96
120346,139643.9
120347,99039.6
120348,89269.98
120349,117593.97
120350,76973.016
120351,188346.61
120352,112982.71
120353,51489.332
120354,44822.598
120355,122348.19
120356,136232.66
120357,97298.29
120358,87323.28
120359,110122.34
120360,133502.89
120361,93483.68
120362,125164.25
120363,97404.93
120364,129489.58
120365,44316.06
120366,109161.36
120367,125865.234
120368,111636.08
120369,46757.008
120370,173651.3
120371,120233.92
120372,51043.664
120373,48474.453
120374,47918.914
120375,45014.746
120376,118744.17
120377,125840.734
120378,145369.31
120379,112553.33
120380,46360.9
120381,46524.453
120382,124041.82
120383,99314.26
120384,126247.59
120385,123723.22
120386,50990.492
120387,48855.867
120388,134827.77
120389,93310.75
120390,123100.88
120391,48820.926
120392,55901.133
120393,122194.266
120394,116305.766
120395,137812.11
120396,56687.133
120397,128857.38
120398,139164.6
120399,100979.586
120400,116889.59
120401,112878.96
120402,139956.75
120403,53300.945
120404,109229.555
120405,107456.48
120406,116532.414
120407,170409.69
120408,115368.25
120409,51835.434
120410,99935.96
120411,108090.164
120412,48850.88
120413,132594.95
120414,116901.91
120415,48992.203
120416,121969.66
120417,159246.8
120418,94443.77
120419,83134.56
120420,51121.32
120421,50901.426
120422,86282.09
120423,49019.875
120424,98149.1
120425,49152.305
120426,42380.367
120427,137956.62
120428,146450.28
120429,141178.44
120430,131244.78
120431,91658.85
120432,135611.95
120433,134694.4
120434,124182.36
120435,51523.42
120436,119404.6
120437,47152.56
120438,42101.47
120439,111940.836
120440,46408.168
120441,108792.1
120442,50091.98
120443,46640.875
120444,116575.305
120445,110931.13
120446,126019.875
120447,139087.16
120448,91107.555
120449,141745.48
120450,79538.9
120451,109147.23
120452,140466.77
120453,130013.85
120454,132127.98
120455,55500.33
120456,72691.414
120457,90120.21
120458,51605.99
120459,48098.312
120460,52918.59
120461,46583.81
120462,121329.195
120463,52801.36
120464,149251.28
120465,45717.055
120466,95658.94
120467,51630.21
120468,143427.45
120469,135295.73
120470,54279.84
120471,145789.36
120472,128512.19
120473,117967.68
120474,42206.457
120475,111243.47
120476,54089.047
120477,110241.02
120478,70145.734
120479,137411.36
120480,79741.586
120481,37839.152
120482,137261.64
120483,142208.03
120484,128911.555
120485,59474.44
120486,49892.023
120487,103740.1
120488,107720.13
120489,137052.23
120490,180803.03
120491,131253.03
120492,50061.742
120493,121562.87
120494,46310.535
120495,123675.484
120496,94305.3
120497,113707.44
120498,127998.99
120499,63278.305
120500,113521.33
120501,92523.93
120502,48930.438
120503,53259.63
120504,54371.1
120505,154175.9
120506,45371.895
120507,167875.88
120508,144270.69
120509,152623.8
120510,103752.78
120511,161264.53
120512,61286.176
120513,130907.26
120514,104811.47
120515,144860.66
120516,46616.402
120517,126614.95
120518,122218.05
120519,130093.08
120520,132565.25
120521,98512.375
120522,141430.2
120523,130755.09
120524,106619.23
120525,135145.44
120526,45806.637
120527,103029.91
120528,48370.242
120529,112851.42
120530,58511.156
120531,113164.21
120532,72855.53
120533,110395.445
120534,122585.65
120535,137280.3
120536,105648.13
120537,106278.266
120538,136463.03
120539,117771.46
120540,53144.254
120541,130035.73
120542,116627.625
120543,129105.07
120544,48082.01
120545,152494.89
120546,104374.336
120547,59008.066
120548,100354.51
120549,143282.78
120550,47532.445
120551,99197.19
120552,110387.65
120553,162903.27
120554,53695.316
120555,144459.38
120556,141304.16
120557,133927.44
120558,50887.344
120559,61595.76
120560,129528.555
120561,142376.19
120562,123343.586
120563,125112.086
120564,109814.23
120565,118298.25
120566,121555.76
120567,67493.15
120568,134814.2
120569,84740.125
120570,127218.86
120571,73071.16
120572,50661.277
120573,119926.82
120574,110538.29
120575,78271.24
120576,105535.414
120577,44389.785
120578,131542.47
120579,50981.332
120580,140187.06
120581,116864.14
120582,52309.11
120583,57947.96
120584,124802.766
120585,144976.14
120586,48340.543
120587,50361.246
120588,114055.46
120589,93648.87
120590,129099.1
120591,54723.758
120592,177568.08
120593,48116.008
120594,122844.31
120595,50333.48
120596,167570.77
120597,150434.52
120598,162774.27
120599,46190.336
120600,59853.535
120601,47593.277
120602,124316.01
120603,53848.133
120604,49534.05
120605,56916.098
120606,153421.6
120607,58474.38
120608,105444.63
120609,125626.33
120610,122401.195
120611,53432.555
120612,113134.695
120613,141602.92
120614,114116.55
120615,138670.69
120616,72949.1
120617,111341.45
120618,113613.9
120619,53888.02
120620,114477.61
120621,136349.58
120622,110467.445
120623,162229.06
120624,125878.35
120625,133343.7
120626,133925.31
120627,131314.75
120628,117366.09
120629,142781.56
120630,132843.62
120631,101094.07
120632,98766.67
120633,81294.625
120634,50481.207
120635,53394.98
120636,88745.266
120637,87780.73
120638,168904.03
120639,46880.504
120640,67378.32
120641,102341.234
120642,110535.445
120643,135710.27
120644,121343.23
120645,129901.18
120646,96382.92
120647,148638.39
120648,105278.56
120649,92273.664
120650,80523.805
120651,97792.06
120652,112578.62
120653,64919.773
120654,121820.75
120655,118874.23
120656,101028.516
120657,91205.79
120658,124704.21
120659,58666.047
120660,174020.62
120661,52799.96
120662,87554.4
120663,126002.02
120664,110453.73
120665,144043.5
120666,43230.08
120667,49044.33
120668,125234.195
120669,124741.33
120670,48747.746
120671,116523.16
120672,120964.46
120673,154748.94
120674,118156.71
120675,87818.94
120676,149372.61
120677,121671.016
120678,101283.5
120679,133281.48
120680,55538.957
120681,44810.85
120682,54269.465
120683,46770.918
120684,54479.008
120685,102890.88
120686,44986.676
120687,45743.883
120688,49306.645
120689,110654.6
120690,101623.266
120691,50764.043
120692,114414.7
120693,191859.69
120694,47910.77
120695,114082.586
120696,121040.45
120697,53190.37
120698,50431.32
120699,46891.473
120700,49618.9
120701,142194.28
120702,134082.17
120703,52895.836
120704,147337.8
120705,166705.52
120706,148382.38
120707,48656.49
120708,49200.574
120709,55042.082
120710,107428.32
120711,87136.59
120712,91658.85
120713,120002.28
120714,118092.02
120715,131261.62
120716,88771.65
120717,91394.89
120718,100145.57
120719,43512.547
120720,96322.96
120721,129934.26
120722,135629.61
120723,53909.555
120724,108110.27
120725,45565.125
120726,158186.55
120727,124096.4
120728,120438.22
120729,46190.336
120730,107153.62
120731,115900.25
120732,130233.234
120733,49732.086
120734,112101.12
120735,47571.445
120736,92680.67
120737,47241.664
120738,128421.6
120739,107947.2
120740,89819.914
120741,44345.742
120742,124693.555
120743,44249.574
120744,120433.61
120745,68979.85
120746,44674.574
120747,49540.723
120748,102796.84
120749,126518.49
120750,142447.81
120751,80589.79
120752,51916.77
120753,55004.652
120754,117690.55
120755,137901.36
120756,46873.242
120757,129766.89
120758,51630.21
120759,49188.848
120760,113856.35
120761,134500.03
120762,120549.39
120763,104478.03
120764,53376.977
120765,51157.336
120766,120067.5
120767,122644.52
120768,39501.3
120769,57160.215
120770,112492.84
120771,123212.86
120772,49951.605
120773,115968.27
120774,47833.312
120775,129246.41
120776,130522.836
120777,110815.6
120778,115554.71
120779,101633.34
120780,86938.12
120781,46755.164
120782,84492.04
120783,147720.31
120784,130128.17
120785,137700.83
120786,126355.36
120787,51731.55
120788,119618.33
120789,185246.94
120790,149712.3
120791,123803.41
120792,97334.45
120793,46012.766
120794,133726.55
120795,84127.07
120796,110722.25
120797,124119.24
120798,151558.44
120799,48463.16
120800,51297.43
120801,148116.94
120802,52059.797
120803,137373.62
120804,82150.766
120805,48413.234
120806,108910.734
120807,131814.69
120808,48821.496
120809,129670.79
120810,80708.78
120811,150243.77
120812,53291.86
120813,47152.56
120814,155364.53
120815,48687.97
120816,106718.484
120817,49288.805
120818,47005.637
120819,139174.28
120820,45793.59
120821,91252.164
120822,145825.06
120823,134961.4
120824,115685.44
120825,50187.434
120826,57952.34
120827,54565.336
120828,144429.22
120829,136560.9
120830,47460.277
120831,53896.285
120832,120138.41
120833,137992.25
120834,123049.55
120835,88997.586
120836,124802.99
120837,116105.19
120838,121205.44
120839,152971.7
120840,43130.664
120841,105371.84
120842,83938.75
120843,50777.03
120844,48511.04
120845,39972.617
120846,98916.74
120847,144157.83
120848,117558.07
120849,111519.984
120850,47854.258
120851,105147.125
120852,107302.58
120853,57882.35
120854,92589.805
120855,105371.84
120856,107409.914
120857,56649.42
120858,95657.24
120859,121937.49
120860,124520.45
120861,48306.547
120862,143290.75
120863,124571.516
120864,57859.07
120865,99963.65
120866,141008.36
120867,118368.555
120868,53566.516
120869,163291.77
120870,116328.84
120871,122306.58
120872,50758.418
120873,45722.72
120874,49914.535
120875,47524.48
120876,102983.92
120877,51215.215
120878,96505.79
120879,130439.07
120880,119961.1
120881,44902.004
120882,116004.016
120883,46801.0
120884,133333.36
120885,98997.08
120886,68770.73
120887,98896.14
120888,93410.59
120889,107333.65
120890,92054.61
120891,118812.3
120892,140470.19
120893,108981.22
120894,110153.81
120895,43417.707
120896,123648.84
120897,95458.7
120898,47068.906
120899,129805.73
120900,131801.14
120901,114447.0
120902,145707.75
120903,158697.45
120904,53154.29
120905,111326.055
120906,73855.664
120907,45901.258
120908,128640.016
120909,112435.94
120910,46938.254
120911,109638.13
120912,135075.25
120913,105208.164
120914,48581.25
120915,132034.83
120916,126423.51
120917,46089.24
120918,47476.473
120919,168010.16
120920,47479.6
120921,139096.36
120922,50337.184
120923,109513.29
120924,151057.1
120925,106691.5
120926,138731.5
120927,49117.65
120928,146319.73
120929,129880.71
120930,145188.86
120931,56543.492
120932,46893.91
120933,124500.85
120934,47855.38
120935,100107.74
120936,110677.3
120937,151267.17
120938,125838.68
120939,56059.008
120940,49436.875
120941,108234.38
120942,116252.98
120943,135437.56
120944,50034.355
120945,50774.477
120946,111488.66
120947,149683.25
120948,154384.27
120949,127742.06
120950,113670.305
120951,97276.26
120952,92273.664
120953,81507.53
120954,128067.445
120955,101407.52
120956,46844.875
120957,62545.88
120958,124598.766
120959,45824.7
120960,127758.47
120961,91638.88
120962,48883.777
120963,63213.47
120964,122627.73
120965,86045.47
120966,95061.875
120967,156370.33
120968,110464.58
120969,135186.38
120970,54270.61
120971,46546.25
120972,99748.88
120973,128131.23
120974,48884.266
120975,111922.88
120976,124665.51
120977,105976.26
120978,68444.21
120979,50435.582
120980,122908.89
120981,170104.62
120982,101777.04
120983,48816.383
120984,110631.24
120985,46636.383
120986,109547.586
120987,88353.734
120988,44224.816
120989,128604.516
120990,133266.34
120991,113611.66
120992,107312.6
120993,47116.363
120994,52557.195
120995,47720.098
120996,146397.5
120997,55093.133
120998,157497.1
120999,56215.684
121000,127771.21
121001,91300.414
121002,117526.77
121003,47069.51
121004,81520.04
121005,79482.88
121006,51418.16
121007,56148.18
121008,48597.066
121009,54093.74
121010,145084.77
121011,149205.52
121012,57146.24
121013,104679.836
121014,48110.082
121015,46647.332
121016,46377.207
121017,137467.52
121018,126929.19
121019,104031.79
121020,111006.98
121021,56103.406
121022,113250.07
121023,134384.94
121024,123493.66
121025,86861.68
121026,53335.37
121027,135829.16
121028,124812.79
121029,47393.84
121030,106970.62
121031,94834.67
121032,155542.62
121033,52671.88
121034,46181.91
121035,172580.14
121036,101948.39
121037,132977.69
121038,51805.5
121039,106078.83
121040,116654.164
121041,126765.53
121042,92733.914
121043,47135.785
121044,88745.23
121045,49287.98
121046,176459.5
121047,48793.215
121048,109797.6
121049,89580.12
121050,54307.22
121051,52286.348
121052,122138.7
121053,122817.3
121054,103780.766
121055,95090.445
121056,46092.31
121057,135675.16
121058,104670.43
121059,119530.94
121060,49255.43
121061,51302.13
121062,161700.1
121063,158909.22
121064,50393.895
121065,188657.22
121066,101315.836
121067,69534.164
121068,46954.75
121069,142833.48
121070,103989.195
121071,125819.36
121072,130771.08
121073,118914.92
121074,110014.79
121075,159750.34
121076,177795.72
121077,42963.145
121078,125010.375
121079,127960.49
121080,114218.1
121081,53436.582
121082,108745.56
121083,47462.28
121084,132345.39
121085,112179.1
121086,47162.47
121087,115206.984
121088,50212.4
121089,113858.734
121090,96280.664
121091,98385.49
121092,61288.094
121093,116735.586
121094,62701.863
121095,141206.34
121096,50377.934
121097,119625.336
121098,96124.84
121099,109826.33
121100,75382.26
121101,50969.19
121102,159543.95
121103,49031.875
121104,121735.14
121105,119942.38
121106,45637.316
121107,59114.223
121108,110331.48
121109,43570.027
121110,85375.945
121111,64003.89
121112,149655.28
121113,52251.707
121114,134465.19
121115,95893.414
121116,130942.33
121117,130384.945
121118,113255.17
121119,145542.66
121120,84339.85
121121,106175.69
121122,84492.04
121123,50083.1
121124,52666.78
121125,98654.555
121126,108374.59
121127,86198.23
121128,82399.23
121129,111011.25
121130,52411.582
121131,48390.38
121132,161322.52
121133,130672.51
121134,116561.48
121135,112411.03
121136,55552.203
121137,47694.395
121138,137807.1
121139,51536.11
121140,88771.65
121141,137927.81
121142,50436.39
121143,103390.54
121144,49996.23
121145,47224.594
121146,102062.39
121147,90145.74
121148,121588.36
121149,98587.22
121150,138659.38
121151,56134.508
121152,57237.09
121153,141186.95
121154,161174.61
121155,129086.81
121156,112503.695
121157,121729.234
121158,86282.09
121159,119454.46
121160,99440.3
121161,103130.34
121162,103521.59
121163,46374.375
121164,47883.887
121165,156059.77
121166,141988.56
121167,118869.914
121168,57999.5
121169,119863.48
121170,46325.652
121171,78918.95
121172,45950.8
121173,125657.38
121174,46218.836
121175,136512.9
121176,49140.715
121177,108369.35
121178,46511.336
121179,104453.21
121180,123668.78
121181,106953.37
121182,139250.19
121183,51186.6
121184,105281.96
121185,45599.152
121186,108374.45
121187,108763.94
121188,132064.56
121189,128673.95
121190,126776.4
121191,136668.73
121192,139907.02
121193,104751.86
121194,108975.195
121195,49637.18
121196,52843.78
121197,44946.004
121198,44277.613
121199,135246.03
121200,104221.61
121201,48080.574
121202,111074.08
121203,166356.08
121204,105176.82
121205,139698.8
121206,109933.97
121207,55682.9
121208,134735.33
121209,94937.5
121210,125066.414
121211,110866.6
121212,138487.28
121213,81544.3
121214,90473.69
121215,84127.07
121216,110059.555
121217,95314.07
121218,135380.75
121219,118427.3
121220,47828.805
121221,107520.52
121222,48878.54
121223,117637.695
121224,128640.22
121225,43301.12
121226,119713.72
121227,118707.61
121228,89684.414
121229,160142.39
121230,45387.25
121231,135203.47
121232,124270.125
121233,155616.58
121234,154696.12
121235,86028.164
121236,129570.055
121237,91203.2
121238,90206.29
121239,114200.88
121240,118604.69
121241,112093.375
121242,137384.42
121243,93969.914
121244,47586.926
121245,104340.17
121246,65597.1
121247,112354.84
121248,119111.8
121249,135543.69
121250,139133.47
121251,113316.375
121252,45864.746
121253,110259.484
121254,123140.625
121255,98640.445
121256,92833.6
121257,133897.39
121258,46299.246
121259,45568.406
121260,133885.17
121261,113940.24
121262,118483.38
121263,104902.71
121264,116974.95
121265,98728.12
121266,114290.305
121267,108305.94
121268,121589.414
121269,134849.34
121270,45736.547
121271,50848.277
121272,146471.44
121273,94991.91
121274,123935.3
121275,50308.254
121276,153463.83
121277,56636.617
121278,122218.93
121279,103272.94
121280,50816.605
121281,97044.68
121282,43940.203
121283,111517.16
121284,124762.53
121285,121173.734
121286,135128.77
121287,117725.0
121288,148020.9
121289,97859.36
121290,135759.53
121291,133746.53
121292,133504.22
121293,47440.645
121294,133133.1
121295,117324.55
121296,53564.406
121297,50945.445
121298,57933.855
121299,153845.11
121300,123367.195
121301,43230.96
121302,68453.0
121303,55677.023
121304,81520.04
121305,105315.7
121306,143076.84
121307,121765.13
121308,124477.016
121309,99413.695
121310,122398.43
121311,101083.15
121312,89955.836
121313,43447.723
121314,117428.23
121315,116384.09
121316,148167.55
121317,141923.53
121318,54047.47
121319,113492.28
121320,104084.48
121321,52016.457
121322,86411.555
121323,114888.82
121324,47470.723
121325,100024.28
121326,84411.84
121327,105843.24
121328,151570.42
121329,136900.38
121330,103275.51
121331,85868.055
121332,104826.664
121333,123272.625
121334,55333.07
121335,104497.88
121336,90206.29
121337,72322.195
121338,47252.2
121339,49846.797
121340,163462.03
121341,55428.082
121342,47148.88
121343,141209.75
121344,121365.2
121345,106517.54
121346,120261.31
121347,86342.625
121348,136789.3
121349,88745.266
121350,85958.02
121351,79434.01
121352,55797.2
121353,128335.41
121354,51819.254
121355,118548.79
121356,47939.492
121357,144419.92
121358,101152.21
121359,95893.414
121360,107050.18
121361,46392.836
121362,50193.996
121363,115073.3
121364,46610.938
121365,48578.59
121366,51198.133
121367,110829.664
121368,50271.66
121369,53080.18
121370,107792.32
121371,117105.59
121372,130487.875
121373,124001.24
121374,49678.242
121375,46045.992
121376,50550.297
121377,151820.16
121378,46280.42
121379,129521.19
121380,85450.625
121381,121851.84
121382,111344.836
121383,129201.055
121384,44730.098
121385,137357.64
121386,105648.13
121387,93566.34
121388,137757.9
121389,57664.758
121390,67445.69
121391,44087.09
121392,45019.85
121393,135084.89
121394,114962.88
121395,127289.09
121396,50213.766
121397,126498.234
121398,58943.29
121399,157260.64
121400,106425.52
121401,85456.13
121402,113586.195
121403,50811.234
121404,111527.3
121405,51509.234
121406,107073.58
121407,50719.91
121408,62832.676
121409,48773.594
121410,49951.984
121411,48695.395
121412,49594.848
121413,146192.88
121414,44218.242
121415,131657.8
121416,129369.89
121417,146948.83
121418,90731.13
121419,50005.184
121420,103306.086
121421,45434.137
121422,52509.332
121423,85688.125
121424,112146.945
121425,119510.914
121426,93598.31
121427,119723.7
121428,125133.81
121429,105098.51
121430,144241.86
121431,49779.35
121432,115499.27
121433,109203.03
121434,121032.086
121435,100426.234
121436,98216.42
121437,156327.22
121438,120372.04
121439,146672.73
121440,122872.03
121441,171852.52
121442,49483.33
121443,175497.38
121444,110427.125
121445,48262.324
121446,65761.35
121447,127189.43
121448,159914.66
121449,45162.734
121450,117993.97
121451,119696.9
121452,97016.56
121453,120441.24
121454,130549.32
121455,51248.523
121456,105365.586
121457,108035.38
121458,95257.6
121459,106346.42
121460,49422.426
121461,47574.754
121462,102803.01
121463,56586.016
121464,47284.297
121465,123006.3
121466,48803.566
121467,115722.914
121468,144148.38
121469,107394.32
121470,46105.734
121471,124066.58
121472,48728.03
121473,129333.93
121474,116144.62
121475,44372.348
121476,126981.69
121477,134467.12
121478,159478.8
121479,48773.95
121480,119899.02
121481,161124.33
121482,124981.914
121483,114095.055
121484,49579.543
121485,134228.97
121486,108782.91
121487,119146.45
121488,149023.72
121489,148100.33
121490,87598.84
121491,54372.66
121492,98368.055
121493,112819.64
121494,200265.83
121495,131349.23
121496,107032.04
121497,41174.586
121498,125723.54
121499,91078.67
121500,39518.656
121501,98801.28
121502,128363.625
121503,128750.766
121504,130749.64
121505,52738.867
121506,126653.62
121507,55773.074
121508,52654.395
121509,104264.3
121510,108524.91
121511,100921.82
121512,146235.4
121513,49630.09
121514,118506.945
121515,113964.18
121516,116066.445
121517,173280.48
121518,125924.58
121519,39632.31
121520,46201.48
121521,122107.59
121522,49651.83
121523,118291.86
121524,115317.695
121525,53004.86
121526,114926.516
121527,135134.03
121528,102847.52
121529,122184.47
121530,137041.5
121531,107646.195
121532,127102.35
121533,48309.63
121534,110382.59
121535,109141.87
121536,55208.953
121537,62161.5
121538,107256.43
121539,46358.41
121540,126906.31
121541,124319.53
121542,119832.766
121543,96538.375
121544,104733.1
121545,124186.8
121546,87372.34
121547,59939.08
121548,64707.34
121549,107022.28
121550,132946.23
121551,128328.59
121552,116969.95
121553,133382.89
121554,48990.24
121555,84978.25
121556,139287.34
121557,97976.055
121558,46042.953
121559,149598.05
121560,115210.766
121561,144319.56
121562,109348.29
121563,107955.43
121564,133539.62
121565,47745.555
121566,44178.16
121567,109711.875
121568,120001.62
121569,47537.758
121570,45712.535
121571,56592.07
121572,47381.656
121573,135722.08
121574,101104.95
121575,50377.934
121576,111638.57
121577,46655.473
121578,122897.63
121579,113216.8
121580,123457.125
121581,134423.44
121582,92375.805
121583,47624.598
121584,47352.938
121585,122355.734
121586,43096.598
121587,47368.24
121588,155819.39
121589,137199.03
121590,170387.38
121591,103890.79
121592,43013.414
121593,119263.625
121594,113962.03
121595,50776.668
121596,119881.57
121597,50499.68
121598,46158.117
121599,46425.32
121600,47389.273
121601,51697.027
121602,156400.28
121603,48484.727
121604,45434.688
121605,120214.83
121606,50704.59
121607,117141.23
121608,53515.113
121609,45663.75
121610,117685.734
121611,121926.805
121612,123924.38
121613,117327.164
121614,123089.71
121615,121687.52
121616,164881.45
121617,144983.22
121618,115569.71
121619,44469.86
121620,120358.88
121621,133540.31
121622,123820.41
121623,126765.53
121624,133508.11
121625,39615.848
121626,137174.75
121627,150173.17
121628,110340.62
121629,87654.54
121630,113522.73
121631,115747.2
121632,48992.29
121633,122125.945
121634,47472.844
121635,140854.17
121636,108658.06
121637,168313.77
121638,55150.246
121639,56426.55
121640,120126.336
121641,153348.38
121642,62402.05
121643,110759.67
121644,44112.55
121645,130075.0
121646,143154.89
121647,158975.83
121648,122464.64
121649,121481.625
121650,157181.06
121651,46801.387
121652,46477.547
121653,135230.97
121654,99278.5
121655,144662.7
121656,65903.75
121657,145758.73
121658,49575.785
121659,46613.637
121660,95992.92
121661,165816.0
121662,193885.4
121663,113507.25
121664,113447.086
121665,49328.54
121666,54275.52
121667,125704.95
121668,54803.54
121669,44388.67
121670,123713.09
121671,49193.445
121672,149939.38
121673,133866.92
121674,87654.54
121675,56843.594
121676,61944.703
121677,121500.164
121678,48573.27
121679,136551.84
121680,49194.88
121681,54048.766
121682,165179.69
121683,121775.85
121684,116131.16
121685,124944.875
121686,101291.77
121687,52596.49
121688,106822.625
121689,117832.12
121690,124541.83
121691,107489.8
121692,50548.676
121693,133065.75
121694,45160.934
121695,110980.67
121696,75726.29
121697,124784.62
121698,51002.8
121699,147563.4
121700,90428.77
121701,125816.586
121702,137769.12
121703,139249.72
121704,47286.93
121705,120624.56
121706,48655.93
121707,48820.332
121708,183575.19
121709,48893.863
121710,130116.484
121711,110567.586
121712,49071.81
121713,54122.664
121714,120076.89
121715,88628.12
121716,151239.66
121717,102526.984
121718,47984.67
121719,47418.62
121720,50095.074
121721,119746.76
121722,52856.133
121723,51217.12
121724,114218.43
121725,52753.26
121726,109074.75
121727,73584.07
121728,142750.39
121729,111608.766
121730,119891.836
121731,152778.45
121732,98480.125
121733,53473.438
121734,116467.83
121735,53119.598
121736,111157.08
121737,152726.53
121738,116964.234
121739,162640.48
121740,47391.45
121741,87421.05
121742,108628.125
121743,105198.72
121744,105679.47
121745,115029.29
121746,51480.98
121747,185503.72
121748,46621.016
121749,47327.156
121750,31464.998
121751,55691.508
121752,109016.82
121753,110779.12
121754,140691.33
121755,96820.51
121756,48849.07
121757,50159.66
121758,125765.16
121759,116541.94
121760,143116.33
121761,46807.906
121762,51770.34
121763,173884.75
121764,102345.73
121765,93238.59
121766,49775.54
121767,167358.78
121768,55073.457
121769,49421.09
121770,98063.63
121771,104193.83
121772,114994.664
121773,150521.77
121774,114634.82
121775,50247.812
121776,51324.89
121777,48195.65
121778,117620.516
121779,122108.22
121780,135297.69
121781,130672.99
121782,103553.484
121783,159489.72
121784,98098.164
121785,51040.688
121786,102487.61
121787,55987.883
121788,114634.22
121789,132543.11
121790,121629.336
121791,41596.37
121792,131591.22
121793,47102.613
121794,124735.586
121795,47541.22
121796,122330.336
121797,120711.37
121798,128864.95
121799,101953.26
121800,151243.03
121801,143717.98
121802,60839.637
121803,124295.52
121804,109460.12
121805,125832.96
121806,127402.234
121807,63720.36
121808,108414.09
121809,133491.4
121810,121655.586
121811,151873.58
121812,51807.23
121813,44582.996
121814,124551.14
121815,49455.58
121816,150541.39
121817,49890.46
121818,135614.45
121819,99699.62
121820,113600.336
121821,114366.68
121822,48008.05
121823,95255.35
121824,46192.29
121825,130380.77
121826,100193.98
121827,89671.22
121828,54503.926
121829,50873.184
121830,53402.848
121831,50249.8
121832,86510.99
121833,97146.05
121834,103935.45
121835,96745.734
121836,47335.426
121837,123328.58
121838,60428.53
121839,93934.74
121840,141796.3
121841,56237.69
121842,46549.355
121843,56324.28
121844,117814.93
121845,49253.1
121846,106968.02
121847,46971.074
121848,120202.34
121849,132338.39
121850,126234.31
121851,49402.656
121852,46449.43
121853,92799.53
121854,48418.527
121855,54603.66
121856,141938.84
121857,60722.516
121858,104593.15
121859,107195.66
121860,53121.51
121861,140372.81
121862,146665.8
121863,147446.67
121864,132055.27
121865,85710.445
121866,127688.42
121867,49706.203
121868,109589.56
121869,56432.78
121870,138964.31
121871,48674.895
121872,101568.234
121873,48837.895
121874,131831.52
121875,47026.32
121876,102147.48
121877,105436.08
121878,51178.793
121879,91339.375
121880,94246.875
121881,107891.27
121882,106998.91
121883,99990.46
121884,50172.12
121885,83057.27
121886,100145.57
121887,116730.65
121888,152479.73
121889,168576.39
121890,106712.695
121891,99424.28
121892,54152.445
121893,105499.08
121894,66378.72
121895,52026.75
121896,62365.48
121897,122209.016
121898,49275.957
121899,112462.445
121900,110378.98
121901,56697.82
121902,109917.63
121903,97898.71
121904,96505.79
121905,62166.82
121906,45135.516
121907,108914.11
121908,171192.55
121909,159156.58
121910,129956.43
121911,52966.57
121912,106287.44
121913,64041.45
121914,49084.09
121915,47473.223
121916,110899.266
121917,49581.51
121918,110494.59
121919,95907.35
121920,122275.055
121921,117240.945
121922,114769.48
121923,91222.55
121924,46280.42
121925,114595.336
121926,115032.016
121927,92716.6
121928,46353.9
121929,111625.77
121930,53168.426
121931,112276.55
121932,130980.88
121933,103047.305
121934,116920.29
121935,51672.93
121936,129924.445
121937,115007.1
121938,49031.875
121939,110833.41
121940,44305.27
121941,169593.92
121942,138784.8
121943,136388.34
121944,94553.0
121945,125189.97
121946,42886.29
121947,46436.863
121948,44187.668
121949,128752.8
121950,117657.47
121951,56494.195
121952,120754.71
121953,170717.33
121954,112285.16
121955,129358.35
121956,101665.73
121957,109797.3
121958,137383.75
121959,138304.44
121960,110782.086
121961,45874.12
121962,51688.02
121963,52350.934
121964,106886.13
121965,94845.23
121966,108721.664
121967,101833.46
121968,125265.93
121969,133006.42
121970,49897.04
121971,127774.88
121972,108047.805
121973,45014.402
121974,171818.7
121975,112549.41
121976,46352.348
121977,106274.36
121978,48079.83
121979,131100.42
121980,144771.77
121981,48822.016
121982,135882.2
121983,53711.15
121984,47851.695
121985,160862.03
121986,55222.168
121987,46683.96
121988,108983.83
121989,104238.8
121990,141038.62
121991,49051.59
121992,121290.516
121993,97848.96
121994,117666.56
121995,121941.016
121996,98015.56
121997,48973.586
121998,105950.96
121999,46103.176
122000,112502.57
122001,130240.24
122002,92056.75
122003,52934.71
122004,50068.03
122005,101498.24
122006,150092.38
122007,158206.98
122008,115699.14
122009,144256.8
122010,92586.86
122011,50339.008
122012,123026.89
122013,100239.67
122014,43961.48
122015,51379.777
122016,103373.34
122017,118379.125
122018,47097.402
122019,110296.37
122020,113940.484
122021,92607.03
122022,110833.33
122023,55108.97
122024,124856.13
122025,126946.63
122026,138356.34
122027,138259.03
122028,47564.562
122029,131141.3
122030,143981.86
122031,44349.5
122032,163527.4
122033,117086.76
122034,122834.02
122035,49335.44
122036,122108.22
122037,146501.11
122038,86501.266
122039,117367.695
122040,123774.45
122041,45043.477
122042,44730.098
122043,124929.33
122044,46571.953
122045,49624.258
122046,123216.64
122047,109958.26
122048,46846.87
122049,153379.69
122050,114429.12
122051,136522.19
122052,151849.06
122053,100758.92
122054,100704.52
122055,47990.35
122056,103625.38
122057,120078.305
122058,105426.92
122059,69280.57
122060,46395.0
122061,107763.69
122062,130987.84
122063,151465.67
122064,45398.383
122065,111459.68
122066,110997.43
122067,109875.96
122068,130966.09
122069,95754.695
122070,113076.266
122071,119530.96
122072,131469.7
122073,47423.633
122074,120332.305
122075,47599.586
122076,147282.17
122077,111053.08
122078,147405.94
122079,102244.36
122080,149020.4
122081,50389.89
122082,120933.3
122083,45639.03
122084,45236.746
122085,161981.16
122086,48291.41
122087,120596.836
122088,90897.95
122089,100661.484
122090,50827.336
122091,50968.06
122092,146347.12
122093,114095.055
122094,54376.734
122095,43604.09
122096,46305.34
122097,48815.766
122098,50480.875
122099,118344.21
122100,51667.94
122101,117498.055
122102,105542.12
122103,92836.44
122104,44112.55
122105,146548.05
122106,166876.95
122107,148111.4
122108,101711.9
122109,146976.62
122110,48498.5
122111,50364.35
122112,44557.695
122113,128464.96
122114,49458.027
122115,53077.965
122116,108146.586
122117,127667.13
122118,104107.79
122119,127557.26
122120,85546.63
122121,102325.305
122122,92658.03
122123,128563.484
122124,95771.06
122125,73173.13
122126,90000.984
122127,65940.94
122128,87283.836
122129,134174.42
122130,124618.31
122131,107121.07
122132,47407.695
122133,124464.19
122134,102484.07
122135,110146.945
122136,116153.15
122137,105283.57
122138,54222.473
122139,96292.0
122140,141184.56
122141,123679.195
122142,134661.42
122143,88433.93
122144,46107.637
122145,97270.26
122146,52073.84
122147,116467.83
122148,112142.37
122149,45307.68
122150,118423.56
122151,97019.59
122152,87179.46
122153,104238.8
122154,62416.676
122155,124739.66
122156,44670.207
122157,88938.93
122158,120368.01
122159,124483.94
122160,155981.0
122161,36611.594
122162,51615.76
122163,54349.977
122164,163449.75
122165,93530.3
122166,88771.65
122167,154942.38
122168,123520.39
122169,109856.766
122170,138274.78
122171,81219.41
122172,48558.266
122173,148184.72
122174,42987.54
122175,99925.86
122176,50124.61
122177,121592.1
122178,46271.29
122179,147723.02
122180,50612.184
122181,121316.83
122182,48394.496
122183,98528.78
122184,148159.73
122185,87560.234
122186,52640.996
122187,111962.62
122188,107409.234
122189,109379.02
122190,89493.695
122191,103340.95
122192,122917.02
122193,117955.94
122194,129779.09
122195,50003.93
122196,57295.715
122197,123172.96
122198,51037.887
122199,65795.15
122200,125660.86
122201,118237.24
122202,47614.586
122203,120059.016
122204,119990.86
122205,94891.96
122206,50519.18
122207,50536.867
122208,41155.492
122209,115330.83
122210,132683.2
122211,120408.12
122212,113150.734
122213,96505.79
122214,96643.99
122215,58906.066
122216,49725.473
122217,47221.45
122218,147002.56
122219,49795.816
122220,122830.5
122221,103082.73
122222,49407.75
122223,116357.12
122224,111269.34
122225,122009.58
122226,103913.02
122227,58696.684
122228,52399.438
122229,128653.57
122230,95662.15
122231,144852.16
122232,108368.92
122233,104464.14
122234,107606.16
122235,101436.29
122236,99719.32
122237,143762.61
122238,119054.59
122239,119692.08
122240,64056.81
122241,108305.94
122242,41808.24
122243,155477.89
122244,112735.8
122245,96983.11
122246,54977.645
122247,115190.43
122248,98470.125
122249,97898.49
122250,154707.45
122251,137542.16
122252,128250.78
122253,107691.24
122254,57394.27
122255,53026.414
122256,115721.375
122257,106287.44
122258,121215.82
122259,127370.01
122260,121634.05
122261,80155.42
122262,50777.406
122263,126320.66
122264,128613.42
122265,104900.98
122266,106668.305
122267,130279.234
122268,87930.05
122269,116573.6
122270,49678.242
122271,138621.61
122272,105025.43
122273,132558.06
122274,125855.695
122275,116773.9
122276,50126.508
122277,106380.1
122278,137069.64
122279,111655.56
122280,45225.305
122281,117112.7
122282,121629.336
122283,136189.78
122284,130502.75
122285,111371.39
122286,58132.44
122287,139418.25
122288,46785.69
122289,103143.695
122290,49935.594
122291,145342.98
122292,94443.77
122293,47849.15
122294,137591.31
122295,113312.14
122296,48339.297
122297,138221.67
122298,89141.02
122299,47444.42
122300,113467.44
122301,117104.48
122302,50056.254
122303,122741.12
122304,47234.55
122305,104752.14
122306,98048.234
122307,147193.38
122308,121946.89
122309,47731.87
122310,180854.75
122311,51927.855
122312,137488.52
122313,65911.805
122314,102663.95
122315,99363.336
122316,125300.59
122317,57567.727
122318,87069.4
122319,82460.375
122320,125646.016
122321,47092.5
122322,139020.22
122323,46380.203
122324,115502.195
122325,55042.543
122326,74369.625
122327,129687.29
122328,146379.16
122329,84911.47
122330,49009.055
122331,123319.734
122332,120959.875
122333,97006.09
122334,96633.516
122335,94218.02
122336,55575.375
122337,107129.06
122338,108289.59
122339,98428.64
122340,48747.316
122341,45987.496
122342,44541.215
122343,122244.914
122344,44111.402
122345,120211.125
122346,147384.69
122347,117574.68
122348,126995.36
122349,119781.87
122350,116079.3
122351,48334.68
122352,88282.24
122353,106211.43
122354,117483.086
122355,50889.97
122356,50681.3
122357,33352.324
122358,53973.004
122359,51697.027
122360,134281.6
122361,114697.77
122362,137876.22
122363,90416.15
122364,49088.582
122365,95027.836
122366,108174.59
122367,114646.27
122368,125681.74
122369,45716.83
122370,47587.59
122371,112468.96
122372,131027.41
122373,103239.25
122374,126588.375
122375,104382.25
122376,127730.41
122377,117498.445
122378,55883.34
122379,86087.305
122380,107443.68
122381,48291.8
122382,149954.75
122383,99689.88
122384,100401.02
122385,127736.46
122386,102451.65
122387,49728.645
122388,114557.664
122389,172967.16
122390,151679.86
122391,109440.875
122392,147379.53
122393,102023.68
122394,44390.79
122395,51360.766
122396,123677.72
122397,115911.86
122398,86524.734
122399,106740.984
122400,68110.92
122401,120809.55
122402,49447.363
122403,149610.34
122404,154663.75
122405,125716.98
122406,132433.66
122407,138169.73
122408,125836.016
122409,104281.94
122410,52479.617
122411,91571.7
122412,72066.92
122413,59620.01
122414,110710.63
122415,123307.67
122416,56768.418
122417,47879.586
122418,123475.79
122419,97072.516
122420,90717.0
122421,52137.145
122422,141450.17
122423,48386.09
122424,52170.44
122425,154018.55
122426,89083.87
122427,105903.4
122428,42988.65
122429,168018.61
122430,56180.832
122431,109799.164
122432,50377.934
122433,129257.99
122434,147179.95
122435,65502.766
122436,50586.805
122437,90952.25
122438,125904.125
122439,178749.34
122440,120848.25
122441,94721.75
122442,133082.42
122443,49254.01
122444,44740.457
122445,147318.89
122446,111624.86
122447,108509.96
122448,148654.98
122449,107230.41
122450,118289.33
122451,116275.016
122452,187371.8
122453,51615.285
122454,113676.875
122455,115890.44
122456,64024.855
122457,55061.688
122458,121743.914
122459,83798.41
122460,51211.51
122461,118975.81
122462,76457.07
122463,46749.035
122464,166390.31
122465,64843.957
122466,52479.848
122467,127893.3
122468,126652.9
122469,86282.09
122470,105986.64
122471,42950.3
122472,52077.016
122473,52676.555
122474,168903.14
122475,124560.625
122476,107608.03
122477,148818.44
122478,102418.54
122479,156869.95
122480,120136.31
122481,130729.35
122482,111879.36
122483,132946.89
122484,47634.246
122485,108263.7
122486,133293.53
122487,50419.438
122488,126452.82
122489,48404.2
122490,113026.125
122491,93367.51
122492,51079.797
122493,128815.63
122494,45504.41
122495,56927.023
122496,153646.64
122497,132874.08
122498,117899.336
122499,115509.28
122500,59888.87
122501,124619.79
122502,131467.39
122503,92975.55
122504,138017.7
122505,59667.652
122506,56081.707
122507,162754.95
122508,154207.62
122509,94819.98
122510,113863.97
122511,117307.03
122512,90261.945
122513,57563.277
122514,111002.64
122515,48504.848
122516,45762.285
122517,86884.08
122518,41534.207
122519,77807.984
122520,52262.074
122521,102233.97
122522,119537.375
122523,114909.68
122524,111332.33
122525,113558.37
122526,150964.38
122527,108233.36
122528,49936.52
122529,103863.98
122530,116355.44
122531,136541.98
122532,135945.23
122533,163599.66
122534,150914.94
122535,130368.04
122536,45109.277
122537,47836.76
122538,126035.055
122539,137951.34
122540,48419.387
122541,52802.938
122542,156709.4
122543,119807.67
122544,50857.203
122545,94302.46
122546,89736.125
122547,117967.766
122548,62353.69
122549,122383.11
122550,103715.6
122551,94149.484
122552,49256.008
122553,50205.914
122554,50803.652
122555,127165.29
122556,104464.14
122557,47330.965
122558,112187.58
122559,118720.1
122560,125042.65
122561,41571.742
122562,120941.055
122563,80589.79
122564,162351.36
122565,106297.8
122566,53051.305
122567,178540.34
122568,97753.18
122569,81520.04
122570,52228.56
122571,108135.945
122572,43381.742
122573,131354.64
122574,48584.54
122575,133790.42
122576,47440.645
122577,147768.97
122578,49371.395
122579,107369.8
122580,52792.043
122581,48817.246
122582,112106.164
122583,116352.01
122584,45688.73
122585,41472.824
122586,117681.984
122587,100534.04
122588,108135.914
122589,121385.31
122590,114827.76
122591,171192.55
122592,133361.61
122593,140465.39
122594,47441.34
122595,134165.19
122596,51560.22
122597,117716.305
122598,89032.31
122599,48783.88
122600,119817.47
122601,114149.24
122602,97298.29
122603,73572.49
122604,105816.6
122605,50502.938
122606,159884.05
122607,136331.86
122608,249281.48
122609,48143.066
122610,114310.49
122611,102769.45
122612,118065.33
122613,144763.52
122614,133369.9
122615,111126.37
122616,45892.625
122617,109494.25
122618,132670.4
122619,46105.734
122620,117375.36
122621,174467.66
122622,136965.97
122623,111465.234
122624,46231.527
122625,49477.746
122626,152648.81
122627,136722.75
122628,108745.56
122629,128250.266
122630,109957.42
122631,53592.83
122632,113520.48
122633,102433.51
122634,123118.01
122635,53116.13
122636,123723.19
122637,105971.77
122638,48731.812
122639,100277.97
122640,46610.938
122641,53583.78
122642,49083.62
122643,58022.42
122644,172240.81
122645,123189.016
122646,57128.715
122647,103907.49
122648,48830.074
122649,116985.266
122650,135315.98
122651,150221.77
122652,134071.97
122653,157019.47
122654,118755.555
122655,166390.31
122656,121002.734
122657,126370.68
122658,152346.55
122659,51518.05
122660,120074.914
122661,109834.9
122662,113076.93
122663,123586.836
122664,51243.836
122665,148457.0
122666,46381.64
122667,67188.914
122668,113804.484
122669,52031.13
122670,111218.586
122671,107372.14
122672,120606.695
122673,115647.35
122674,131509.06
122675,124228.38
122676,106478.14
122677,117027.92
122678,51165.785
122679,137511.25
122680,88867.34
122681,125958.48
122682,112847.8
122683,57342.945
122684,103325.13
122685,109390.96
122686,47901.355
122687,126120.52
122688,123534.77
122689,131326.6
122690,149005.27
122691,110867.14
122692,90003.24
122693,117089.375
122694,90160.5
122695,116889.38
122696,133018.77
122697,101771.06
122698,49006.99
122699,45043.477
122700,45791.895
122701,110231.08
122702,51463.484
122703,64454.31
122704,119840.0
122705,100801.73
122706,114355.84
122707,42102.047
122708,206890.78
122709,133919.69
122710,175198.27
122711,108230.11
122712,98950.78
122713,54869.22
122714,144602.58
122715,107024.664
122716,101583.914
122717,44484.332
122718,51997.53
122719,72022.28
122720,133268.03
122721,134795.97
122722,116169.85
122723,52028.355
122724,125537.164
122725,96922.73
122726,101596.44
122727,168236.03
122728,47691.824
122729,51330.152
122730,137430.84
122731,160843.97
122732,73181.63
122733,114702.14
122734,93580.625
122735,45953.723
122736,46814.523
122737,55237.316
122738,89558.664
122739,165589.39
122740,122736.125
122741,123093.39
122742,140336.83
122743,48747.746
122744,110538.77
122745,106679.555
122746,121298.586
122747,104461.46
122748,145123.19
122749,49140.715
122750,104211.05
122751,187320.2
122752,111690.15
122753,134249.62
122754,45047.473
122755,113222.82
122756,111727.49
122757,119373.38
122758,51249.277
122759,112731.3
122760,100514.61
122761,45625.77
122762,50290.34
122763,155096.02
122764,87421.05
122765,91074.88
122766,51569.883
122767,117824.664
122768,99667.07
122769,120217.65
122770,132943.11
122771,110838.79
122772,49490.184
122773,132238.69
122774,54231.53
122775,103749.99
122776,47445.258
122777,93119.17
122778,110485.266
122779,53978.46
122780,121094.66
122781,46202.168
122782,127887.28
122783,55015.453
122784,98131.91
122785,133154.94
122786,123420.86
122787,148097.48
122788,160276.47
122789,53400.37
122790,124048.88
122791,82860.21
122792,53135.844
122793,43783.47
122794,158483.66
122795,53425.883
122796,114889.8
122797,101041.23
122798,93343.22
122799,115697.92
122800,122822.734
122801,113475.336
122802,48940.414
122803,57926.2
122804,110889.99
122805,129009.625
122806,140610.17
122807,92822.6
122808,92740.13
122809,121468.08
122810,146828.61
122811,51250.457
122812,48509.934
122813,147286.77
122814,56059.754
122815,106174.58
122816,120150.54
122817,95658.94
122818,84571.64
122819,100416.89
122820,90154.21
122821,118820.42
122822,52394.23
122823,95344.07
122824,119442.04
122825,50553.664
122826,142288.17
122827,49590.543
122828,53559.594
122829,96849.484
122830,131412.83
122831,84806.71
122832,118359.055
122833,55215.14
122834,148030.72
122835,130705.93
122836,108111.39
122837,113086.58
122838,62042.145
122839,50302.23
122840,142195.23
122841,90358.61
122842,67471.76
122843,104263.484
122844,114040.77
122845,56218.062
122846,110209.51
122847,51490.973
122848,162358.12
122849,45144.566
122850,110966.37
122851,137377.12
122852,126320.08
122853,134916.55
122854,119826.19
122855,49129.316
122856,104277.09
122857,141507.98
122858,128996.56
122859,131704.03
122860,49009.133
122861,127484.76
122862,97677.55
122863,160664.34
122864,108966.19
122865,52563.113
122866,98397.14
122867,111058.89
122868,132137.58
122869,126682.18
122870,109552.79
122871,52958.39
122872,96429.58
122873,113538.664
122874,48991.434
122875,103885.21
122876,106008.87
122877,120171.33
122878,126162.664
122879,108196.16
122880,100822.945
122881,89419.8
122882,48740.57
122883,125393.58
122884,103927.49
122885,100694.82
122886,113568.54
122887,127647.61
122888,134183.2
122889,154290.66
122890,131494.81
122891,51535.117
122892,112207.17
122893,130441.52
122894,124647.21
122895,121637.74
122896,53162.59
122897,135924.1
122898,148496.73
122899,56092.895
122900,45027.64
122901,122891.38
122902,114768.1
122903,56356.734
122904,55693.87
122905,45373.742
122906,120629.1
122907,131921.53
122908,44047.758
122909,121910.53
122910,50778.45
122911,111356.65
122912,46505.473
122913,47814.207
122914,107733.69
122915,108535.67
122916,118881.77
122917,107950.25
122918,90301.57
122919,48559.395
122920,58262.137
122921,111296.195
122922,53073.258
122923,138788.0
122924,108464.945
122925,119313.64
122926,98460.625
122927,104294.914
122928,160613.28
122929,115153.57
122930,102835.195
122931,84623.77
122932,50395.684
122933,124168.08
122934,112751.93
122935,111997.9
122936,53264.39
122937,129457.7
122938,48419.387
122939,119461.21
122940,115203.625
122941,92996.98
122942,44251.9
122943,104726.4
122944,100718.9
122945,115374.305
122946,152320.23
122947,48731.812
122948,42854.938
122949,55444.156
122950,57536.117
122951,86410.03
122952,115937.266
122953,116243.195
122954,43816.38
122955,118028.67
122956,50299.91
122957,112766.91
122958,126537.164
122959,95494.95
122960,107420.59
122961,98253.89
122962,135315.34
122963,49412.21
122964,121689.8
122965,104704.19
122966,62306.71
122967,169714.19
122968,53668.027
122969,139207.22
122970,47615.23
122971,111367.15
122972,142038.98
122973,47984.67
122974,46374.906
122975,138619.42
122976,58675.74
122977,44998.51
122978,127572.81
122979,107657.22
122980,111000.33
122981,98436.72
122982,108289.59
122983,146766.14
122984,85844.266
122985,88639.33
122986,151018.42
122987,86017.08
122988,101111.055
122989,121892.11
122990,148742.1
122991,74412.52
122992,129434.305
122993,148765.3
122994,48782.703
122995,124777.125
122996,134205.44
122997,100612.43
122998,119453.5
122999,55064.63
123000,147750.66
123001,56004.72
123002,118674.66
123003,40880.105
123004,99261.15
123005,52225.418
123006,45639.03
123007,127567.28
123008,96701.53
123009,152181.17
123010,96505.79
123011,86296.8
123012,69434.766
123013,117370.76
123014,132452.23
123015,100575.94
123016,46650.523
123017,59415.85
123018,91648.87
123019,48677.805
123020,45947.79
123021,47973.367
123022,60423.406
123023,55117.918
123024,99181.04
123025,116405.99
123026,116812.74
123027,107019.32
123028,131239.94
123029,42438.16
123030,115699.24
123031,69777.96
123032,52584.152
123033,51238.1
123034,123212.71
123035,50050.684
123036,45842.78
123037,49425.62
123038,209822.08
123039,110500.31
123040,161909.55
123041,59324.73
123042,101714.375
123043,91471.79
123044,118455.13
123045,89369.766
123046,50652.883
123047,103812.234
123048,134867.53
123049,113408.305
123050,53640.09
123051,125133.73
123052,47680.94
123053,52676.797
123054,138102.55
123055,116738.44
123056,135175.16
123057,100898.83
123058,132422.05
123059,48483.68
123060,112731.57
123061,88618.94
123062,116136.83
123063,106293.1
123064,132174.73
123065,132450.28
123066,142143.98
123067,55194.777
123068,111230.05
123069,47334.52
123070,47015.023
123071,45888.227
123072,47758.793
123073,86594.125
123074,133312.97
123075,117628.984
123076,125320.22
123077,104692.76
123078,98220.67
123079,182873.62
123080,102876.445
123081,145372.22
123082,132237.31
123083,53843.043
123084,48812.4
123085,98949.0
123086,51793.58
123087,107492.375
123088,107799.34
123089,124033.38
123090,98476.58
123091,113427.37
123092,126776.125
123093,86938.12
123094,116735.586
123095,66197.3
123096,239120.69
123097,109165.4
123098,131887.31
123099,127821.29
123100,150626.89
123101,51422.395
123102,48975.098
123103,160545.39
123104,53416.418
123105,104704.19
123106,137575.53
123107,129751.17
123108,52227.887
123109,103153.47
123110,110867.62
123111,136696.08
123112,169798.6
123113,110132.21
123114,118438.664
123115,120107.125
123116,55196.223
123117,44056.64
123118,114791.32
123119,49890.46
123120,141042.69
123121,97133.16
123122,114436.84
123123,41432.023
123124,158374.05
123125,105984.8
123126,48815.55
123127,96828.78
123128,62894.875
123129,49520.03
123130,110079.13
123131,46179.285
123132,144885.38
123133,104762.83
123134,107574.08
123135,155481.78
123136,59566.93
123137,43041.19
123138,93761.79
123139,50819.184
123140,50832.023
123141,45540.88
123142,98168.5
123143,108675.52
123144,127967.51
123145,48140.43
123146,128835.086
123147,125834.375
123148,116998.36
123149,66032.32
123150,56007.043
123151,47938.297
123152,42024.984
123153,146595.88
123154,43110.06
123155,135014.48
123156,119185.97
123157,38930.08
123158,108978.69
123159,116208.58
123160,118367.23
123161,107616.164
123162,58837.29
123163,96321.17
123164,152360.33
123165,116467.984
123166,47529.28
123167,40525.69
123168,111190.734
123169,104521.27
123170,106796.82
123171,50520.402
123172,141110.45
123173,46439.625
123174,171721.67
123175,49781.96
123176,104704.19
123177,134464.16
123178,51033.117
123179,134215.17
123180,41540.766
123181,84769.41
123182,113713.96
123183,40415.21
123184,166995.16
123185,142236.0
123186,107149.8
123187,150108.73
123188,68921.93
123189,51297.77
123190,46979.49
123191,111995.81
123192,111811.57
123193,110879.8
123194,45774.586
123195,45758.688
123196,134664.19
123197,48225.785
123198,105363.98
123199,107928.17
123200,40576.76
123201,106415.24
123202,55397.266
123203,111071.46
123204,133933.17
123205,94262.73
123206,49350.035
123207,112251.18
123208,137446.62
123209,122089.86
123210,47764.633
123211,113541.09
123212,143471.06
123213,126886.69
123214,65975.945
123215,49262.977
123216,133304.77
123217,65916.12
123218,93855.87
123219,116981.68
123220,120610.055
123221,136357.89
123222,93325.266
123223,48247.38
123224,61000.14
123225,94302.46
123226,138372.53
123227,49018.625
123228,118572.59
123229,56725.12
123230,197121.73
123231,46342.13
123232,102431.05
123233,143305.12
123234,131694.06
123235,103171.414
123236,49051.59
123237,109273.94
123238,150465.66
123239,47446.777
123240,118508.98
123241,49473.89
123242,45364.758
123243,70450.63
123244,58077.8
123245,153310.9
123246,129644.85
123247,52498.74
123248,109326.91
123249,136139.42
123250,43696.16
123251,125122.57
123252,131607.92
123253,148086.3
123254,117376.086
123255,123507.0
123256,53775.8
123257,48609.26
123258,164985.0
123259,144437.61
123260,96539.9
123261,43707.477
123262,90795.33
123263,119727.805
123264,100581.75
123265,132510.86
123266,107002.06
123267,118176.03
123268,55472.973
123269,45334.36
123270,102699.52
123271,42696.688
123272,45565.863
123273,124589.28
123274,48001.03
123275,160851.47
123276,124088.86
123277,131038.97
123278,147199.83
123279,54930.145
123280,130001.19
123281,113409.586
123282,138608.75
123283,73639.586
123284,53169.785
123285,130634.32
123286,121234.75
123287,133088.73
123288,102455.43
123289,151544.06
123290,131093.06
123291,125385.805
123292,109198.305
123293,107391.086
123294,50004.895
123295,136608.97
123296,51329.06
123297,51710.34
123298,110206.55
123299,51282.33
123300,102018.51
123301,105803.16
123302,50940.527
123303,115492.516
123304,84279.21
123305,128024.65
123306,90118.37
123307,163387.7
123308,130450.86
123309,41386.89
123310,46267.586
123311,50722.957
123312,109486.27
123313,47914.355
123314,122366.555
123315,131712.5
123316,108286.27
123317,52054.496
123318,96527.6
123319,112091.336
123320,116254.56
123321,114024.555
123322,48282.812
123323,52620.17
123324,107950.25
123325,92898.63
123326,48695.395
123327,48320.45
123328,45774.586
123329,108871.37
123330,117123.664
123331,140609.3
123332,51802.28
123333,100976.29
123334,143114.7
123335,113826.76
123336,45558.27
123337,112862.76
123338,104495.39
123339,46807.906
123340,116840.43
123341,46952.168
123342,96505.45
123343,109273.94
123344,167967.16
123345,53415.434
123346,47271.99
123347,84752.2
123348,111301.84
123349,113949.07
123350,138636.06
123351,90158.516
123352,134332.36
123353,54645.85
123354,51076.996
123355,57068.035
123356,169272.17
123357,146750.38
123358,95611.0
123359,48722.02
123360,111455.48
123361,108885.19
123362,54315.66
123363,109797.6
123364,47057.867
123365,150989.02
123366,52153.58
123367,51328.68
123368,124142.375
123369,162319.1
123370,132978.08
123371,119891.14
123372,80589.79
123373,134212.19
123374,132419.62
123375,110209.51
123376,133052.11
123377,84837.18
123378,129483.945
123379,85710.445
123380,123901.07
123381,47939.492
123382,101243.79
123383,140460.8
123384,126317.914
123385,106955.15
123386,125468.086
123387,47441.992
123388,133470.88
123389,122865.81
123390,52714.88
123391,99889.31
123392,106206.016
123393,50772.438
123394,117112.7
123395,49115.75
123396,54257.656
123397,45043.477
123398,116883.14
123399,137210.5
123400,88811.26
123401,123037.08
123402,134216.56
123403,46793.43
123404,50662.49
123405,96742.16
123406,104292.33
123407,95317.875
123408,126046.68
123409,51385.027
123410,126211.43
123411,136932.3
123412,108892.82
123413,123427.25
123414,102905.31
123415,48188.223
123416,47148.88
123417,104209.31
123418,121819.445
123419,157632.22
123420,86704.96
123421,81585.49
123422,123379.66
123423,138027.83
123424,101082.414
123425,45236.676
123426,118786.36
123427,48373.95
123428,99452.76
123429,72351.35
123430,50395.734
123431,96463.97
123432,126563.945
123433,124939.65
123434,153385.86
123435,102704.53
123436,54773.727
123437,47020.69
123438,120356.35
123439,51967.04
123440,50563.66
123441,122878.09
123442,48863.977
123443,51222.48
123444,118120.93
123445,54420.445
123446,149069.19
123447,136396.33
123448,46689.566
123449,136110.97
123450,109572.15
123451,89506.625
123452,132628.92
123453,113312.875
123454,147080.5
123455,51833.543
123456,124150.555
123457,97728.33
123458,142412.42
123459,93516.88
123460,46880.504
123461,115200.55
123462,110144.41
123463,98861.0
123464,119027.52
123465,118373.18
123466,58814.008
123467,96316.03
123468,49831.47
123469,110018.875
123470,48357.26
123471,119191.625
123472,94644.375
123473,118894.086
123474,146126.88
123475,62727.285
123476,109005.99
123477,53065.55
123478,52643.277
123479,124815.51
123480,47984.67
123481,151089.67
123482,113908.76
123483,55310.637
123484,49788.57
123485,46502.883
123486,55482.74
123487,82467.34
123488,88938.93
123489,100738.23
123490,155964.52
123491,95333.79
123492,57344.367
123493,152912.73
123494,102551.45
123495,56257.76
123496,48884.266
123497,91883.266
123498,147144.44
123499,48079.066
123500,106833.664
123501,52411.785
123502,101929.83
123503,44740.336
123504,137121.16
123505,141903.19
123506,51447.957
123507,142147.06
123508,111878.3
123509,140599.0
123510,126565.914
123511,87475.9
123512,47590.24
123513,90045.59
123514,101588.96
123515,120237.34
123516,90227.72
123517,135757.6
123518,110902.8
123519,61492.074
123520,119055.12
123521,97041.07
123522,74662.45
123523,138178.2
123524,128778.2
123525,115578.84
123526,46473.258
123527,53735.996
123528,46989.02
123529,46408.316
123530,108604.29
123531,88282.24
123532,125263.48
123533,110763.57
123534,104216.15
123535,115151.73
123536,47345.594
123537,50204.83
123538,110332.664
123539,115051.59
123540,47403.25
123541,53365.832
123542,125321.0
123543,47602.656
123544,130663.63
123545,118762.17
123546,105175.71
123547,100151.97
123548,95658.94
123549,140477.7
123550,118606.08
123551,44300.074
123552,48660.953
123553,125446.54
123554,108690.53
123555,160164.73
123556,44326.6
123557,112539.88
123558,45566.25
123559,124551.945
123560,139266.14
123561,107180.39
123562,46793.43
123563,43707.477
123564,118669.74
123565,98967.055
123566,147149.25
123567,52962.723
123568,133578.34
123569,112137.21
123570,134607.38
123571,95062.04
123572,112767.695
123573,108978.555
123574,113032.06
123575,50737.56
123576,160166.19
123577,145240.8
123578,191562.81
123579,50896.707
123580,135499.31
123581,105381.26
123582,121262.664
123583,114355.84
123584,42284.414
123585,110431.83
123586,96527.6
123587,102364.15
123588,93853.66
123589,120692.03
123590,135676.05
123591,128571.82
123592,46783.586
123593,52840.105
123594,52713.383
123595,105381.61
123596,175399.48
123597,48836.773
123598,110334.1
123599,139914.89
123600,127334.664
123601,113614.9
123602,50350.555
123603,140115.7
123604,90873.57
123605,138782.27
123606,45254.242
123607,139090.3
123608,138142.39
123609,89431.97
123610,132391.33
123611,126923.91
123612,131243.02
123613,44284.984
123614,120115.64
123615,54956.605
123616,47368.24
123617,178923.03
123618,120292.3
123619,116000.21
123620,89506.625
123621,45874.12
123622,53847.4
123623,121633.54
123624,53745.18
123625,108936.445
123626,115403.01
123627,107152.59
123628,120431.33
123629,108305.94
123630,128424.16
123631,54322.66
123632,47943.715
123633,49051.59
123634,106227.93
123635,67305.27
123636,104325.68
123637,57754.61
123638,97870.82
123639,144675.94
123640,130477.86
123641,136214.81
123642,121581.55
123643,110003.98
123644,46404.816
123645,144244.55
123646,89472.55
123647,127425.625
123648,87967.586
123649,186173.6
123650,159570.27
123651,109728.195
123652,49274.793
123653,98707.22
123654,122535.12
123655,84492.04
123656,149216.52
123657,118702.08
123658,146388.39
123659,87111.96
123660,119085.47
123661,87401.51
123662,115483.08
123663,121813.516
123664,108778.484
123665,44220.875
123666,136007.08
123667,46842.324
123668,130133.64
123669,57625.797
123670,143493.5
123671,63285.645
123672,99514.62
123673,47939.492
123674,119582.06
123675,135888.02
123676,100921.82
123677,89369.766
123678,152388.92
123679,105958.34
123680,159889.38
123681,84180.42
123682,126562.375
123683,54956.22
123684,95343.11
123685,173842.52
123686,125765.78
123687,127439.516
123688,50771.938
123689,99982.484
123690,56605.4
123691,111899.73
123692,124474.73
123693,47352.953
123694,104527.97
123695,48539.695
123696,150589.53
123697,99670.09
123698,98596.26
123699,50665.52
123700,138358.1
123701,144902.38
123702,48953.71
123703,116714.06
123704,116472.484
123705,126439.586
123706,120024.46
123707,127884.6
123708,141976.69
123709,48348.715
123710,93916.66
123711,107090.57
123712,53213.01
123713,125940.48
123714,128988.95
123715,91790.4
123716,58481.836
123717,132262.88
123718,49400.973
123719,131679.31
123720,122224.94
123721,146308.0
123722,152981.33
123723,48896.98
123724,159676.56
123725,114147.04
123726,155554.44
123727,96483.94
123728,142094.8
123729,105527.28
123730,36815.957
123731,99499.71
123732,126044.58
123733,97361.17
123734,126550.58
123735,111947.39
123736,140329.2
123737,54009.74
123738,92192.96
123739,108668.52
123740,61978.44
123741,88120.38
123742,45847.086
123743,52887.23
123744,93805.14
123745,50021.61
123746,116224.93
123747,47263.055
123748,101403.82
123749,126099.48
123750,59671.043
123751,117645.72
123752,98221.46
123753,49019.305
123754,52610.77
123755,50826.66
123756,45175.742
123757,132377.44
123758,54937.855
123759,177687.34
123760,129565.664
123761,110934.77
123762,46322.957
123763,125275.05
123764,115535.54
123765,101568.234
123766,152814.75
123767,118313.65
123768,45345.195
123769,121022.06
123770,115009.18
123771,95458.7
123772,100127.55
123773,125883.15
123774,137656.23
123775,98215.07
123776,189067.3
123777,56180.688
123778,42303.016
123779,117153.81
123780,86771.78
123781,123059.53
123782,94674.914
123783,116112.52
123784,132422.75
123785,162645.58
123786,163643.39
123787,128484.3
123788,125876.63
123789,46739.535
123790,51630.21
123791,43574.594
123792,112867.87
123793,52088.625
123794,128521.43
123795,125016.41
123796,48482.457
123797,61258.82
123798,63142.27
123799,91828.67
123800,49336.637
123801,49658.93
123802,51268.125
123803,96194.5
123804,128044.6
123805,163496.56
123806,125381.42
123807,145698.25
123808,119712.875
123809,137299.92
123810,101463.85
123811,54059.15
123812,117116.49
123813,138596.47
123814,120450.24
123815,46925.77
123816,55395.348
123817,101822.23
123818,108433.15
123819,103026.0
123820,45868.086
123821,116918.6
123822,127082.35
123823,111983.2
123824,46710.92
123825,100641.73
123826,126452.67
123827,114895.445
123828,126774.445
123829,95911.84
123830,133144.58
123831,152576.05
123832,45139.42
123833,47327.656
123834,48853.797
123835,133344.19
123836,94553.0
123837,154781.08
123838,88598.03
123839,47874.793
123840,115554.71
123841,53997.58
123842,52303.844
123843,101537.76
123844,89045.336
123845,51710.34
123846,88553.6
123847,135521.14
123848,50824.273
123849,131736.0
123850,49456.098
123851,116775.69
123852,106357.25
123853,113600.41
123854,136621.86
123855,129296.77
123856,139618.45
123857,112266.9
123858,120352.945
123859,87598.84
123860,202615.16
123861,44965.492
123862,50988.53
123863,164749.98
123864,48636.92
123865,98098.164
123866,128039.695
123867,50159.004
123868,172019.66
123869,155488.95
123870,46012.766
123871,50095.508
123872,53097.402
123873,108729.11
123874,46395.605
123875,142334.45
123876,142838.56
123877,104374.51
123878,119157.15
123879,108401.305
123880,130866.055
123881,46116.047
123882,138298.97
123883,81396.19
123884,137329.28
123885,75730.766
123886,131344.11
123887,132848.64
123888,52408.81
123889,120533.04
123890,101462.65
123891,61257.75
123892,154774.88
123893,90973.266
123894,46491.477
123895,102443.72
123896,130301.37
123897,133827.2
123898,89484.99
123899,96505.45
123900,145224.78
123901,123404.43
123902,110425.43
123903,107273.12
123904,102871.14
123905,35317.285
123906,121918.81
123907,131358.08
123908,45722.633
123909,143723.22
123910,90393.19
123911,107270.38
123912,98791.06
123913,121673.56
123914,123737.27
123915,101892.664
123916,109753.99
123917,130637.81
123918,125903.59
123919,118740.234
123920,119880.64
123921,47981.5
123922,48163.297
123923,122489.5
123924,48186.594
123925,142903.0
123926,117550.055
123927,94150.836
123928,133750.53
123929,133236.61
123930,47424.53
123931,104290.74
123932,53645.086
123933,64806.14
123934,182170.6
123935,49590.543
123936,124428.42
123937,108986.61
123938,103725.33
123939,100185.09
123940,146006.4
123941,112898.055
123942,140960.22
123943,56050.582
123944,45245.973
123945,59113.008
123946,49260.973
123947,47953.88
123948,125937.89
123949,57386.137
123950,145074.16
123951,48059.676
123952,98997.08
123953,117747.38
123954,44094.11
123955,92016.516
123956,152917.05
123957,157250.92
123958,47400.492
123959,48223.523
123960,112759.34
123961,80523.805
123962,42629.49
123963,123147.945
123964,114023.76
123965,44320.188
123966,80589.79
123967,118110.56
123968,86800.555
123969,144912.27
123970,105449.45
123971,107846.44
123972,106703.77
123973,125868.586
123974,103089.04
123975,117420.24
123976,56189.527
123977,111664.484
123978,115842.65
123979,118797.086
123980,96108.9
123981,48674.895
123982,137723.34
123983,146967.19
123984,127429.2
123985,105144.875
123986,116635.95
123987,155256.4
123988,50377.914
123989,100166.36
123990,47938.4
123991,60340.945
123992,50456.727
123993,49296.574
123994,47189.492
123995,55108.027
123996,137984.17
123997,92810.17
123998,99338.984
123999,116635.78
124000,52325.207
124001,130866.305
124002,99297.195
124003,49051.59
124004,118003.96
124005,137521.48
124006,98706.18
124007,117757.26
124008,49428.863
124009,49014.85
124010,152206.92
124011,106551.336
124012,105889.17
124013,87839.34
124014,50877.58
124015,158713.03
124016,64645.586
124017,171378.23
124018,95476.1
124019,125471.914
124020,38323.883
124021,112357.7
124022,118481.11
124023,45644.16
124024,114087.016
124025,135395.9
124026,48037.652
124027,58514.57
124028,134254.94
124029,107138.8
124030,127150.08
124031,51011.797
124032,50377.934
124033,42044.668
124034,134208.2
124035,51102.312
124036,96745.734
124037,52869.992
124038,84127.07
124039,52631.793
124040,113873.1
124041,55699.65
124042,125446.59
124043,84740.125
124044,99730.414
124045,112321.305
124046,134994.34
124047,93977.375
124048,110418.86
124049,136839.45
124050,102923.87
124051,45472.918
124052,121902.24
124053,97753.18
124054,105283.44
124055,161145.64
124056,47985.81
124057,90076.63
124058,139685.77
124059,124334.55
124060,49544.266
124061,95676.08
124062,120347.38
124063,43901.65
124064,156883.06
124065,141163.08
124066,132967.95
124067,122775.305
124068,118365.516
124069,172761.25
124070,51343.094
124071,128694.766
124072,108386.83
124073,50122.918
124074,130852.97
124075,111319.016
124076,112456.87
124077,127708.17
124078,96567.35
124079,84127.07
124080,120919.52
124081,140498.1
124082,126985.43
124083,128085.25
124084,108804.8
124085,123144.59
124086,133043.66
124087,100005.45
124088,107996.54
124089,48064.83
124090,91341.77
124091,43375.44
124092,119617.8
124093,173703.83
124094,128077.78
124095,124095.164
124096,86616.38
124097,131072.16
124098,143537.5
124099,184668.94
124100,54339.555
124101,104242.42
124102,142609.12
124103,90378.66
124104,58430.293
124105,45874.12
124106,114414.734
124107,51263.676
124108,49076.47
124109,132196.4
124110,90637.2
124111,133394.78
124112,132474.3
124113,143160.61
124114,128840.086
124115,107372.14
124116,128906.31
124117,117311.79
124118,121638.41
124119,130499.86
124120,126503.336
124121,126756.14
124122,50574.086
124123,55876.758
124124,132651.44
124125,50314.434
124126,133054.66
124127,111083.74
124128,103657.72
124129,161389.23
124130,125883.21
124131,125814.63
124132,142328.06
124133,100766.01
124134,133594.47
124135,92822.6
124136,91292.86
124137,150657.17
124138,82427.22
124139,121408.21
124140,97309.16
124141,132833.98
124142,117405.484
124143,43831.445
124144,116586.28
124145,103231.98
124146,116830.55
124147,120395.27
124148,114619.64
124149,110363.1
124150,51702.523
124151,123042.87
124152,158871.38
124153,150809.88
124154,108898.164
124155,80813.24
124156,114877.38
124157,150991.39
124158,105788.39
124159,52997.64
124160,51996.867
124161,100176.29
124162,82539.36
124163,139638.6
124164,49930.094
124165,103481.34
124166,128852.875
124167,87309.36
124168,122240.875
124169,139043.69
124170,49848.266
124171,79991.69
124172,67964.34
124173,46686.035
124174,72694.445
124175,127210.21
124176,129075.555
124177,133214.16
124178,136155.5
124179,126838.81
124180,123911.88
124181,185026.08
124182,50289.57
124183,120147.875
124184,92109.51
124185,46787.664
124186,50151.53
124187,155819.73
124188,160783.66
124189,53012.535
124190,51259.234
124191,144114.19
124192,114834.78
124193,123030.89
124194,67074.92
124195,104202.89
124196,49504.477
124197,140299.34
124198,142212.86
124199,126767.07
124200,95525.6
124201,45642.914
124202,154146.98
124203,121886.08
124204,110351.18
124205,54968.65
124206,142018.89
124207,96224.93
124208,126251.46
124209,61492.13
124210,54096.535
124211,145582.44
124212,113815.54
124213,143376.94
124214,127023.11
124215,129530.64
124216,47591.414
124217,56208.1
124218,160126.34
124219,130089.02
124220,54474.895
124221,128507.56
124222,121480.09
124223,104567.34
124224,45758.016
124225,64621.605
124226,100014.23
124227,90526.57
124228,47246.566
124229,50930.375
124230,98963.375
124231,52886.617
124232,45548.414
124233,107150.28
124234,48007.008
124235,59733.477
124236,124702.64
124237,116257.234
124238,44419.8
124239,117935.25
124240,124575.26
124241,51923.9
124242,118731.914
124243,46408.168
124244,124302.83
124245,48614.19
124246,143160.88
124247,104298.86
124248,124050.484
124249,141512.39
124250,42949.77
124251,129080.88
124252,59798.406
124253,114298.3
124254,120875.19
124255,57195.51
124256,102975.23
124257,130426.19
124258,113075.14
124259,55203.164
124260,115583.7
124261,34783.027
124262,42303.85
124263,109916.98
124264,138776.88
124265,49116.848
124266,92762.93
124267,107583.0
124268,95298.06
124269,33830.4
124270,129391.695
124271,137299.6
124272,189077.67
124273,120434.484
124274,86148.53
124275,111436.945
124276,143916.84
124277,100700.64
124278,153221.25
124279,87594.59
124280,112524.04
124281,135045.19
124282,51191.49
124283,58434.434
124284,98392.24
124285,150882.05
124286,48114.64
124287,46143.836
124288,43524.473
124289,100424.016
124290,47492.516
124291,172349.14
124292,106409.016
124293,121063.55
124294,165644.98
124295,54875.992
124296,53708.74
124297,47894.58
124298,92178.51
124299,48511.04
124300,95543.06
124301,101082.414
124302,122879.94
124303,44521.18
124304,50925.652
124305,141988.27
124306,85686.805
124307,58569.895
124308,108111.39
124309,48262.324
124310,119539.016
124311,119222.66
124312,122800.56
124313,123337.17
124314,131495.03
124315,49423.785
124316,114738.9
124317,57426.832
124318,64442.734
124319,105748.625
124320,43124.25
124321,145475.05
124322,105716.2
124323,88771.65
124324,48641.414
124325,133651.3
124326,120368.75
124327,117081.66
124328,168582.3
124329,143120.69
124330,48004.7
124331,50187.85
124332,108570.5
124333,93135.0
124334,46604.547
124335,145691.84
124336,57128.008
124337,65539.03
124338,48360.44
124339,91338.63
124340,106941.35
124341,167346.61
124342,106008.87
124343,52630.773
124344,104476.91
124345,161761.9
124346,142599.6
124347,105577.39
124348,48262.324
124349,113090.18
124350,86410.03
124351,147511.02
124352,49144.88
124353,132629.5
124354,97754.89
124355,112685.84
124356,103426.61
124357,141053.92
124358,122580.47
124359,104560.92
124360,186264.1
124361,109966.93
124362,139209.14
124363,137033.62
124364,109787.29
124365,53912.598
124366,51630.21
124367,119490.43
124368,118939.66
124369,49791.805
124370,49238.71
124371,50484.137
124372,104685.45
124373,145038.4
124374,123841.57
124375,117132.11
124376,117120.29
124377,146154.34
124378,116351.445
124379,103793.35
124380,39215.17
124381,51815.016
124382,45020.875
124383,116247.31
124384,45857.7
124385,151375.9
124386,124368.79
124387,48895.688
124388,56982.734
124389,47444.42
124390,98397.14
124391,157884.67
124392,50244.332
124393,57506.258
124394,109251.81
124395,52700.93
124396,89400.66
124397,47693.598
124398,43881.332
124399,198670.08
124400,101660.695
124401,43407.477
124402,54674.01
124403,112506.7
124404,107861.88
124405,92400.664
124406,51082.844
124407,115951.82
124408,52911.1
124409,109756.4
124410,94176.3
124411,131507.06
124412,54894.305
124413,116315.58
124414,113989.0
124415,46380.203
124416,172950.72
124417,106900.97
124418,57385.793
124419,139959.34
124420,102088.85
124421,48795.188
124422,87309.36
124423,51189.96
124424,125236.82
124425,107356.23
124426,135247.48
124427,98999.72
124428,131598.77
124429,113334.8
124430,112124.875
124431,99009.68
124432,58055.887
124433,117166.8
124434,114807.91
124435,126800.16
124436,136992.52
124437,121401.66
124438,147612.2
124439,124026.63
124440,120809.414
124441,132512.08
124442,118194.414
124443,129911.27
124444,51310.79
124445,100849.75
124446,49141.574
124447,126113.9
124448,118548.05
124449,124108.44
124450,45289.598
124451,49953.14
124452,46807.906
124453,134027.69
124454,48932.465
124455,103526.88
124456,89369.766
124457,104812.484
124458,138904.03
124459,88526.8
124460,49105.2
124461,121286.13
124462,82618.35
124463,46807.906
124464,45902.05
124465,138038.83
124466,92138.28
124467,126319.48
124468,47722.13
124469,44716.504
124470,118854.37
124471,100533.055
124472,138597.16
124473,134830.39
124474,44910.223
124475,135438.5
124476,153078.23
124477,123936.44
124478,42720.96
124479,96325.125
124480,108408.06
124481,45802.746
124482,97898.49
124483,129355.305
124484,128510.26
124485,237865.42
124486,94819.9
124487,112065.15
124488,56516.98
124489,48938.28
124490,51296.74
124491,45469.51
124492,118834.6
124493,127893.55
124494,105310.67
124495,123537.83
124496,160036.34
124497,172340.47
124498,106402.64
124499,157222.72
124500,107192.58
124501,128698.53
124502,142539.75
124503,48851.09
124504,146655.78
124505,49820.535
124506,128082.53
124507,114542.68
124508,46437.793
124509,55364.76
124510,49294.27
124511,136317.73
124512,125778.484
124513,113987.45
124514,138261.36
124515,122348.83
124516,122934.89
124517,47711.258
124518,116930.27
124519,100311.58
124520,120004.78
124521,47739.76
124522,102413.41
124523,118209.39
124524,50019.953
124525,136135.95
124526,83464.766
124527,48620.625
124528,161287.94
124529,126382.03
124530,108990.6
124531,95458.7
124532,54644.93
124533,100362.625
124534,104670.43
124535,164985.53
124536,50522.438
124537,149320.78
124538,57346.645
124539,60045.89
124540,103396.04
124541,120392.164
124542,109235.76
124543,46380.203
124544,102882.18
124545,45306.297
124546,94828.305
124547,99767.13
124548,108918.19
124549,49981.88
124550,122580.12
124551,121960.414
124552,47318.266
124553,113666.97
124554,93452.664
124555,45931.832
124556,45516.84
124557,150925.0
124558,107346.49
124559,104141.63
124560,50355.64
124561,118928.31
124562,134397.62
124563,117981.664
124564,139444.56
124565,113613.65
124566,45336.887
124567,107048.51
124568,154318.0
124569,100840.84
124570,113217.07
124571,49267.625
124572,50580.707
124573,44492.24
124574,52724.297
124575,148777.78
124576,128375.91
124577,46305.34
124578,130674.09
124579,117288.32
124580,47775.76
124581,126775.08
124582,52594.336
124583,112330.1
124584,96781.74
124585,123123.23
124586,125732.7
124587,105734.07
124588,50141.684
124589,123563.88
124590,90000.984
124591,126500.48
124592,112223.08
124593,107300.44
124594,117116.49
124595,57326.74
124596,43452.266
124597,107027.086
124598,104796.555
124599,171421.84
124600,57499.074
124601,132024.06
124602,111633.234
124603,49352.62
124604,104401.67
124605,163320.77
124606,140789.36
124607,158647.3
124608,101495.414
124609,43707.477
124610,105242.305
124611,111178.54
124612,142318.64
124613,110859.805
124614,45562.93
124615,101501.38
124616,87247.18
124617,46586.242
124618,153044.61
124619,110989.45
124620,108918.19
124621,150801.11
124622,46878.254
124623,230716.2
124624,90873.57
124625,83293.766
124626,121112.96
124627,106124.73
124628,111111.57
124629,119890.81
124630,131123.02
124631,133363.77
124632,132027.39
124633,48897.066
124634,47197.242
124635,132231.25
124636,120977.92
124637,93557.75
124638,118290.59
124639,100375.17
124640,135617.92
124641,19370.184
124642,99894.734
124643,45014.402
124644,124531.37
124645,117764.05
124646,134352.44
124647,123659.16
124648,131762.55
124649,114373.34
124650,87909.22
124651,135965.55
124652,51352.258
124653,51159.21
124654,64528.402
124655,103512.26
124656,49684.33
124657,110939.05
124658,125785.89
124659,124197.195
124660,144680.58
124661,121725.836
124662,42484.9
124663,107037.22
124664,92915.28
124665,58996.195
124666,112169.91
124667,52465.434
124668,133104.33
124669,47470.734
124670,44939.965
124671,128884.734
124672,194088.6
124673,112643.67
124674,105294.3
124675,49880.63
124676,61208.766
124677,114613.07
124678,129678.0
124679,76765.8
124680,131804.88
124681,122981.0
124682,99868.43
124683,119216.52
124684,130018.03
124685,169469.67
124686,106928.16
124687,94809.586
124688,116822.21
124689,49400.973
124690,121791.03
124691,151652.39
124692,147867.61
124693,114542.68
124694,141485.31
124695,117353.586
124696,125902.516
124697,133399.72
124698,144878.16
124699,125801.43
124700,49178.707
124701,62066.145
124702,46103.293
124703,51750.758
124704,132193.11
124705,134374.34
124706,44089.676
124707,65664.49
124708,44241.332
124709,51188.25
124710,49417.246
124711,51241.695
124712,85876.016
124713,48503.516
124714,61654.9
124715,40589.0
124716,127520.46
124717,115917.81
124718,108240.7
124719,98770.95
124720,49669.348
124721,49623.992
124722,52515.785
124723,125987.01
124724,129094.72
124725,57450.53
124726,115940.67
124727,117247.01
124728,53988.547
124729,124324.74
124730,88202.195
124731,180690.3
124732,91405.66
124733,92775.14
124734,102936.15
124735,46788.5
124736,52123.125
124737,117539.18
124738,123435.66
124739,198283.62
124740,127069.85
124741,132877.3
124742,107553.37
124743,109568.984
124744,117222.7
124745,115039.78
124746,120442.76
124747,48081.492
124748,47219.12
124749,123785.74
124750,58416.605
124751,131327.06
124752,116508.8
124753,61272.55
124754,84771.52
124755,114667.79
124756,124017.24
124757,95972.305
124758,114641.36
124759,147358.14
124760,93738.14
124761,48632.94
124762,124692.31
124763,85800.04
124764,47093.703
124765,142624.38
124766,150509.58
124767,141547.08
124768,152128.83
124769,50770.63
124770,131571.33
124771,108555.49
124772,120954.6
124773,118237.93
124774,63074.11
124775,136343.0
124776,45437.414
124777,57084.652
124778,107163.77
124779,45709.89
124780,54098.312
124781,119829.01
124782,81747.164
124783,106880.71
124784,53881.63
124785,45509.29
124786,84728.36
124787,114465.76
124788,113615.39
124789,85673.81
124790,129447.85
124791,118793.49
124792,108082.24
124793,47795.316
124794,59946.508
124795,132520.48
124796,107836.77
124797,90624.82
124798,97066.79
124799,106008.87
124800,85925.77
124801,117559.086
124802,46343.613
124803,49496.504
124804,115205.164
124805,145880.14
124806,108700.984
124807,102303.76
124808,112901.58
124809,134664.19
124810,51327.168
124811,113522.73
124812,48311.754
124813,51448.496
124814,69496.195
124815,104914.74
124816,109842.14
124817,90310.77
124818,138227.06
124819,143262.84
124820,94716.55
124821,48830.074
124822,119015.96
124823,48875.5
124824,49209.125
124825,175774.69
124826,129164.9
124827,124404.125
124828,52913.094
124829,113281.125
124830,48834.23
124831,84098.12
124832,129583.125
124833,110998.78
124834,101041.086
124835,53978.46
124836,143112.84
124837,129046.914
124838,106675.06
124839,54574.125
124840,116743.164
124841,94168.766
124842,106472.32
124843,102393.58
124844,86534.93
124845,50715.168
124846,94343.47
124847,131377.88
124848,51662.46
124849,136311.16
124850,171704.97
124851,128300.02
124852,119043.33
124853,102311.79
124854,45922.19
124855,151681.58
124856,89920.305
124857,47977.05
124858,98881.414
124859,114679.195
124860,48466.215
124861,108566.39
124862,120948.02
124863,119751.516
124864,115510.32
124865,102731.06
124866,122443.3
124867,50384.49
124868,117895.97
124869,51154.895
124870,140702.03
124871,133864.19
124872,43749.2
124873,47471.773
124874,106137.99
124875,121843.84
124876,101521.586
124877,114075.84
124878,88748.28
124879,52286.348
124880,145820.55
124881,128014.9
124882,49207.227
124883,107035.375
124884,125180.54
124885,54645.35
124886,49122.773
124887,111660.484
124888,52812.652
124889,115343.695
124890,127879.14
124891,52142.19
124892,48246.63
124893,49550.97
124894,118457.625
124895,88748.28
124896,51956.36
124897,111822.67
124898,104704.19
124899,50413.414
124900,101276.3
124901,81520.04
124902,86319.234
124903,114430.81
124904,96963.19
124905,90301.57
124906,157721.7
124907,50141.617
124908,56911.344
124909,143740.47
124910,55283.0
124911,99929.99
124912,136560.84
124913,136333.83
124914,128838.875
124915,135241.05
124916,111375.055
124917,128613.52
124918,46527.652
124919,83057.27
124920,46641.727
124921,114343.164
124922,117695.1
124923,89565.28
124924,46382.79
124925,155423.47
124926,143282.62
124927,46007.797
124928,126230.09
124929,47039.51
124930,128189.5
124931,114863.875
124932,48851.273
124933,120432.9
124934,87763.49
124935,176322.94
124936,94341.42
124937,125168.8
124938,49598.125
124939,105757.3
124940,169412.7
124941,140497.73
124942,105888.45
124943,89601.2
124944,131026.66
124945,88450.76
124946,99935.96
124947,121967.586
124948,82098.01
124949,47923.17
124950,111687.555
124951,46165.44
124952,123978.92
124953,107381.0
124954,46450.035
124955,87919.086
124956,136207.08
124957,97298.29
124958,48649.32
124959,48591.56
124960,124431.25
124961,132076.31
124962,115380.695
124963,87309.36
124964,118951.016
124965,153961.05
124966,50591.707
124967,86028.44
124968,80589.79
124969,119299.99
124970,133872.31
124971,47615.23
124972,44548.973
124973,144065.22
124974,38152.754
124975,139464.3
124976,45773.336
124977,99691.83
124978,154419.34
124979,102116.6
124980,94343.47
124981,107603.17
124982,111284.83
124983,151963.42
124984,119712.875
124985,128006.33
124986,41834.14
124987,112517.54
124988,56501.203
124989,143298.14
124990,95574.71
124991,105757.0
124992,96255.19
124993,109229.555
124994,88968.99
124995,44767.555
124996,110586.11
124997,130994.375
124998,149649.86
124999,145977.98
125000,74270.94
125001,139296.48
125002,111565.28
125003,118754.65
125004,152880.14
125005,47572.19
125006,104249.99
125007,55031.312
125008,138476.61
125009,52550.04
125010,136516.8
125011,150624.64
125012,52885.71
125013,149421.08
125014,111112.48
125015,115374.305
125016,126954.98
125017,49190.445
125018,84260.28
125019,114354.79
125020,103226.266
125021,116889.97
125022,60576.477
125023,129300.414
125024,105406.9
125025,104711.99
125026,122690.76
125027,132083.33
125028,124825.89
125029,134461.84
125030,143465.17
125031,58768.965
125032,48799.37
125033,84681.92
125034,109521.71
125035,139823.64
125036,113809.7
125037,83625.914
125038,52948.3
125039,45458.44
125040,124974.06
125041,132226.06
125042,89419.8
125043,47984.67
125044,46012.766
125045,145340.8
125046,49772.152
125047,47456.734
125048,122060.47
125049,57438.168
125050,134808.84
125051,137265.73
125052,113587.47
125053,52287.836
125054,123499.15
125055,78804.01
125056,115918.016
125057,105186.17
125058,75787.73
125059,100694.82
125060,96447.97
125061,108160.26
125062,116816.86
125063,130746.25
125064,46983.76
125065,54425.47
125066,130397.66
125067,103747.58
125068,102665.625
125069,101998.98
125070,162905.33
125071,120217.16
125072,147693.84
125073,46807.906
125074,85299.7
125075,123899.84
125076,107456.84
125077,137004.16
125078,141373.67
125079,103231.98
125080,154207.75
125081,92072.51
125082,74920.484
125083,74393.195
125084,84919.56
125085,92788.91
125086,99328.64
125087,128563.25
125088,126671.42
125089,135540.06
125090,48869.082
125091,41718.18
125092,47443.73
125093,130531.23
125094,81413.26
125095,116006.695
125096,50521.55
125097,124492.38
125098,49870.617
125099,43811.48
125100,109241.4
125101,49115.14
125102,50857.09
125103,205396.88
125104,54360.473
125105,136197.28
125106,56429.133
125107,55740.234
125108,46973.613
125109,50777.406
125110,52008.918
125111,96505.45
125112,109536.48
125113,62669.32
125114,114021.234
125115,137877.62
125116,115472.91
125117,149556.28
125118,54953.71
125119,138140.69
125120,104910.3
125121,99427.32
125122,105970.96
125123,129576.32
125124,51609.258
125125,85686.3
125126,104489.8
125127,89274.11
125128,47863.875
125129,65031.617
125130,90579.016
125131,94555.49
125132,123440.61
125133,105716.2
125134,50219.254
125135,137527.1
125136,51993.74
125137,101371.13
125138,102804.016
125139,49091.137
125140,54649.41
125141,46615.47
125142,48662.023
125143,62557.895
125144,53639.832
125145,113865.92
125146,53764.434
125147,93410.06
125148,61946.46
125149,152245.12
125150,46342.785
125151,137059.72
125152,50582.293
125153,137082.27
125154,148344.33
125155,148594.83
125156,161910.47
125157,142234.9
125158,104469.48
125159,111442.99
125160,145566.38
125161,134284.6
125162,108653.234
125163,50319.285
125164,138677.9
125165,51563.62
125166,120992.87
125167,113289.336
125168,53789.223
125169,113907.94
125170,129949.33
125171,148721.17
125172,109273.42
125173,119497.19
125174,138138.67
125175,94589.336
125176,142363.92
125177,52012.977
125178,46423.39
125179,94263.89
125180,142958.23
125181,52460.285
125182,90369.055
125183,50034.566
125184,100692.05
125185,110584.336
125186,131148.3
125187,179207.86
125188,50550.66
125189,128139.766
125190,182263.88
125191,115525.78
125192,111500.29
125193,150349.95
125194,49032.58
125195,102459.35
125196,101315.836
125197,125840.39
125198,140700.45
125199,130578.46
125200,55964.45
125201,90994.3
125202,56797.16
125203,45751.273
125204,102629.984
125205,53712.74
125206,111460.57
125207,160542.6
125208,48462.223
125209,120545.516
125210,135006.67
125211,116658.67
125212,158621.61
125213,117954.53
125214,114432.55
125215,131817.67
125216,53810.914
125217,96667.87
125218,174162.62
125219,150932.22
125220,91954.695
125221,152740.8
125222,121432.8
125223,100116.234
125224,125028.02
125225,150668.86
125226,101644.99
125227,114337.24
125228,128796.484
125229,129544.68
125230,49180.3
125231,57275.67
125232,147236.33
125233,155537.36
125234,109204.02
125235,130651.96
125236,84828.89
125237,121041.44
125238,139511.62
125239,55569.61
125240,93348.234
125241,60297.184
125242,166511.55
125243,45854.047
125244,94293.05
125245,123949.81
125246,116695.39
125247,147787.06
125248,89580.12
125249,126246.64
125250,48715.043
125251,101715.484
125252,50354.5
125253,86319.234
125254,115616.945
125255,107332.516
125256,45725.05
125257,48270.97
125258,77154.375
125259,157647.42
125260,48240.336
125261,181336.89
125262,68335.54
125263,107593.31
125264,46316.57
125265,121187.36
125266,88364.22
125267,125418.36
125268,124486.04
125269,50463.477
125270,52111.496
125271,120016.42
125272,46124.305
125273,151649.61
125274,131911.67
125275,47471.61
125276,107969.85
125277,125964.4
125278,97947.01
125279,45642.914
125280,56042.992
125281,51089.184
125282,122727.445
125283,128309.93
125284,137082.27
125285,135505.89
125286,54384.613
125287,171311.75
125288,159515.12
125289,96160.664
125290,40434.336
125291,89419.8
125292,49068.86
125293,98961.086
125294,119234.69
125295,133137.75
125296,48079.066
125297,92530.05
125298,47206.875
125299,136489.16
125300,133594.38
125301,114613.16
125302,49361.91
125303,49933.22
125304,97798.0
125305,112832.836
125306,81193.82
125307,108174.49
125308,133053.16
125309,51030.008
125310,107693.66
125311,112965.65
125312,95492.85
125313,125735.21
125314,118076.734
125315,110817.414
125316,123064.555
125317,100629.516
125318,51973.375
125319,142971.83
125320,128471.945
125321,137622.78
125322,112962.17
125323,99420.48
125324,49358.785
125325,46038.402
125326,116278.29
125327,103565.766
125328,98997.08
125329,108747.4
125330,108447.77
125331,131058.67
125332,121925.305
125333,49156.46
125334,116693.29
125335,49775.68
125336,127666.4
125337,117744.266
125338,149964.39
125339,115362.445
125340,137202.42
125341,99382.27
125342,51122.25
125343,64671.438
125344,142434.33
125345,155831.55
125346,127096.2
125347,109964.77
125348,114329.93
125349,49859.383
125350,47623.28
125351,53568.84
125352,111976.1
125353,48904.79
125354,52943.547
125355,125045.96
125356,48548.04
125357,124493.03
125358,111295.72
125359,105648.13
125360,103642.06
125361,96505.79
125362,52811.812
125363,148168.0
125364,120686.086
125365,127188.42
125366,46790.426
125367,50789.105
125368,103413.62
125369,142346.0
125370,89161.38
125371,47481.03
125372,145408.81
125373,90763.41
125374,106811.18
125375,104981.87
125376,44939.965
125377,133932.23
125378,144619.52
125379,99693.58
125380,108557.445
125381,134543.39
125382,51406.094
125383,47537.25
125384,88148.97
125385,50180.777
125386,115310.836
125387,128422.84
125388,93738.14
125389,107843.35
125390,49510.38
125391,135317.89
125392,47400.645
125393,137244.44
125394,93179.59
125395,81798.54
125396,98588.95
125397,104506.38
125398,119632.76
125399,43964.082
125400,46085.395
125401,50927.223
125402,120888.68
125403,96527.6
125404,116888.81
125405,109090.58
125406,105404.695
125407,117732.06
125408,47119.582
125409,124735.94
125410,41531.473
125411,45014.746
125412,142838.47
125413,114211.164
125414,125135.625
125415,52422.094
125416,99422.1
125417,44266.566
125418,159497.38
125419,44907.23
125420,156940.73
125421,105410.27
125422,83714.26
125423,128525.17
125424,135276.6
125425,160428.25
125426,136194.62
125427,123147.445
125428,143902.1
125429,49294.27
125430,48370.242
125431,152313.86
125432,99969.67
125433,48038.266
125434,46996.992
125435,204794.72
125436,51366.71
125437,125294.09
125438,136240.39
125439,90605.14
125440,173973.67
125441,86342.625
125442,129733.805
125443,111420.305
125444,100921.82
125445,56937.414
125446,43225.777
125447,58348.09
125448,84281.31
125449,88879.92
125450,137998.14
125451,122027.49
125452,155230.58
125453,130151.04
125454,115903.39
125455,56975.438
125456,49950.535
125457,54217.215
125458,107422.78
125459,124198.79
125460,155038.56
125461,112546.27
125462,141448.86
125463,138275.75
125464,108230.09
125465,90423.9
125466,116706.1
125467,144796.02
125468,124256.945
125469,77706.11
125470,46954.75
125471,46849.04
125472,106792.65
125473,105370.39
125474,106799.516
125475,102213.2
125476,125931.04
125477,142839.12
125478,115170.14
125479,59034.945
125480,99278.5
125481,54944.582
125482,51828.133
125483,99384.41
125484,104154.516
125485,146428.64
125486,117008.94
125487,126573.89
125488,127411.6
125489,128780.26
125490,117990.18
125491,116572.71
125492,134016.36
125493,53547.027
125494,90575.1
125495,171601.17
125496,113081.88
125497,186837.75
125498,136688.69
125499,48802.918
125500,152898.97
125501,53721.562
125502,51421.9
125503,150362.17
125504,105719.67
125505,127158.96
125506,110047.414
125507,46242.89
125508,125628.414
125509,67663.43
125510,93551.04
125511,47574.754
125512,56196.848
125513,90037.97
125514,141647.05
125515,49490.613
125516,96007.484
125517,47882.133
125518,97433.64
125519,92635.36
125520,54058.5
125521,95484.05
125522,37938.14
125523,89681.5
125524,124473.836
125525,107470.28
125526,48795.188
125527,120870.72
125528,119177.09
125529,48247.17
125530,113257.67
125531,95991.79
125532,89015.15
125533,93773.4
125534,50777.406
125535,60772.29
125536,47418.656
125537,54743.164
125538,41122.363
125539,98510.46
125540,93738.14
125541,156697.12
125542,51500.984
125543,100981.08
125544,47100.395
125545,121917.99
125546,74157.195
125547,111879.03
125548,138825.86
125549,47951.195
125550,43542.473
125551,50122.918
125552,81507.53
125553,49526.79
125554,51710.34
125555,127736.46
125556,149638.94
125557,110093.23
125558,137968.94
125559,122982.83
125560,109133.38
125561,50150.098
125562,96745.85
125563,97753.18
125564,107325.305
125565,111207.29
125566,63208.85
125567,138294.3
125568,149118.62
125569,47974.652
125570,88011.65
125571,104545.12
125572,43644.527
125573,123593.66
125574,134134.95
125575,47808.824
125576,82743.42
125577,119303.82
125578,135821.1
125579,151688.72
125580,48655.93
125581,47341.145
125582,46649.58
125583,48652.477
125584,115995.85
125585,123800.74
125586,103426.61
125587,131539.27
125588,48487.73
125589,135405.95
125590,100704.52
125591,115991.125
125592,51151.477
125593,108614.016
125594,55427.254
125595,134266.06
125596,74012.5
125597,117597.72
125598,66102.37
125599,103501.09
125600,129931.79
125601,106146.36
125602,90952.25
125603,119326.39
125604,121992.99
125605,86319.234
125606,97797.94
125607,135139.03
125608,107540.09
125609,151185.86
125610,46878.254
125611,93855.87
125612,115896.29
125613,142370.89
125614,43189.938
125615,118290.75
125616,48234.0
125617,143842.88
125618,163932.0
125619,83863.125
125620,141363.78
125621,54447.86
125622,96082.27
125623,122257.5
125624,56343.254
125625,114158.41
125626,56447.94
125627,88962.734
125628,111577.984
125629,119233.56
125630,51151.95
125631,99977.43
125632,124258.18
125633,126714.984
125634,99972.76
125635,46912.418
125636,109324.48
125637,120920.766
125638,129394.3
125639,156755.11
125640,153669.69
125641,49916.812
125642,107883.56
125643,47567.35
125644,60103.117
125645,90158.81
125646,109401.07
125647,50586.805
125648,135635.39
125649,46231.527
125650,47424.99
125651,135947.94
125652,50649.492
125653,47820.7
125654,46251.496
125655,102271.84
125656,119765.64
125657,71458.97
125658,97852.58
125659,120011.61
125660,130450.59
125661,51833.26
125662,130163.54
125663,125415.01
125664,90575.1
125665,127408.695
125666,124700.19
125667,91525.586
125668,48971.797
125669,120487.38
125670,130508.695
125671,43003.785
125672,141250.36
125673,130312.59
125674,61351.664
125675,129834.734
125676,116047.64
125677,104939.71
125678,47423.4
125679,51655.715
125680,45002.883
125681,91415.65
125682,49815.44
125683,151127.66
125684,112362.04
125685,132024.27
125686,85945.42
125687,107536.1
125688,51838.734
125689,135845.4
125690,104203.46
125691,102212.086
125692,162232.78
125693,50777.406
125694,46577.57
125695,43673.79
125696,50886.67
125697,200644.14
125698,105230.78
125699,56024.57
125700,104960.85
125701,48467.414
125702,96187.18
125703,54281.863
125704,106814.125
125705,107934.164
125706,89170.734
125707,111721.95
125708,95399.18
125709,104787.07
125710,113264.234
125711,116790.01
125712,48768.094
125713,49983.56
125714,92762.93
125715,104424.42
125716,110700.414
125717,51895.848
125718,154105.19
125719,112967.016
125720,127750.07
125721,103602.125
125722,50385.76
125723,48404.266
125724,190193.48
125725,115556.48
125726,50811.234
125727,59581.5
125728,45664.566
125729,141732.86
125730,148531.52
125731,50713.742
125732,46962.387
125733,50232.098
125734,82956.305
125735,127027.59
125736,53415.383
125737,84545.85
125738,128453.72
125739,95890.266
125740,46537.246
125741,44647.305
125742,53459.137
125743,123506.61
125744,140618.27
125745,139984.92
125746,121653.04
125747,99406.9
125748,116609.63
125749,49435.914
125750,124170.86
125751,141415.86
125752,116670.05
125753,133103.05
125754,137231.23
125755,155329.02
125756,94004.59
125757,45767.305
125758,49298.05
125759,90708.81
125760,104473.13
125761,124981.08
125762,131120.84
125763,126176.805
125764,56272.29
125765,95439.45
125766,97620.03
125767,53508.98
125768,55555.934
125769,117098.71
125770,119183.72
125771,63110.49
125772,127056.36
125773,132425.4
125774,44022.04
125775,49670.39
125776,131915.66
125777,120512.85
125778,113748.625
125779,99461.23
125780,133827.44
125781,112474.72
125782,89124.84
125783,132313.88
125784,131378.98
125785,44671.855
125786,51940.145
125787,54118.426
125788,119072.66
125789,50733.332
125790,134295.48
125791,96056.84
125792,129629.43
125793,136292.62
125794,140055.58
125795,53947.52
125796,48273.918
125797,48077.727
125798,54174.61
125799,115010.25
125800,166772.6
125801,49722.703
125802,99314.555
125803,46090.863
125804,49815.0
125805,113856.35
125806,99754.05
125807,95083.82
125808,109226.86
125809,123124.64
125810,152590.75
125811,45674.16
125812,56319.707
125813,46164.29
125814,131476.67
125815,53132.477
125816,50434.52
125817,70125.766
125818,127670.1
125819,121299.78
125820,40686.76
125821,112621.76
125822,100065.21
125823,111326.86
125824,144087.2
125825,120018.305
125826,116808.67
125827,109614.99
125828,88771.65
125829,47501.414
125830,49273.574
125831,104534.57
125832,130765.9
125833,47733.973
125834,83918.09
125835,169837.62
125836,99307.5
125837,157347.75
125838,115086.445
125839,109161.32
125840,51291.094
125841,104791.01
125842,47615.23
125843,92592.82
125844,113894.19
125845,45798.934
125846,98847.21
125847,92163.5
125848,181892.11
125849,148586.55
125850,87892.21
125851,50674.242
125852,45642.914
125853,139005.19
125854,121416.016
125855,121838.87
125856,120118.484
125857,48543.395
125858,126949.125
125859,53833.01
125860,107811.375
125861,128110.77
125862,151166.03
125863,145192.34
125864,52460.04
125865,51452.79
125866,58466.11
125867,106052.95
125868,115747.875
125869,48418.527
125870,125298.16
125871,46026.844
125872,112315.266
125873,131559.83
125874,120463.41
125875,46510.227
125876,117529.805
125877,109468.92
125878,107257.01
125879,126709.12
125880,44003.777
125881,51862.15
125882,53017.793
125883,48335.277
125884,117848.62
125885,59235.664
125886,108161.484
125887,109031.41
125888,186169.3
125889,135432.81
125890,116332.88
125891,59694.574
125892,41813.63
125893,109324.48
125894,43807.766
125895,47725.754
125896,47211.84
125897,134199.19
125898,107616.7
125899,152762.31
125900,179383.97
125901,55025.617
125902,45842.78
125903,85588.7
125904,148257.1
125905,145685.78
125906,118017.125
125907,146618.81
125908,91557.71
125909,103426.61
125910,117183.6
125911,51544.06
125912,46425.23
125913,50601.613
125914,85606.78
125915,106928.625
125916,143438.77
125917,50782.176
125918,122860.766
125919,45592.83
125920,119469.22
125921,122348.484
125922,117216.805
125923,119259.836
125924,127623.47
125925,84411.84
125926,145987.83
125927,124405.34
125928,110544.81
125929,61700.824
125930,140811.5
125931,112315.33
125932,50749.625
125933,48055.605
125934,54867.312
125935,124921.06
125936,126968.45
125937,94685.43
125938,54402.73
125939,95045.59
125940,133101.72
125941,46913.67
125942,100564.19
125943,117842.08
125944,148201.34
125945,165174.95
125946,39738.504
125947,110971.98
125948,122114.7
125949,57396.66
125950,119873.26
125951,47011.77
125952,129900.23
125953,168422.94
125954,133457.69
125955,46267.586
125956,84732.89
125957,99429.28
125958,103936.56
125959,47942.668
125960,169660.75
125961,97054.14
125962,111039.0
125963,51761.13
125964,108018.05
125965,99179.305
125966,47499.79
125967,48514.4
125968,111268.234
125969,92150.914
125970,94517.586
125971,115626.13
125972,127188.42
125973,48264.934
125974,51999.34
125975,114944.72
125976,55000.766
125977,49504.477
125978,100365.5
125979,155882.5
125980,123868.33
125981,115652.16
125982,144955.95
125983,123209.91
125984,123003.84
125985,94555.49
125986,66065.48
125987,139841.45
125988,106163.34
125989,122356.734
125990,101014.25
125991,97699.99
125992,68401.89
125993,54295.438
125994,45862.723
125995,129935.34
125996,120213.33
125997,56610.906
125998,46551.863
125999,117094.305
126000,137807.67
126001,50928.21
126002,107015.91
126003,87136.59
126004,102340.81
126005,56730.344
126006,47939.492
126007,167652.36
126008,124765.26
126009,91154.29
126010,120576.15
126011,67517.29
126012,50605.145
126013,53399.52
126014,131230.97
126015,111637.164
126016,152768.44
126017,47232.434
126018,54758.58
126019,105002.37
126020,114757.35
126021,166060.72
126022,136011.56
126023,117601.95
126024,123654.22
126025,34860.812
126026,124270.65
126027,127448.86
126028,60119.445
126029,74788.08
126030,101788.99
126031,45943.137
126032,51315.566
126033,47939.492
126034,110124.92
126035,117239.92
126036,130277.2
126037,120284.36
126038,45014.746
126039,137764.72
126040,127416.37
126041,47206.19
126042,103557.86
126043,104462.4
126044,48579.414
126045,51989.777
126046,97358.21
126047,46179.676
126048,58229.66
126049,131174.1
126050,109153.28
126051,108895.34
126052,99743.41
126053,43322.73
126054,113627.43
126055,121992.82
126056,46305.34
126057,138161.77
126058,49906.934
126059,128880.97
126060,47964.406
126061,143021.17
126062,100236.34
126063,48559.28
126064,128970.15
126065,108222.84
126066,108893.28
126067,144681.14
126068,112428.75
126069,104477.26
126070,48817.125
126071,128280.305
126072,48043.465
126073,93498.555
126074,48637.53
126075,52864.895
126076,48561.59
126077,138139.19
126078,52894.082
126079,92838.78
126080,39007.223
126081,149676.62
126082,51018.55
126083,42458.793
126084,104801.64
126085,95127.22
126086,108023.22
126087,48011.402
126088,107161.32
126089,93919.3
126090,49603.04
126091,95269.695
126092,113281.43
126093,130641.44
126094,146023.25
126095,57663.16
126096,126831.65
126097,109707.44
126098,106676.18
126099,59573.64
126100,51350.82
126101,147663.58
126102,105987.46
126103,91394.89
126104,47896.06
126105,137245.81
126106,85992.09
126107,114515.914
126108,117657.2
126109,106384.01
126110,60408.57
126111,143778.1
126112,46073.887
126113,109313.14
126114,54227.703
126115,140810.9
126116,98157.82
126117,108592.92
126118,149380.77
126119,46758.598
126120,97898.71
126121,100838.734
126122,52375.36
126123,52083.09
126124,48129.953
126125,90469.88
126126,109272.48
126127,47219.12
126128,56798.12
126129,129849.03
126130,117290.59
126131,125122.73
126132,122332.65
126133,153607.67
126134,125106.05
126135,124358.54
126136,114735.95
126137,158162.58
126138,52038.67
126139,143522.55
126140,106810.0
126141,165353.73
126142,52339.055
126143,50474.16
126144,135645.72
126145,50996.09
126146,99523.51
126147,58424.14
126148,94781.47
126149,53079.742
126150,49260.973
126151,235779.08
126152,52476.992
126153,119270.375
126154,121543.414
126155,128538.4
126156,47710.75
126157,127467.89
126158,116127.625
126159,52018.547
126160,107475.08
126161,119459.27
126162,60207.66
126163,39209.8
126164,106008.87
126165,125445.19
126166,146799.39
126167,94993.67
126168,134203.39
126169,100375.17
126170,192305.45
126171,111502.88
126172,83174.164
126173,46203.926
126174,115362.56
126175,48317.797
126176,46203.926
126177,109258.73
126178,56347.72
126179,151635.88
126180,132897.16
126181,56296.156
126182,151425.0
126183,93942.99
126184,40811.49
126185,98532.58
126186,48524.844
126187,157086.48
126188,130504.22
126189,111862.125
126190,106095.42
126191,118090.125
126192,94071.21
126193,47256.504
126194,56806.465
126195,53756.996
126196,44954.785
126197,51091.508
126198,96561.03
126199,131219.66
126200,104704.19
126201,108798.75
126202,50711.242
126203,113974.52
126204,106580.27
126205,113429.414
126206,52733.016
126207,50144.973
126208,52750.84
126209,43304.004
126210,55218.164
126211,43339.918
126212,97497.055
126213,110156.35
126214,143146.94
126215,132150.81
126216,56462.777
126217,50178.12
126218,47806.496
126219,70305.62
126220,50497.457
126221,93636.56
126222,59901.176
126223,127206.2
126224,52351.746
126225,56132.582
126226,51388.992
126227,86884.08
126228,126351.94
126229,46583.87
126230,109520.29
126231,114292.016
126232,48135.24
126233,138418.2
126234,97898.49
126235,108500.445
126236,145101.55
126237,44555.395
126238,48786.043
126239,130336.734
126240,120307.016
126241,51584.71
126242,102494.914
126243,48007.598
126244,38118.145
126245,133498.22
126246,112691.1
126247,110280.305
126248,105452.74
126249,46380.203
126250,51254.574
126251,45245.973
126252,140567.69
126253,45725.05
126254,119040.93
126255,45973.895
126256,48899.91
126257,147886.25
126258,131718.69
126259,116414.055
126260,139952.61
126261,114434.54
126262,60470.055
126263,134042.72
126264,92344.71
126265,131785.38
126266,98104.375
126267,45542.07
126268,88752.12
126269,54540.703
126270,88639.33
126271,108719.3
126272,92109.51
126273,131436.98
126274,45849.12
126275,52308.457
126276,141052.53
126277,166800.95
126278,91946.62
126279,99380.586
126280,152561.69
126281,128100.1
126282,47995.332
126283,48308.6
126284,45044.43
126285,157210.56
126286,129922.695
126287,106425.52
126288,55558.97
126289,127804.3
126290,122666.43
126291,47923.17
126292,114513.24
126293,115083.21
126294,63213.043
126295,99340.01
126296,96261.95
126297,44832.11
126298,100962.484
126299,106488.83
126300,98872.49
126301,155338.8
126302,101524.32
126303,144875.58
126304,114911.3
126305,62923.973
126306,105431.86
126307,51896.973
126308,104447.086
126309,113318.734
126310,116012.3
126311,127907.836
126312,142303.81
126313,61852.805
126314,33408.125
126315,93410.59
126316,46787.582
126317,52834.62
126318,95788.36
126319,52573.92
126320,102119.24
126321,49051.59
126322,129229.34
126323,45376.15
126324,117561.93
126325,132428.48
126326,47535.402
126327,129300.414
126328,120140.3
126329,111938.82
126330,48662.227
126331,107485.33
126332,51115.0
126333,49943.2
126334,49302.227
126335,119364.27
126336,94961.1
126337,42303.016
126338,129817.33
126339,129242.43
126340,113964.65
126341,55300.59
126342,48575.176
126343,128804.125
126344,159078.98
126345,133373.45
126346,123482.98
126347,121507.04
126348,111011.25
126349,50213.766
126350,135557.98
126351,145257.83
126352,103258.195
126353,63782.395
126354,47193.5
126355,108232.766
126356,60891.703
126357,137130.62
126358,121831.94
126359,47904.46
126360,64554.438
126361,59307.785
126362,127552.3
126363,101266.81
126364,137152.69
126365,153797.3
126366,100375.17
126367,45966.49
126368,127949.4
126369,139443.45
126370,46660.125
126371,120652.734
126372,52134.008
126373,120240.09
126374,85756.04
126375,106969.23
126376,174291.81
126377,100521.19
126378,121434.734
126379,100005.62
126380,50773.77
126381,105155.91
126382,138252.9
126383,58485.996
126384,92700.734
126385,99784.59
126386,103965.516
126387,50644.79
126388,105282.33
126389,109271.71
126390,111827.65
126391,112207.66
126392,127147.05
126393,91252.055
126394,124452.47
126395,113443.84
126396,55712.844
126397,57185.547
126398,83637.2
126399,124497.875
126400,91083.91
126401,109315.71
126402,122857.11
126403,43999.535
126404,47738.137
126405,47683.14
126406,118169.336
126407,122965.41
126408,133065.02
126409,44517.492
126410,98464.875
126411,110199.26
126412,120106.01
126413,133159.1
126414,119968.52
126415,56357.6
126416,89632.87
126417,48469.44
126418,86737.45
126419,45567.02
126420,140159.05
126421,123344.53
126422,47902.305
126423,118914.92
126424,102338.39
126425,119066.58
126426,88771.65
126427,43724.445
126428,117700.81
126429,46542.535
126430,97083.0
126431,107556.33
126432,163667.55
126433,47373.598
126434,47025.67
126435,51956.64
126436,152565.0
126437,46819.613
126438,100194.52
126439,86765.305
126440,50237.305
126441,102850.32
126442,134737.95
126443,48747.746
126444,52283.02
126445,106859.11
126446,54915.72
126447,117112.13
126448,48830.074
126449,110912.69
126450,102633.34
126451,59668.727
126452,106141.86
126453,43732.316
126454,119171.27
126455,56361.566
126456,84492.04
126457,40563.8
126458,99398.99
126459,45878.69
126460,97342.1
126461,44267.88
126462,115902.66
126463,135339.92
126464,126131.02
126465,105820.08
126466,45774.586
126467,62468.074
126468,49630.184
126469,128731.055
126470,45823.105
126471,91199.414
126472,53172.715
126473,48580.19
126474,47389.273
126475,42616.03
126476,47742.723
126477,125446.3
126478,54761.76
126479,48216.19
126480,97043.05
126481,82776.17
126482,48708.484
126483,57462.465
126484,158279.36
126485,58136.74
126486,96403.7
126487,52104.86
126488,148386.14
126489,91451.85
126490,119107.24
126491,130921.79
126492,50087.574
126493,48262.324
126494,108981.22
126495,88818.55
126496,51717.926
126497,111344.71
126498,115501.29
126499,50463.582
126500,113306.57
126501,77941.49
126502,101318.07
126503,96109.73
126504,50716.65
126505,137762.27
126506,103082.83
126507,131904.08
126508,124146.5
126509,150089.38
126510,52270.26
126511,48509.633
126512,51167.03
126513,50521.14
126514,91451.85
126515,115494.4
126516,50934.016
126517,162380.84
126518,51074.684
126519,130936.3
126520,116227.32
126521,127859.555
126522,109237.65
126523,85006.64
126524,94320.586
126525,113997.445
126526,109666.2
126527,47107.78
126528,109495.9
126529,45469.848
126530,45471.098
126531,48829.223
126532,113659.56
126533,53335.36
126534,94536.29
126535,85901.2
126536,105954.88
126537,112313.49
126538,105557.42
126539,118791.25
126540,58230.297
126541,109327.44
126542,99914.76
126543,117109.13
126544,86508.95
126545,48637.53
126546,103008.9
126547,50777.406
126548,52558.78
126549,127216.484
126550,94618.16
126551,54807.4
126552,90770.0
126553,40784.64
126554,110363.13
126555,51572.598
126556,46392.797
126557,53696.445
126558,101693.59
126559,80013.99
126560,96145.21
126561,114308.63
126562,50434.56
126563,55545.74
126564,115009.18
126565,46488.27
126566,111957.836
126567,121200.08
126568,93418.4
126569,116679.914
126570,118928.9
126571,46134.77
126572,149395.7
126573,137533.69
126574,130769.04
126575,120718.336
126576,99691.13
126577,117015.82
126578,116840.51
126579,177603.81
126580,43878.176
126581,168087.95
126582,46644.047
126583,128730.66
126584,111207.23
126585,54540.617
126586,146971.2
126587,121965.24
126588,114071.63
126589,100174.04
126590,94439.61
126591,50712.44
126592,116981.83
126593,50007.59
126594,49070.18
126595,51974.92
126596,140368.6
126597,51584.71
126598,124394.73
126599,55445.125
126600,50642.477
126601,41632.957
126602,47733.33
126603,58543.14
126604,172927.77
126605,48410.848
126606,45774.586
126607,115022.38
126608,50575.8
126609,96214.43
126610,110695.055
126611,46615.414
126612,44715.344
126613,126003.29
126614,99545.3
126615,44867.285
126616,161332.55
126617,105425.85
126618,105315.7
126619,53942.465
126620,49853.33
126621,112288.6
126622,80866.32
126623,117698.984
126624,100902.11
126625,109891.06
126626,143837.47
126627,120041.42
126628,116957.72
126629,48048.19
126630,113741.46
126631,44566.805
126632,120605.74
126633,154164.64
126634,158975.31
126635,109262.02
126636,97359.84
126637,130855.73
126638,131743.33
126639,84390.61
126640,147673.7
126641,149442.75
126642,113243.3
126643,108186.016
126644,122802.98
126645,115152.76
126646,45562.742
126647,114098.914
126648,65122.156
126649,125299.48
126650,90203.88
126651,102443.72
126652,109605.63
126653,113750.42
126654,132288.3
126655,148160.84
126656,94925.164
126657,106077.875
126658,168710.17
126659,56865.79
126660,45774.586
126661,131127.3
126662,51731.75
126663,48722.02
126664,155507.98
126665,48010.7
126666,100365.5
126667,156956.58
126668,97089.02
126669,104858.984
126670,125360.42
126671,155206.98
126672,88444.04
126673,159789.08
126674,133818.62
126675,46511.336
126676,127230.195
126677,116951.55
126678,98193.68
126679,110215.64
126680,91224.375
126681,116251.25
126682,82440.086
126683,89493.695
126684,49868.484
126685,28318.363
126686,85456.13
126687,53103.97
126688,125781.46
126689,110058.83
126690,147751.22
126691,114744.74
126692,146753.81
126693,107038.49
126694,46878.254
126695,120055.54
126696,127158.69
126697,49547.04
126698,51520.273
126699,196938.23
126700,107775.85
126701,73151.05
126702,50659.465
126703,42606.055
126704,107094.45
126705,45715.824
126706,120287.734
126707,119617.84
126708,52752.04
126709,118140.12
126710,128518.516
126711,98639.89
126712,71248.5
126713,101368.76
126714,49816.727
126715,109166.58
126716,55852.656
126717,84390.61
126718,153812.45
126719,61040.34
126720,117878.93
126721,117466.03
126722,101436.29
126723,52217.44
126724,134207.8
126725,55076.98
126726,56118.438
126727,118973.93
126728,45650.562
126729,127221.38
126730,44253.29
126731,57697.902
126732,141419.52
126733,100611.55
126734,50648.19
126735,124535.38
126736,159449.6
126737,48652.477
126738,49274.344
126739,104747.67
126740,136757.39
126741,54743.164
126742,107269.016
126743,98038.67
126744,127165.07
126745,109496.195
126746,117920.12
126747,51928.57
126748,136356.95
126749,112144.29
126750,128563.78
126751,113789.82
126752,125712.18
126753,113937.016
126754,54072.348
126755,102265.43
126756,88587.48
126757,93775.375
126758,49874.19
126759,54156.56
126760,120601.055
126761,105579.945
126762,97472.45
126763,97019.59
126764,49259.438
126765,121424.57
126766,167057.55
126767,94901.51
126768,48414.387
126769,82177.83
126770,44974.023
126771,49110.31
126772,54826.844
126773,109973.836
126774,108873.5
126775,56924.06
126776,123893.77
126777,83550.02
126778,110529.75
126779,113521.19
126780,92836.44
126781,119082.12
126782,99469.56
126783,43358.348
126784,96003.98
126785,113700.27
126786,103426.61
126787,85549.55
126788,123322.29
126789,87701.98
126790,98122.6
126791,128973.805
126792,52583.45
126793,114335.02
126794,114155.43
126795,50882.598
126796,71632.195
126797,118409.53
126798,111196.07
126799,101107.234
126800,102508.08
126801,49502.496
126802,139674.27
126803,43810.887
126804,54597.984
126805,106803.9
126806,139703.67
126807,107801.18
126808,49899.33
126809,48568.184
126810,144579.12
126811,122334.5
126812,121167.81
126813,118523.64
126814,113477.945
126815,124314.2
126816,115927.94
126817,150476.55
126818,61702.176
126819,103539.94
126820,103775.13
126821,137876.22
126822,49390.0
126823,100951.81
126824,138206.08
126825,107211.734
126826,53759.18
126827,136306.22
126828,93636.56
126829,62197.805
126830,114107.3
126831,49902.75
126832,49383.484
126833,140586.06
126834,126208.305
126835,151815.9
126836,139305.22
126837,99906.12
126838,124358.24
126839,113477.37
126840,133336.53
126841,50609.113
126842,48031.98
126843,44608.836
126844,135358.4
126845,113006.76
126846,48282.016
126847,102179.95
126848,57594.633
126849,133225.03
126850,189425.61
126851,57574.363
126852,53594.254
126853,44206.496
126854,51004.254
126855,120316.49
126856,133348.45
126857,118343.05
126858,47653.914
126859,100206.97
126860,135600.95
126861,44945.69
126862,118607.24
126863,53293.14
126864,122680.266
126865,44958.758
126866,135407.77
126867,135518.45
126868,48437.37
126869,90855.61
126870,112488.945
126871,162093.55
126872,121063.59
126873,109161.32
126874,46925.13
126875,170218.53
126876,53882.348
126877,102911.4
126878,105220.48
126879,134174.72
126880,180000.66
126881,130326.414
126882,144330.52
126883,150601.62
126884,93259.3
126885,108104.66
126886,167774.92
126887,159535.31
126888,56119.88
126889,111127.93
126890,122947.61
126891,49260.973
126892,47141.81
126893,58151.805
126894,118821.83
126895,117174.4
126896,50553.867
126897,47520.703
126898,142034.56
126899,49733.61
126900,164010.9
126901,55671.527
126902,46948.715
126903,102850.57
126904,44645.71
126905,107911.48
126906,44331.023
126907,128092.23
126908,43300.355
126909,46438.74
126910,131082.08
126911,116599.51
126912,63843.168
126913,101398.26
126914,126693.52
126915,134355.55
126916,123464.58
126917,233313.77
126918,46638.715
126919,54284.79
126920,49372.566
126921,111638.305
126922,53169.785
126923,49688.21
126924,53029.668
126925,48410.848
126926,112432.414
126927,131647.81
126928,91338.87
126929,87229.125
126930,95323.14
126931,133149.0
126932,137570.86
126933,131542.86
126934,110441.52
126935,124264.055
126936,77924.32
126937,177023.84
126938,116698.83
126939,45469.414
126940,62315.203
126941,173961.4
126942,93266.39
126943,102400.68
126944,50617.793
126945,52273.984
126946,105008.97
126947,118988.67
126948,47325.383
126949,115403.01
126950,117135.17
126951,90479.36
126952,47782.582
126953,131490.12
126954,47409.375
126955,116459.78
126956,149321.86
126957,167790.22
126958,44477.586
126959,110868.07
126960,49190.848
126961,111212.234
126962,105385.445
126963,112589.516
126964,168436.88
126965,118438.07
126966,48833.695
126967,49018.08
126968,52519.305
126969,165036.28
126970,140072.11
126971,54203.48
126972,125397.695
126973,37303.83
126974,49006.99
126975,46238.56
126976,123462.96
126977,95658.94
126978,84727.18
126979,99018.8
126980,63388.008
126981,48733.95
126982,94168.766
126983,95458.7
126984,119114.53
126985,78542.516
126986,94648.08
126987,89821.81
126988,118036.82
126989,61966.58
126990,50103.355
126991,45438.418
126992,47368.24
126993,93076.72
126994,83781.914
126995,125156.945
126996,116420.03
126997,46031.027
126998,97753.18
126999,46789.414
127000,102463.52
127001,46986.82
127002,55130.168
127003,47532.26
127004,91790.4
127005,51305.883
127006,113796.04
127007,141319.66
127008,121493.305
127009,48216.19
127010,100778.92
127011,49498.86
127012,108203.71
127013,103657.4
127014,58750.68
127015,118523.805
127016,190356.98
127017,84369.805
127018,42183.473
127019,135703.12
127020,52167.94
127021,46125.156
127022,53849.074
127023,120085.71
127024,141527.4
127025,45738.64
127026,117067.38
127027,141709.64
127028,154207.62
127029,166937.61
127030,56324.77
127031,56344.176
127032,114139.71
127033,130544.13
127034,95230.586
127035,86938.12
127036,122387.97
127037,48768.215
127038,54489.41
127039,123489.1
127040,54324.363
127041,108909.91
127042,108169.445
127043,121242.5
127044,130698.28
127045,142316.62
127046,148820.6
127047,46390.727
127048,154244.36
127049,97377.62
127050,92822.6
127051,47782.68
127052,50356.98
127053,123095.43
127054,110209.51
127055,109063.31
127056,53729.004
127057,159114.33
127058,54715.125
127059,52460.156
127060,82324.766
127061,45326.12
127062,103169.7
127063,49937.617
127064,50339.402
127065,110260.234
127066,115400.96
127067,141537.53
127068,47576.902
127069,116387.8
127070,50903.125
127071,46801.0
127072,85969.24
127073,143209.53
127074,172559.7
127075,114619.04
127076,50456.727
127077,46100.562
127078,48198.176
127079,135003.0
127080,91422.16
127081,97326.65
127082,92996.98
127083,93649.195
127084,169819.39
127085,95533.1
127086,113130.23
127087,47272.223
127088,171147.55
127089,49933.22
127090,48722.02
127091,119368.2
127092,113109.51
127093,102546.05
127094,88282.24
127095,122971.86
127096,122073.65
127097,49360.105
127098,45771.375
127099,130010.28
127100,121621.57
127101,125652.17
127102,48585.44
127103,120292.516
127104,135435.2
127105,91093.586
127106,46818.215
127107,109545.99
127108,115872.81
127109,47596.12
127110,103854.2
127111,140672.22
127112,54587.438
127113,97376.1
127114,135918.03
127115,117310.24
127116,118510.484
127117,54040.152
127118,144449.06
127119,149610.16
127120,43450.6
127121,95211.03
127122,119717.98
127123,50523.605
127124,147382.38
127125,107163.234
127126,120193.484
127127,143393.33
127128,107957.12
127129,55741.906
127130,127389.516
127131,45081.09
127132,47166.37
127133,84912.055
127134,134755.67
127135,149020.02
127136,133458.36
127137,97199.47
127138,51743.77
127139,91554.445
127140,134300.47
127141,53341.39
127142,44242.664
127143,116348.58
127144,51701.703
127145,52700.305
127146,175060.27
127147,49791.805
127148,102796.84
127149,53951.46
127150,112692.56
127151,128002.28
127152,147935.61
127153,58033.117
127154,56589.53
127155,124992.1
127156,108831.984
127157,137075.34
127158,49670.44
127159,50167.41
127160,123946.336
127161,89742.11
127162,89127.58
127163,135020.31
127164,144771.8
127165,87967.586
127166,182671.2
127167,126871.33
127168,54650.46
127169,122157.7
127170,43707.477
127171,60577.914
127172,106407.7
127173,110569.734
127174,141878.84
127175,53695.914
127176,47169.164
127177,128159.27
127178,130159.52
127179,144887.12
127180,142113.73
127181,122344.94
127182,191768.61
127183,179989.23
127184,143284.11
127185,47816.004
127186,46798.38
127187,137537.17
127188,102129.766
127189,107855.086
127190,114141.62
127191,124116.36
127192,52626.69
127193,129388.31
127194,147514.56
127195,55185.438
127196,47444.42
127197,51448.434
127198,101082.414
127199,146245.47
127200,128354.43
127201,103231.98
127202,62250.82
127203,122136.586
127204,87815.055
127205,49459.094
127206,50883.188
127207,124168.71
127208,44610.934
127209,109797.6
127210,43046.098
127211,128238.516
127212,106519.79
127213,51504.227
127214,116996.23
127215,45677.99
127216,51173.527
127217,106422.99
127218,108524.4
127219,108939.05
127220,139203.31
127221,67119.31
127222,109576.6
127223,90236.67
127224,57118.29
127225,45781.37
127226,113283.33
127227,82531.66
127228,44626.402
127229,122613.71
127230,166900.38
127231,118696.9
127232,116178.305
127233,115280.17
127234,106420.73
127235,135213.08
127236,102064.266
127237,151867.23
127238,85658.72
127239,44178.16
127240,51742.36
127241,113812.56
127242,125817.63
127243,84911.47
127244,123987.664
127245,101949.625
127246,111924.7
127247,130387.57
127248,156639.72
127249,148136.23
127250,107505.195
127251,44316.06
127252,48181.27
127253,134257.28
127254,52606.023
127255,103108.516
127256,51686.504
127257,118131.984
127258,55116.676
127259,91310.81
127260,85686.27
127261,98294.19
127262,178017.7
127263,119599.23
127264,51205.082
127265,48456.977
127266,113059.875
127267,101964.34
127268,107129.06
127269,49639.48
127270,99479.33
127271,46969.9
127272,109579.3
127273,128369.08
127274,91857.195
127275,102504.555
127276,50099.582
127277,89636.14
127278,48524.844
127279,52466.668
127280,111904.98
127281,52681.15
127282,122943.78
127283,106908.77
127284,98009.72
127285,120995.25
127286,96108.9
127287,96527.6
127288,99625.31
127289,50839.875
127290,47015.023
127291,60342.656
127292,103227.76
127293,124802.766
127294,102578.15
127295,238114.48
127296,96505.79
127297,48975.41
127298,101949.32
127299,136913.64
127300,115846.805
127301,113940.484
127302,50555.72
127303,51020.29
127304,94018.69
127305,49550.97
127306,44934.02
127307,122218.695
127308,97102.016
127309,48602.97
127310,111081.125
127311,127647.24
127312,48884.266
127313,75324.65
127314,47587.594
127315,113241.85
127316,128325.516
127317,94016.92
127318,123256.04
127319,44929.562
127320,57369.027
127321,52070.746
127322,57303.992
127323,132337.86
127324,125251.52
127325,118458.23
127326,120941.586
127327,62464.582
127328,130838.0
127329,104803.38
127330,143636.2
127331,127524.445
127332,146428.45
127333,48755.945
127334,57045.562
127335,51810.324
127336,113419.516
127337,120315.016
127338,89167.1
127339,42288.83
127340,46009.516
127341,106361.625
127342,113761.664
127343,49749.523
127344,133033.53
127345,101698.055
127346,113141.44
127347,49000.918
127348,48299.74
127349,48192.984
127350,139188.69
127351,99880.05
127352,108770.62
127353,188803.89
127354,119434.34
127355,106288.51
127356,131506.75
127357,51155.055
127358,46425.23
127359,148671.23
127360,132967.77
127361,117591.94
127362,64190.777
127363,89476.37
127364,149579.95
127365,90310.77
127366,140020.03
127367,103129.65
127368,148416.3
127369,117442.984
127370,99007.945
127371,99317.9
127372,50199.31
127373,52242.61
127374,52403.164
127375,118407.54
127376,51969.004
127377,49748.457
127378,96505.79
127379,35589.582
127380,94685.43
127381,45501.727
127382,38299.57
127383,111694.55
127384,138065.78
127385,133310.22
127386,135750.48
127387,113773.695
127388,124421.28
127389,92653.98
127390,90520.195
127391,53158.625
127392,134716.61
127393,149037.05
127394,98910.16
127395,110467.086
127396,47264.246
127397,124346.34
127398,145237.44
127399,146075.66
127400,52939.383
127401,50586.805
127402,110326.04
127403,146945.53
127404,80428.125
127405,46851.99
127406,44300.11
127407,50025.656
127408,57395.684
127409,165385.33
127410,119492.75
127411,53046.414
127412,137871.94
127413,85710.445
127414,112769.91
127415,49703.09
127416,85658.72
127417,47072.824
127418,46098.902
127419,106543.88
127420,43881.332
127421,127189.95
127422,169538.08
127423,55793.246
127424,55367.91
127425,106919.92
127426,55358.824
127427,113431.23
127428,110244.87
127429,126753.586
127430,128190.016
127431,87151.336
127432,157154.72
127433,49959.18
127434,123216.664
127435,91122.03
127436,225098.56
127437,161779.62
127438,107336.15
127439,137576.78
127440,113380.98
127441,43821.91
127442,118294.7
127443,104464.14
127444,152394.92
127445,160094.92
127446,111463.586
127447,136216.64
127448,114207.17
127449,155667.98
127450,53383.625
127451,47444.42
127452,51808.08
127453,120317.63
127454,52843.91
127455,137391.33
127456,101366.414
127457,88580.47
127458,61581.625
127459,101082.414
127460,121290.06
127461,128852.89
127462,155897.97
127463,48867.207
127464,52359.64
127465,124073.66
127466,128226.82
127467,127512.086
127468,135837.05
127469,50622.492
127470,134916.55
127471,46859.504
127472,113465.8
127473,97890.46
127474,101208.62
127475,73605.27
127476,51684.79
127477,113274.766
127478,145225.3
127479,110367.1
127480,138200.9
127481,90449.555
127482,92589.805
127483,143652.95
127484,139871.23
127485,130088.63
127486,48418.83
127487,119581.055
127488,116465.56
127489,140152.67
127490,98097.82
127491,125343.875
127492,60928.2
127493,104080.93
127494,91128.37
127495,52040.375
127496,54230.875
127497,117833.016
127498,121024.445
127499,116393.45
127500,89928.734
127501,101507.07
127502,101403.82
127503,162669.33
127504,136011.56
127505,40093.72
127506,121768.35
127507,48190.96
127508,146348.3
127509,107730.1
127510,96742.16
127511,45774.586
127512,108189.586
127513,137835.7
127514,138949.56
127515,91584.84
127516,127296.836
127517,51777.65
127518,113418.52
127519,128019.164
127520,121672.73
127521,123672.125
127522,126548.19
127523,85819.51
127524,91838.625
127525,145403.36
127526,50534.62
127527,48633.027
127528,47911.965
127529,94302.46
127530,121499.0
127531,49209.742
127532,103943.625
127533,121538.36
127534,58270.62
127535,103198.484
127536,110062.46
127537,95591.53
127538,45242.477
127539,101584.914
127540,114244.95
127541,117094.13
127542,57709.227
127543,54761.668
127544,103944.17
127545,46531.93
127546,113484.71
127547,101093.266
127548,53669.188
127549,45138.492
127550,123160.47
127551,89299.3
127552,131711.47
127553,124005.22
127554,107114.74
127555,118975.164
127556,125310.92
127557,114696.85
127558,52173.387
127559,107726.82
127560,46155.55
127561,104536.04
127562,129381.75
127563,113980.59
127564,147599.22
127565,90579.1
127566,47058.08
127567,84020.61
127568,96951.53
127569,56833.816
127570,45144.566
127571,98982.62
127572,112037.12
127573,59790.402
127574,44316.06
127575,152842.14
127576,47346.156
127577,103754.09
127578,124885.65
127579,131746.11
127580,136644.64
127581,119498.69
127582,124821.44
127583,131622.08
127584,104162.18
127585,52264.316
127586,145938.75
127587,45245.613
127588,141162.69
127589,48481.6
127590,121045.15
127591,89681.5
127592,47722.168
127593,146405.47
127594,115510.914
127595,46610.938
127596,59439.906
127597,101717.37
127598,98071.27
127599,122795.85
127600,101929.83
127601,135506.62
127602,121270.39
127603,89166.05
127604,65599.66
127605,112190.71
127606,97406.89
127607,60281.12
127608,127831.53
127609,47213.77
127610,114775.484
127611,120034.21
127612,107348.88
127613,121296.555
127614,110833.695
127615,103324.984
127616,127038.32
127617,135524.36
127618,95050.234
127619,90087.914
127620,132799.88
127621,172078.11
127622,109351.95
127623,46009.52
127624,91354.04
127625,50348.453
127626,123047.195
127627,57137.566
127628,127473.74
127629,137316.64
127630,47265.312
127631,154106.14
127632,175188.42
127633,54106.426
127634,48369.207
127635,112778.68
127636,133076.11
127637,156307.22
127638,95543.44
127639,118216.39
127640,60158.906
127641,127840.85
127642,112926.914
127643,50477.7
127644,116344.836
127645,125451.19
127646,127024.92
127647,99256.48
127648,115877.55
127649,107316.09
127650,44325.51
127651,46304.516
127652,89345.67
127653,111478.945
127654,49012.26
127655,140182.06
127656,163249.1
127657,97481.91
127658,121902.24
127659,151050.27
127660,116537.62
127661,123785.28
127662,151810.31
127663,56444.42
127664,56106.42
127665,109508.01
127666,118752.41
127667,142967.94
127668,48162.105
127669,61853.293
127670,47854.92
127671,167552.77
127672,45874.12
127673,44890.207
127674,111052.43
127675,47886.78
127676,147228.67
127677,53169.785
127678,111269.34
127679,131064.766
127680,65673.76
127681,113267.53
127682,46683.96
127683,151179.89
127684,46073.508
127685,104396.59
127686,118841.62
127687,108763.94
127688,88776.89
127689,99027.445
127690,93470.81
127691,119362.64
127692,47837.4
127693,105710.4
127694,116604.305
127695,71550.43
127696,109674.586
127697,138926.39
127698,172002.89
127699,85131.22
127700,120187.64
127701,122385.52
127702,70788.6
127703,110442.664
127704,45774.586
127705,95527.14
127706,40055.46
127707,48306.547
127708,98568.32
127709,109565.61
127710,123960.56
127711,116104.44
127712,110886.805
127713,48248.457
127714,43553.1
127715,95619.99
127716,82403.37
127717,193557.38
127718,124787.98
127719,145583.84
127720,111254.13
127721,56223.793
127722,53047.11
127723,98750.45
127724,95427.195
127725,154247.45
127726,46922.46
127727,128718.44
127728,125651.46
127729,53282.824
127730,131831.52
127731,42700.414
127732,52552.113
127733,127311.336
127734,47564.562
127735,125002.89
127736,124247.65
127737,47456.734
127738,104301.71
127739,60631.652
127740,100365.5
127741,47298.99
127742,51375.863
127743,56656.164
127744,131455.1
127745,120639.93
127746,130504.85
127747,100063.37
127748,95483.27
127749,50619.785
127750,122435.74
127751,124970.53
127752,55103.61
127753,53640.395
127754,52900.582
127755,135464.6
127756,94685.43
127757,53156.445
127758,116112.0
127759,55029.516
127760,48827.15
127761,146232.55
127762,122397.664
127763,129698.39
127764,90428.4
127765,95928.805
127766,117327.78
127767,100014.23
127768,61664.28
127769,48675.61
127770,85464.6
127771,108503.445
127772,148029.44
127773,51951.316
127774,134642.83
127775,152166.06
127776,128423.36
127777,106371.07
127778,121290.586
127779,49926.12
127780,111747.9
127781,123757.3
127782,46596.902
127783,57333.535
127784,158027.69
127785,48682.33
127786,149857.47
127787,119897.305
127788,105496.84
127789,128541.37
127790,91373.81
127791,184178.52
127792,115802.75
127793,142625.03
127794,105144.875
127795,146744.22
127796,53398.207
127797,84535.66
127798,135303.44
127799,104956.41
127800,53215.1
127801,154454.67
127802,110223.51
127803,131980.55
127804,150657.97
127805,144603.47
127806,57692.97
127807,48509.195
127808,99297.195
127809,45342.953
127810,128990.516
127811,109446.07
127812,114568.15
127813,115258.07
127814,147974.4
127815,168045.95
127816,46938.434
127817,129722.984
127818,86739.03
127819,90414.51
127820,141556.27
127821,112365.32
127822,97072.47
127823,51302.684
127824,100710.734
127825,145120.53
127826,114850.305
127827,130562.94
127828,48987.715
127829,98883.445
127830,177498.97
127831,110305.11
127832,212550.84
127833,91482.52
127834,97560.69
127835,90121.53
127836,111528.12
127837,49575.816
127838,104461.46
127839,51047.34
127840,45245.973
127841,49737.445
127842,86756.65
127843,83464.766
127844,49530.445
127845,47509.234
127846,143325.34
127847,165707.66
127848,48984.95
127849,112796.42
127850,123353.86
127851,59444.527
127852,97535.766
127853,119991.53
127854,136699.06
127855,134266.19
127856,117797.92
127857,59532.41
127858,131047.16
127859,123163.875
127860,108705.2
127861,93227.67
127862,77989.25
127863,95583.375
127864,52837.33
127865,48525.03
127866,103732.83
127867,115841.57
127868,108913.6
127869,110576.36
127870,101240.32
127871,109057.48
127872,46115.33
127873,67151.695
127874,48011.402
127875,106920.125
127876,57103.594
127877,72857.19
127878,153988.44
127879,102278.93
127880,119386.516
127881,49805.242
127882,103896.89
127883,111872.99
127884,48675.5
127885,158325.42
127886,126525.21
127887,54231.766
127888,89290.1
127889,120913.19
127890,160259.53
127891,146076.34
127892,51560.22
127893,96072.47
127894,54272.94
127895,46497.863
127896,100346.57
127897,48992.85
127898,108851.04
127899,108771.09
127900,103138.836
127901,107161.02
127902,138629.78
127903,131448.44
127904,127404.72
127905,47510.613
127906,44964.793
127907,113128.21
127908,59985.32
127909,47939.492
127910,106348.17
127911,132613.12
127912,140312.34
127913,66333.01
127914,107527.17
127915,85397.77
127916,113285.53
127917,112249.35
127918,51506.016
127919,46880.3
127920,135506.45
127921,138494.9
127922,45416.574
127923,119670.17
127924,117963.99
127925,101685.73
127926,112457.15
127927,32153.248
127928,159785.72
127929,48418.527
127930,135672.94
127931,86442.02
127932,51270.758
127933,137809.47
127934,94555.49
127935,112823.35
127936,116337.39
127937,120686.06
127938,121405.78
127939,141938.88
127940,122445.15
127941,49986.24
127942,142288.62
127943,47011.566
127944,51199.996
127945,109259.05
127946,43556.203
127947,105946.055
127948,127035.945
127949,46061.004
127950,96593.02
127951,57050.83
127952,129256.875
127953,109529.98
127954,46885.984
127955,46291.94
127956,68681.62
127957,47159.168
127958,116629.9
127959,155559.75
127960,106676.695
127961,94674.98
127962,105857.38
127963,52876.566
127964,91578.22
127965,117575.555
127966,51588.24
127967,52359.688
127968,126312.01
127969,152354.8
127970,90312.84
127971,145723.31
127972,140387.11
127973,88968.99
127974,123679.195
127975,162143.4
127976,135888.34
127977,145476.55
127978,46280.42
127979,130134.91
127980,107710.54
127981,112982.35
127982,140601.75
127983,46697.94
127984,55855.785
127985,47046.1
127986,104296.87
127987,44646.715
127988,167024.52
127989,54989.93
127990,103133.61
127991,133985.58
127992,117871.89
127993,206775.88
127994,126738.79
127995,111047.24
127996,146333.94
127997,124087.32
127998,45298.79
127999,132072.1
128000,38929.17
128001,146062.19
128002,46411.42
128003,126992.02
128004,50848.277
128005,94988.125
128006,136411.45
128007,124078.72
128008,55026.16
128009,50394.38
128010,31306.521
128011,48826.004
128012,50681.863
128013,113533.7
128014,61797.484
128015,49018.55
128016,147075.98
128017,91369.87
128018,154715.6
128019,47922.434
128020,107740.81
128021,51132.406
128022,101208.62
128023,50563.336
128024,48246.254
128025,135719.94
128026,120433.61
128027,128322.98
128028,91712.28
128029,95940.836
128030,136676.44
128031,103112.664
128032,132326.95
128033,105969.91
128034,96527.6
128035,174731.81
128036,95230.69
128037,44534.234
128038,133452.72
128039,180661.16
128040,138886.12
128041,99691.13
128042,118495.53
128043,114584.53
128044,107323.16
128045,129444.46
128046,56700.78
128047,46595.234
128048,95887.28
128049,48880.08
128050,60310.062
128051,57865.492
128052,87560.234
128053,151690.45
128054,156767.94
128055,48542.12
128056,86476.67
128057,122462.305
128058,115689.71
128059,130770.266
128060,88433.93
128061,136568.55
128062,152159.42
128063,132978.34
128064,108555.87
128065,135594.23
128066,133957.84
128067,80224.78
128068,39148.246
128069,124881.72
128070,50657.273
128071,43195.3
128072,110622.914
128073,48473.2
128074,96272.29
128075,119590.47
128076,128461.805
128077,112528.36
128078,132999.53
128079,126955.96
128080,132150.64
128081,170911.86
128082,101575.91
128083,98029.16
128084,116325.79
128085,112091.336
128086,46203.926
128087,130219.15
128088,98510.375
128089,138430.48
128090,126720.21
128091,91373.81
128092,101705.38
128093,129295.04
128094,140030.14
128095,109322.93
128096,113923.875
128097,138985.69
128098,86884.08
128099,109496.195
128100,49633.406
128101,125575.86
128102,84886.23
128103,57753.29
128104,55265.41
128105,128940.53
128106,125352.35
128107,101644.016
128108,93616.74
128109,45460.67
128110,121464.91
128111,105926.67
128112,117992.055
128113,127053.555
128114,122708.76
128115,53346.754
128116,125414.82
128117,102526.016
128118,121554.125
128119,180120.56
128120,89745.23
128121,48871.223
128122,68750.44
128123,129400.555
128124,55752.363
128125,45738.562
128126,49191.133
128127,128404.17
128128,48875.31
128129,127666.516
128130,56959.88
128131,129466.48
128132,118382.63
128133,118412.28
128134,47432.69
128135,119349.66
128136,108232.766
128137,100652.46
128138,94891.96
128139,46077.277
128140,132995.27
128141,51783.016
128142,109066.484
128143,151419.44
128144,118716.91
128145,49651.91
128146,129024.9
128147,112965.65
128148,169939.88
128149,46324.363
128150,98843.945
128151,52270.17
128152,48345.32
128153,111918.8
128154,109886.33
128155,53687.594
128156,149383.4
128157,104388.03
128158,125162.12
128159,125408.46
128160,85458.15
128161,91245.195
128162,47504.363
128163,138308.64
128164,108781.914
128165,104857.375
128166,104437.93
128167,162093.55
128168,48607.848
128169,45937.402
128170,53629.555
128171,79784.19
128172,117550.25
128173,51636.72
128174,125416.7
128175,40586.953
128176,125012.43
128177,117528.78
128178,125465.914
128179,105123.1
128180,108170.69
128181,46259.7
128182,111268.234
128183,129143.375
128184,44349.574
128185,151338.1
128186,55025.27
128187,110227.0
128188,136284.86
128189,50799.074
128190,128701.07
128191,114128.16
128192,99258.93
128193,53948.594
128194,127566.49
128195,45762.285
128196,123314.12
128197,112035.234
128198,111030.77
128199,59130.277
128200,111049.47
128201,81522.26
128202,101539.92
128203,54882.605
128204,112337.18
128205,108949.83
128206,52487.465
128207,93763.0
128208,107055.41
128209,49321.04
128210,142940.1
128211,42667.004
128212,55263.8
128213,61948.53
128214,110277.266
128215,100732.586
128216,91310.81
128217,103400.73
128218,110738.8
128219,140704.25
128220,127846.73
128221,46869.33
128222,47574.754
128223,118398.97
128224,45129.953
128225,98060.69
128226,131910.02
128227,50333.516
128228,131581.31
128229,44730.098
128230,84260.28
128231,80813.24
128232,154465.55
128233,151951.53
128234,90437.07
128235,49914.78
128236,53791.82
128237,127837.445
128238,51370.688
128239,126253.42
128240,49066.49
128241,127900.31
128242,113616.87
128243,60667.01
128244,137239.98
128245,101217.336
128246,140358.48
128247,142301.16
128248,164645.47
128249,134109.38
128250,125174.055
128251,44459.75
128252,44554.188
128253,116501.19
128254,47760.55
128255,91993.875
128256,163422.78
128257,85776.9
128258,155595.2
128259,105140.12
128260,133823.06
128261,47211.84
128262,125091.21
128263,139384.39
128264,48253.96
128265,60518.484
128266,50053.348
128267,48585.668
128268,130197.94
128269,119660.0
128270,88749.016
128271,58925.957
128272,135170.06
128273,44543.445
128274,51624.312
128275,132272.97
128276,46214.8
128277,118870.82
128278,57474.688
128279,107616.7
128280,110897.055
128281,52011.777
128282,52069.19
128283,128175.32
128284,137509.22
128285,43165.273
128286,48970.734
128287,103045.67
128288,123112.805
128289,121497.3
128290,90046.086
128291,118684.89
128292,129029.65
128293,145135.88
128294,116034.35
128295,52151.453
128296,140098.61
128297,110436.22
128298,60863.355
128299,119321.95
128300,46530.883
128301,127704.93
128302,113733.22
128303,113841.125
128304,86279.57
128305,165519.9
128306,110792.93
128307,54200.55
128308,49249.133
128309,96200.58
128310,140431.94
128311,50239.953
128312,128270.875
128313,50039.97
128314,53255.504
128315,139359.83
128316,140247.69
128317,107376.695
128318,136307.55
128319,128299.92
128320,118631.03
128321,133881.7
128322,121645.305
128323,125384.25
128324,123615.96
128325,159539.73
128326,153961.05
128327,43770.977
128328,53282.508
128329,103313.23
128330,110928.87
128331,95218.62
128332,47994.254
128333,45443.438
128334,54854.527
128335,93129.77
128336,85080.195
128337,122491.87
128338,132814.3
128339,46125.625
128340,135806.86
128341,130747.06
128342,167180.17
128343,96585.2
128344,104749.164
128345,120160.27
128346,148926.94
128347,131621.23
128348,110770.945
128349,141862.4
128350,48598.04
128351,131120.38
128352,107819.54
128353,134486.6
128354,105217.5
128355,112456.125
128356,124967.79
128357,174688.14
128358,142502.75
128359,50219.156
128360,138089.98
128361,108327.305
128362,156337.66
128363,107792.15
128364,127300.68
128365,157280.73
128366,47211.84
128367,108643.98
128368,121797.81
128369,125117.72
128370,48728.74
128371,122261.24
128372,138854.25
128373,146766.14
128374,96505.79
128375,52733.016
128376,46807.906
128377,136753.73
128378,63956.727
128379,101107.234
128380,123470.41
128381,52930.254
128382,157009.28
128383,108305.94
128384,106528.67
128385,98644.52
128386,109328.69
128387,114554.02
128388,96570.76
128389,101368.09
128390,116958.21
128391,113936.625
128392,47930.766
128393,52344.098
128394,50808.76
128395,101958.15
128396,85710.445
128397,139468.23
128398,49281.953
128399,105054.34
128400,44989.656
128401,147318.78
128402,141989.2
128403,168615.33
128404,111105.56
128405,111964.555
128406,98164.61
128407,42704.746
128408,135435.16
128409,105611.64
128410,113180.07
128411,88879.92
128412,112291.23
128413,52982.797
128414,114954.64
128415,84390.61
128416,110495.57
128417,73996.56
128418,106068.88
128419,150707.19
128420,161272.88
128421,111531.48
128422,145078.33
128423,107670.98
128424,125197.164
128425,55228.234
128426,108160.52
128427,54915.426
128428,48320.45
128429,120515.914
128430,128852.875
128431,114159.54
128432,184787.45
128433,106078.13
128434,129134.164
128435,124455.58
128436,50496.06
128437,65886.82
128438,112650.39
128439,156059.77
128440,126390.59
128441,122104.5
128442,105438.11
128443,52937.418
128444,128260.8
128445,50301.78
128446,126807.805
128447,109621.72
128448,55060.996
128449,122931.04
128450,56442.543
128451,121397.766
128452,108787.83
128453,44450.973
128454,105129.625
128455,46192.992
128456,86508.95
128457,45902.848
128458,135465.48
128459,103924.766
128460,45944.79
128461,54381.17
128462,54121.047
128463,126350.38
128464,47440.645
128465,84492.04
128466,123937.14
128467,90365.555
128468,96475.94
128469,94050.67
128470,119322.55
128471,136032.47
128472,141425.89
128473,105082.305
128474,161864.94
128475,49689.83
128476,96257.336
128477,48416.69
128478,53040.15
128479,116747.72
128480,47846.71
128481,53148.234
128482,94550.29
128483,61761.375
128484,44689.168
128485,91050.625
128486,126583.39
128487,129508.625
128488,116703.766
128489,45416.574
128490,100585.48
128491,43734.89
128492,49107.574
128493,89723.13
128494,112307.57
128495,71014.85
128496,48262.223
128497,115472.41
128498,101307.14
128499,124492.63
128500,128259.24
128501,96777.19
128502,142048.31
128503,114506.55
128504,121110.48
128505,134782.83
128506,114907.12
128507,58352.605
128508,117644.33
128509,50363.527
128510,130474.36
128511,108366.4
128512,122253.5
128513,86434.875
128514,50409.223
128515,52138.83
128516,104754.55
128517,113433.71
128518,106992.39
128519,116413.28
128520,100936.086
128521,141021.61
128522,119560.64
128523,121052.016
128524,120940.28
128525,52562.2
128526,48482.457
128527,97650.24
128528,157557.66
128529,169955.67
128530,100858.58
128531,126793.58
128532,157025.86
128533,144405.78
128534,95396.88
128535,44797.434
128536,110024.664
128537,131635.0
128538,134640.5
128539,144131.98
128540,108238.98
128541,48155.33
128542,77091.586
128543,94851.12
128544,43740.25
128545,95230.69
128546,52457.59
128547,99539.445
128548,119025.64
128549,49899.746
128550,135347.78
128551,45128.723
128552,127355.555
128553,119389.125
128554,52027.816
128555,52079.49
128556,44316.06
128557,58182.91
128558,88748.28
128559,142290.05
128560,124461.55
128561,132797.5
128562,105564.6
128563,123600.77
128564,46936.33
128565,48978.664
128566,87247.18
128567,61655.168
128568,141793.44
128569,134181.36
128570,133271.55
128571,111637.85
128572,112480.33
128573,44216.055
128574,78358.08
128575,114057.43
128576,173503.31
128577,227074.69
128578,101920.41
128579,48761.902
128580,143206.53
128581,35541.598
128582,202314.75
128583,85319.49
128584,146132.55
128585,111407.06
128586,180854.75
128587,107825.09
128588,45144.566
128589,118692.33
128590,90909.1
128591,156540.25
128592,102300.6
128593,153929.7
128594,134045.62
128595,141729.92
128596,43516.793
128597,56516.79
128598,108370.875
128599,144073.98
128600,121677.164
128601,52784.312
128602,52304.234
128603,120864.93
128604,51445.402
128605,54187.293
128606,49758.96
128607,49779.305
128608,94819.98
128609,164977.61
128610,129091.625
128611,177990.64
128612,46103.176
128613,105317.37
128614,145850.48
128615,97722.914
128616,162372.92
128617,48322.36
128618,132967.77
128619,137424.75
128620,149926.72
128621,112629.69
128622,154176.08
128623,109810.71
128624,131942.05
128625,49006.195
128626,116569.086
128627,48259.45
128628,122275.39
128629,142701.58
128630,110299.445
128631,129733.79
128632,127695.27
128633,39940.33
128634,102466.56
128635,126410.78
128636,82508.08
128637,40119.273
128638,47239.215
128639,59874.97
128640,117137.836
128641,89707.37
128642,47578.656
128643,98121.35
128644,134529.48
128645,45484.305
128646,90873.57
128647,54948.55
128648,53038.008
128649,130089.305
128650,86697.445
128651,49086.86
128652,88639.33
128653,133082.42
128654,46310.105
128655,48747.22
128656,85844.266
128657,48460.496
128658,126730.9
128659,107936.34
128660,49421.09
128661,50663.824
128662,143874.66
128663,95619.99
128664,182619.2
128665,85302.55
128666,135544.83
128667,89924.96
128668,131469.84
128669,68676.42
128670,122039.016
128671,162864.7
128672,181604.3
128673,51344.645
128674,55372.617
128675,94438.57
128676,116441.805
128677,124403.64
128678,52664.02
128679,110488.414
128680,170293.61
128681,47779.98
128682,49630.195
128683,121791.44
128684,53116.773
128685,48203.535
128686,141141.25
128687,100899.12
128688,50642.06
128689,48493.08
128690,103854.07
128691,122790.9
128692,94851.49
128693,95751.0
128694,180147.0
128695,45381.31
128696,134246.23
128697,90600.51
128698,112271.87
128699,118793.98
128700,44687.87
128701,55708.3
128702,134171.05
128703,105523.41
128704,52785.24
128705,124808.984
128706,129285.86
128707,114309.35
128708,143968.28
128709,48264.832
128710,112270.44
128711,92094.836
128712,55898.035
128713,111376.94
128714,129129.63
128715,155596.53
128716,134671.16
128717,46807.906
128718,46755.04
128719,52575.773
128720,84572.445
128721,49296.953
128722,94644.32
128723,79068.64
128724,89209.914
128725,140718.28
128726,51227.53
128727,128746.266
128728,119857.03
128729,64382.85
128730,118318.21
128731,114837.734
128732,108396.81
128733,131304.0
128734,114836.55
128735,48938.953
128736,52182.87
128737,154264.81
128738,47919.566
128739,126613.87
128740,105457.0
128741,52084.203
128742,44649.914
128743,107707.94
128744,143242.08
128745,44075.508
128746,54300.35
128747,88048.23
128748,95479.016
128749,115482.484
128750,109799.2
128751,137574.8
128752,117354.234
128753,50559.234
128754,114522.83
128755,101315.23
128756,141378.84
128757,148060.25
128758,86668.74
128759,117406.6
128760,48709.633
128761,143261.97
128762,90341.555
128763,123441.83
128764,156567.7
128765,90121.53
128766,46624.477
128767,147150.53
128768,51679.99
128769,143032.2
128770,122813.07
128771,126484.32
128772,115505.09
128773,77706.11
128774,95505.44
128775,51197.777
128776,104462.4
128777,125605.28
128778,110526.9
128779,115347.4
128780,122431.13
128781,100283.1
128782,115933.79
128783,48242.785
128784,153798.6
128785,171800.8
128786,139573.58
128787,54736.254
128788,55163.234
128789,153721.16
128790,44257.414
128791,54111.832
128792,52823.36
128793,57924.184
128794,81463.82
128795,132310.75
128796,94459.18
128797,126446.375
128798,91339.375
128799,46077.277
128800,75898.93
128801,107434.32
128802,46433.457
128803,44294.36
128804,128518.91
128805,127743.17
128806,125974.39
128807,50594.793
128808,88771.65
128809,46839.637
128810,124017.07
128811,116566.35
128812,170501.31
128813,106786.23
128814,125871.734
128815,131555.3
128816,88968.99
128817,128362.31
128818,90300.83
128819,103403.17
128820,99232.91
128821,50630.457
128822,128430.23
128823,90720.57
128824,122623.734
128825,170118.17
128826,96766.6
128827,84411.84
128828,142672.92
128829,58585.85
128830,87323.28
128831,47214.504
128832,49294.27
128833,112276.93
128834,134154.03
128835,85300.54
128836,86415.28
128837,114433.29
128838,93738.14
128839,44860.355
128840,139805.55
128841,35879.85
128842,90000.984
128843,148300.31
128844,178287.12
128845,79678.04
128846,48667.977
128847,48484.367
128848,133155.2
128849,119878.21
128850,46500.715
128851,117067.016
128852,121151.89
128853,97008.71
128854,97399.39
128855,131078.66
128856,122676.17
128857,124269.76
128858,50108.19
128859,103521.586
128860,117906.37
128861,124660.914
128862,97753.18
128863,130048.82
128864,48584.54
128865,50651.906
128866,118291.86
128867,134309.6
128868,40551.414
128869,135623.0
128870,52661.492
128871,103052.46
128872,135064.55
128873,123855.94
128874,122969.555
128875,133431.1
128876,101135.45
128877,116683.52
128878,111414.56
128879,119488.36
128880,104070.41
128881,117384.27
128882,94556.48
128883,129097.63
128884,113281.125
128885,48703.96
128886,112867.17
128887,46931.12
128888,108137.03
128889,85569.74
128890,134901.0
128891,66976.1
128892,48874.836
128893,69462.88
128894,50375.03
128895,100982.91
128896,118722.53
128897,155876.7
128898,45449.703
128899,133600.3
128900,49414.69
128901,47552.504
128902,126614.38
128903,115337.57
128904,50098.918
128905,100629.516
128906,103276.02
128907,94825.67
128908,44354.004
128909,87205.19
128910,50482.855
128911,44945.69
128912,51284.133
128913,58681.44
128914,49768.91
128915,134839.36
128916,98618.64
128917,109906.625
128918,138066.06
128919,46038.402
128920,100102.61
128921,53420.44
128922,112364.24
128923,61766.516
128924,51661.12
128925,110582.914
128926,107121.07
128927,105931.945
128928,57882.47
128929,47774.848
128930,148745.33
128931,49091.996
128932,142071.19
128933,123872.93
128934,54625.91
128935,136171.1
128936,104360.42
128937,118086.39
128938,117871.89
128939,53926.164
128940,55927.297
128941,127968.19
128942,47212.918
128943,116810.15
128944,123255.164
128945,46405.742
128946,145359.47
128947,48469.145
128948,155533.36
128949,48793.215
128950,130345.78
128951,128892.02
128952,89736.125
128953,47591.793
128954,136470.47
128955,60811.984
128956,122892.86
128957,52062.465
128958,55513.28
128959,90972.67
128960,119874.73
128961,132676.03
128962,128310.74
128963,50105.715
128964,48907.355
128965,57320.18
128966,50377.934
128967,114065.28
128968,121776.57
128969,44557.695
128970,99961.055
128971,127557.51
128972,78177.85
128973,117036.984
128974,56204.418
128975,46700.234
128976,48882.16
128977,50481.207
128978,97410.04
128979,106760.15
128980,49927.96
128981,62966.68
128982,130805.82
128983,49122.816
128984,105465.664
128985,124902.99
128986,98600.805
128987,106460.6
128988,50083.223
128989,136368.14
128990,54914.67
128991,132176.97
128992,104436.86
128993,120450.21
128994,48312.895
128995,89083.87
128996,115336.98
128997,52542.39
128998,57768.926
128999,95852.02
129000,51838.4
129001,115608.03
129002,130133.39
129003,48959.625
129004,187158.52
129005,122780.71
129006,51205.71
129007,47683.14
129008,49672.535
129009,109082.03
129010,143064.19
129011,102325.414
129012,106345.23
129013,47192.965
129014,43929.844
129015,49815.44
129016,134803.06
129017,129525.47
129018,139677.17
129019,167278.6
129020,150901.81
129021,117267.445
129022,118315.99
129023,51649.965
129024,49598.125
129025,166901.88
129026,123977.06
129027,47695.06
129028,58642.21
129029,135180.25
129030,99686.22
129031,147358.8
129032,51691.88
129033,110692.195
129034,108209.42
129035,94891.96
129036,91310.81
129037,140374.34
129038,103473.74
129039,129414.43
129040,97560.84
129041,101829.445
129042,117711.36
129043,48306.547
129044,127640.23
129045,107572.984
129046,138850.69
129047,131568.31
129048,118503.234
129049,49556.0
129050,46522.99
129051,122940.09
129052,104372.164
129053,130572.87
129054,141329.98
129055,135298.25
129056,42299.68
129057,107819.54
129058,47942.668
129059,49435.184
129060,140766.64
129061,155996.17
129062,128085.73
129063,51055.1
129064,105801.35
129065,104154.805
129066,132611.27
129067,110637.23
129068,50311.484
129069,108574.055
129070,97243.64
129071,45144.566
129072,141063.12
129073,117546.13
129074,137634.69
129075,46994.426
129076,112896.48
129077,49123.8
129078,159640.83
129079,113940.24
129080,136450.06
129081,134901.9
129082,144396.33
129083,87942.09
129084,115834.484
129085,113641.89
129086,100552.78
129087,86589.88
129088,121002.734
129089,48551.22
129090,103021.47
129091,141482.53
129092,100145.57
129093,111862.52
129094,58661.727
129095,114645.79
129096,126984.305
129097,90283.43
129098,94674.98
129099,152855.39
129100,119121.875
129101,108107.445
129102,126254.375
129103,91373.81
129104,143999.33
129105,119976.72
129106,52669.164
129107,50314.477
129108,63957.973
129109,151130.7
129110,47984.67
129111,55924.863
129112,100823.76
129113,131271.64
129114,112431.484
129115,47669.836
129116,114359.8
129117,43835.008
129118,151008.98
129119,117060.1
129120,134879.12
129121,87372.34
129122,103298.984
129123,96334.766
129124,134524.73
129125,168574.84
129126,100014.23
129127,115643.43
129128,59959.824
129129,55499.71
129130,135364.12
129131,166458.36
129132,49229.117
129133,116450.55
129134,42834.89
129135,50434.766
129136,151920.16
129137,81021.19
129138,46208.902
129139,124447.57
129140,105730.0
129141,53214.72
129142,48524.844
129143,129380.414
129144,142153.55
129145,43702.83
129146,108892.59
129147,119477.54
129148,107845.586
129149,104117.38
129150,121015.8
129151,108189.586
129152,135541.75
129153,155907.23
129154,110715.51
129155,111563.35
129156,74203.695
129157,88839.805
129158,51904.055
129159,49342.63
129160,123574.16
129161,112232.6
129162,108861.45
129163,191932.14
129164,47211.84
129165,94627.47
129166,49398.254
129167,127559.586
129168,130003.305
129169,121995.484
129170,154975.27
129171,103065.484
129172,188475.52
129173,100482.4
129174,117520.47
129175,97771.414
129176,89455.164
129177,118812.516
129178,54612.29
129179,105243.57
129180,112649.945
129181,145511.05
129182,48625.95
129183,117058.22
129184,51761.543
129185,106384.81
129186,114620.84
129187,137881.9
129188,120222.86
129189,110140.77
129190,149384.19
129191,132434.66
129192,51870.254
129193,51033.125
129194,145314.52
129195,127957.164
129196,106023.32
129197,96844.68
129198,98167.195
129199,52388.6
129200,49348.3
129201,100694.82
129202,123489.95
129203,104941.33
129204,49504.715
129205,150648.11
129206,109273.94
129207,170497.4
129208,125452.41
129209,101024.39
129210,119980.12
129211,103655.86
129212,45712.535
129213,102267.2
129214,120265.43
129215,129466.58
129216,49936.95
129217,111640.88
129218,118023.46
129219,141959.89
129220,102648.91
129221,92110.03
129222,97934.3
129223,104759.47
129224,186380.39
129225,89818.78
129226,133286.44
129227,50034.668
129228,145392.53
129229,106302.34
129230,136772.88
129231,61075.773
129232,54948.844
129233,123481.5
129234,111185.43
129235,68524.31
129236,125867.29
129237,49678.242
129238,149024.64
129239,111204.96
129240,157490.69
129241,110526.9
129242,119384.87
129243,125874.94
129244,100014.23
129245,56707.844
129246,49459.094
129247,125689.13
129248,114596.22
129249,131461.2
129250,89790.055
129251,49405.656
129252,98510.375
129253,165260.69
129254,50176.453
129255,51245.8
129256,126401.57
129257,49051.59
129258,85080.195
129259,112457.24
129260,131033.74
129261,118592.61
129262,131818.36
129263,102872.195
129264,89511.35
129265,143874.23
129266,176819.94
129267,134243.73
129268,96605.3
129269,112760.125
129270,47472.844
129271,55317.05
129272,46807.906
129273,148884.4
129274,163412.14
129275,144139.36
129276,136235.53
129277,55859.37
129278,130017.55
129279,125148.77
129280,54956.91
129281,107819.54
129282,50031.81
129283,109435.88
129284,104114.73
129285,145896.0
129286,51546.656
129287,138415.27
129288,132894.64
129289,162724.16
129290,124817.66
129291,180041.56
129292,104464.14
129293,134799.97
129294,102950.78
129295,118464.266
129296,46785.69
129297,115226.68
129298,49907.863
129299,89619.79
129300,49251.973
129301,95619.99
129302,51683.215
129303,136850.34
129304,133400.34
129305,148336.9
129306,119853.266
129307,120102.1
129308,124838.836
129309,91341.14
129310,113693.95
129311,137581.4
129312,45960.145
129313,57829.938
129314,117924.016
129315,128589.51
129316,135142.44
129317,139667.9
129318,150259.92
129319,45603.055
129320,54869.08
129321,48379.465
129322,51603.492
129323,44639.777
129324,121036.26
129325,132377.56
129326,48193.35
129327,114326.04
129328,61962.773
129329,54862.48
129330,54826.074
129331,104604.72
129332,146303.17
129333,43613.418
129334,144757.56
129335,104725.875
129336,42613.785
129337,124344.0
129338,96221.516
129339,136752.58
129340,101005.14
129341,128264.93
129342,115045.42
129343,53403.145
129344,46769.945
129345,93286.72
129346,53642.934
129347,49671.54
129348,43961.863
129349,105864.63
129350,107409.914
129351,52833.297
129352,50966.0
129353,120124.24
129354,49635.242
129355,126802.21
129356,95317.875
129357,116895.95
129358,116829.984
129359,134658.55
129360,149148.67
129361,120026.12
129362,120515.914
129363,115947.34
129364,101918.77
129365,155058.17
129366,82201.89
129367,63348.414
129368,50377.934
129369,58676.74
129370,44053.63
129371,137095.56
129372,97939.57
129373,98397.14
129374,117971.95
129375,148554.2
129376,97235.875
129377,103924.52
129378,125313.19
129379,107769.766
129380,54525.504
129381,89262.98
129382,46012.766
129383,92056.75
129384,124893.9
129385,125861.29
129386,118119.63
129387,127652.22
129388,110229.266
129389,44100.547
129390,47220.25
129391,118522.97
129392,142400.48
129393,46931.26
129394,57190.137
129395,52087.996
129396,50166.363
129397,168434.61
129398,86449.01
129399,98057.37
129400,107695.64
129401,125622.57
129402,48831.297
129403,55988.18
129404,47695.297
129405,46987.54
129406,158502.78
129407,167356.84
129408,124830.11
129409,47987.902
129410,94851.49
129411,125206.945
129412,102443.72
129413,54470.277
129414,111319.016
129415,46127.38
129416,48394.496
129417,50301.918
129418,100145.57
129419,115277.06
129420,133731.84
129421,56279.715
129422,45084.242
129423,133326.62
129424,116784.56
129425,118351.25
129426,46462.75
129427,112627.36
129428,93560.08
129429,129126.04
129430,100838.734
129431,56666.855
129432,98919.62
129433,51134.984
129434,114139.71
129435,122309.64
129436,112965.65
129437,51429.406
129438,170838.17
129439,104516.19
129440,79144.82
129441,121656.27
129442,86938.12
129443,46461.723
129444,51673.89
129445,105170.21
129446,100291.4
129447,55447.96
129448,111179.59
129449,99019.66
129450,48257.727
129451,127772.08
129452,137543.31
129453,152127.62
129454,145885.94
129455,51489.96
129456,57404.277
129457,47393.84
129458,109990.74
129459,106149.92
129460,135371.8
129461,112024.28
129462,92452.24
129463,117594.09
129464,117176.24
129465,140624.66
129466,131119.89
129467,106912.61
129468,50689.746
129469,115132.875
129470,83057.27
129471,50207.73
129472,51676.895
129473,126256.66
129474,106049.805
129475,143964.8
129476,97947.01
129477,134242.47
129478,147700.05
129479,64119.332
129480,116146.76
129481,120829.33
129482,123281.55
129483,78747.47
129484,107113.03
129485,132910.67
129486,143240.83
129487,44870.305
129488,101927.52
129489,118959.7
129490,142562.03
129491,176599.9
129492,123518.94
129493,132313.48
129494,48936.7
129495,104699.1
129496,113651.82
129497,125632.234
129498,134770.62
129499,53800.324
129500,51609.906
129501,105406.086
129502,180040.22
129503,60924.39
129504,50329.848
129505,52755.688
129506,42299.89
129507,103782.78
129508,131890.97
129509,45707.043
129510,126831.33
129511,43987.938
129512,57482.555
129513,122932.23
129514,135725.55
129515,86257.375
129516,47076.984
129517,133011.14
129518,52268.77
129519,119818.68
129520,56006.906
129521,52872.105
129522,43112.74
129523,161797.95
129524,108273.16
129525,75356.53
129526,48576.77
129527,139537.94
129528,168311.5
129529,77706.11
129530,179571.16
129531,67935.43
129532,81749.23
129533,114457.375
129534,54429.3
129535,46776.6
129536,112534.34
129537,115727.87
129538,46999.06
129539,113407.72
129540,138552.86
129541,107806.19
129542,54267.32
129543,49335.44
129544,130919.63
129545,133700.89
129546,146596.06
129547,120903.586
129548,138445.78
129549,107962.94
129550,51004.293
129551,47741.266
129552,165501.75
129553,113948.25
129554,116401.14
129555,109582.9
129556,125835.87
129557,127184.83
129558,50777.406
129559,100704.52
129560,45461.816
129561,50977.6
129562,47152.56
129563,119259.62
129564,52999.387
129565,48247.242
129566,105916.84
129567,72036.734
129568,47274.477
129569,55048.58
129570,52403.168
129571,49253.863
129572,52666.953
129573,92406.26
129574,165770.62
129575,153216.47
129576,149600.58
129577,143975.72
129578,53634.18
129579,58694.816
129580,112447.56
129581,44101.742
129582,94515.02
129583,124470.35
129584,120956.484
129585,123470.85
129586,49209.832
129587,50005.613
129588,102978.664
129589,101833.46
129590,122275.39
129591,103207.29
129592,112015.93
129593,43749.2
129594,129613.74
129595,108326.23
129596,46440.77
129597,57854.305
129598,161884.92
129599,103226.266
129600,137256.28
129601,42565.04
129602,94204.61
129603,106743.93
129604,54061.79
129605,51919.06
129606,99542.25
129607,118672.6
129608,45542.07
129609,94749.95
129610,156192.33
129611,126538.805
129612,135017.19
129613,46069.742
129614,114377.93
129615,83623.805
129616,49672.535
129617,51303.51
129618,49705.52
129619,73945.84
129620,197674.83
129621,51700.156
129622,115170.484
129623,92872.32
129624,123831.79
129625,105002.37
129626,118012.9
129627,47934.71
129628,49142.39
129629,83651.195
129630,53762.168
129631,144228.98
129632,87345.58
129633,84911.47
129634,155980.88
129635,149914.47
129636,124217.29
129637,49477.227
129638,46452.613
129639,49502.957
129640,63885.867
129641,53379.223
129642,124676.875
129643,111256.99
129644,154465.55
129645,48884.266
129646,110292.75
129647,49986.93
129648,118891.61
129649,156586.62
129650,36204.434
129651,134267.78
129652,38665.043
129653,148972.62
129654,49815.44
129655,47132.277
129656,54635.98
129657,161465.97
129658,45641.51
129659,44277.613
129660,50960.344
129661,43580.504
129662,136570.78
129663,106744.27
129664,53361.785
129665,42812.023
129666,113789.82
129667,126660.18
129668,97491.17
129669,47904.46
129670,46395.47
129671,61093.145
129672,95907.35
129673,140075.17
129674,104364.09
129675,57478.836
129676,120300.29
129677,45257.52
129678,132668.86
129679,102007.164
129680,130264.11
129681,47353.984
129682,114073.84
129683,104875.23
129684,47963.43
129685,125923.84
129686,118077.54
129687,96058.27
129688,49892.066
129689,129355.266
129690,47211.84
129691,113298.195
129692,119011.37
129693,123400.2
129694,109707.36
129695,54499.707
129696,177387.5
129697,142489.9
129698,126125.914
129699,113725.375
129700,48907.9
129701,99977.43
129702,90450.484
129703,155914.25
129704,103030.5
129705,45043.477
129706,49915.367
129707,117711.945
129708,100682.17
129709,110284.68
129710,121143.59
129711,106938.52
129712,49972.86
129713,53539.65
129714,105985.55
129715,54654.3
129716,111361.57
129717,104345.336
129718,124512.336
129719,87850.1
129720,88839.805
129721,128524.8
129722,48141.31
129723,45266.652
129724,176233.27
129725,101601.04
129726,136345.11
129727,51704.906
129728,145268.44
129729,111576.875
129730,54604.043
129731,134847.98
129732,113266.8
129733,127274.52
129734,54076.207
129735,100925.21
129736,136087.38
129737,114134.625
129738,126789.41
129739,91898.516
129740,60764.473
129741,47376.3
129742,50055.4
129743,46077.54
129744,154958.19
129745,107252.17
129746,117710.41
129747,48116.008
129748,94685.43
129749,48145.02
129750,208137.25
129751,102707.695
129752,129940.56
129753,119040.71
129754,138353.8
129755,117230.98
129756,48998.098
129757,48861.625
129758,109742.62
129759,157266.4
129760,90974.89
129761,120372.04
129762,50990.035
129763,125381.6
129764,103428.836
129765,44066.914
129766,116028.88
129767,115634.82
129768,46694.066
129769,120237.47
129770,138570.11
129771,50028.13
129772,41640.74
129773,48631.734
129774,183728.89
129775,40740.496
129776,114778.14
129777,145363.39
129778,113303.33
129779,125731.34
129780,98879.01
129781,46749.01
129782,107008.47
129783,121714.5
129784,94443.77
129785,97019.59
129786,55192.14
129787,109345.625
129788,46620.18
129789,50578.414
129790,162490.47
129791,49843.273
129792,48604.36
129793,89506.625
129794,154149.31
129795,139027.39
129796,95107.97
129797,128787.47
129798,113179.24
129799,123567.82
129800,106648.65
129801,102062.39
129802,49452.88
129803,126296.305
129804,51251.516
129805,59306.867
129806,101539.92
129807,104739.805
129808,102712.22
129809,114868.84
129810,158606.98
129811,110357.57
129812,118050.36
129813,120479.2
129814,133310.81
129815,96702.19
129816,137335.8
129817,51395.863
129818,133739.52
129819,38709.957
129820,48064.83
129821,123874.086
129822,58948.55
129823,119108.66
129824,51393.195
129825,49316.51
129826,142681.86
129827,132959.77
129828,53523.473
129829,106958.14
129830,157537.52
129831,43785.49
129832,118677.64
129833,118186.83
129834,135435.2
129835,134684.31
129836,50797.215
129837,49089.21
129838,45317.637
129839,100982.75
129840,50345.594
129841,47081.664
129842,119339.76
129843,131843.22
129844,88650.1
129845,92792.01
129846,110391.58
129847,111460.57
129848,126110.53
129849,56825.387
129850,48584.54
129851,160277.75
129852,47939.492
129853,98221.46
129854,137341.39
129855,45725.05
129856,88622.15
129857,101133.7
129858,97705.055
129859,64567.855
129860,93936.16
129861,102455.0
129862,48716.305
129863,146165.61
129864,79821.36
129865,149499.47
129866,127717.055
129867,114232.02
129868,49370.074
129869,52509.66
129870,242254.98
129871,158220.22
129872,83623.805
129873,50880.53
129874,142745.44
129875,107849.11
129876,49618.74
129877,82064.945
129878,58719.168
129879,118553.66
129880,124948.62
129881,96225.086
129882,91339.375
129883,48091.37
129884,102357.734
129885,107924.51
129886,144236.67
129887,127315.336
129888,128248.84
129889,45067.17
129890,106180.19
129891,110091.0
129892,123142.71
129893,142645.3
129894,118296.414
129895,79426.38
129896,103822.59
129897,52130.305
129898,98959.2
129899,115069.305
129900,47020.188
129901,47666.812
129902,166975.45
129903,44772.613
129904,61542.176
129905,123157.09
129906,127461.08
129907,145557.7
129908,165507.86
129909,44810.85
129910,139540.67
129911,110932.75
129912,49186.86
129913,124195.75
129914,51935.457
129915,127128.125
129916,51631.992
129917,151314.84
129918,106217.76
129919,108725.9
129920,50860.434
129921,48640.93
129922,151703.34
129923,119362.875
129924,43454.168
129925,47592.438
129926,119362.875
129927,131143.34
129928,127565.51
129929,51323.402
129930,120364.89
129931,105054.34
129932,149719.66
129933,122659.23
129934,59355.992
129935,118039.16
129936,113399.59
129937,73173.13
129938,128187.06
129939,108734.625
129940,49690.496
129941,149415.47
129942,116466.27
129943,129110.98
129944,145201.6
129945,94722.04
129946,124603.305
129947,99164.77
129948,133098.86
129949,89982.28
129950,110638.02
129951,143091.83
129952,131328.92
129953,112228.09
129954,116303.055
129955,43121.605
129956,54185.41
129957,107887.09
129958,144211.6
129959,104011.29
129960,122297.195
129961,47786.004
129962,96645.484
129963,134946.62
129964,54111.543
129965,171001.88
129966,105607.12
129967,116840.51
129968,144817.6
129969,123444.875
129970,142809.44
129971,80523.805
129972,128105.17
129973,46807.906
129974,126158.59
129975,89414.1
129976,93681.2
129977,141920.83
129978,46358.41
129979,101107.234
129980,39683.305
129981,118750.5
129982,47148.88
129983,86756.65
129984,140961.02
129985,50762.777
129986,109562.05
129987,129802.07
129988,106067.45
129989,47137.773
129990,135427.06
129991,119555.81
129992,48317.797
129993,43855.97
129994,123688.14
129995,141990.92
129996,105116.11
129997,98599.21
129998,117852.625
129999,124392.06
130000,121514.29
130001,92400.664
130002,100669.76
130003,50202.85
130004,133852.55
130005,58293.5
130006,94571.914
130007,100779.34
130008,101692.33
130009,52822.35
130010,55378.133
130011,71007.63
130012,133773.2
130013,173093.11
130014,89131.266
130015,50070.2
130016,134335.73
130017,50268.223
130018,131336.14
130019,85710.445
130020,118798.125
130021,46477.273
130022,120986.57
130023,49308.332
130024,52798.227
130025,56526.137
130026,137039.69
130027,103549.21
130028,126448.625
130029,127458.266
130030,96527.6
130031,115926.28
130032,54022.51
130033,55187.758
130034,130015.51
130035,93345.57
130036,112256.65
130037,52055.332
130038,58103.727
130039,54426.906
130040,124351.04
130041,127184.83
130042,100944.13
130043,131913.2
130044,111879.61
130045,112230.305
130046,118246.91
130047,122598.95
130048,111673.38
130049,50918.207
130050,127423.234
130051,47277.55
130052,45542.07
130053,45458.44
130054,46641.727
130055,150516.08
130056,154169.61
130057,139451.12
130058,101147.01
130059,95295.21
130060,127356.06
130061,58568.477
130062,129182.44
130063,158606.98
130064,53163.586
130065,42250.63
130066,145345.28
130067,52813.48
130068,47675.74
130069,50030.78
130070,27463.684
130071,155520.02
130072,53713.0
130073,117929.75
130074,47520.703
130075,66310.29
130076,54724.36
130077,143883.66
130078,53588.168
130079,126094.31
130080,121855.77
130081,118249.52
130082,52284.254
130083,49369.52
130084,140072.83
130085,118737.48
130086,103936.2
130087,110683.484
130088,47638.477
130089,49034.844
130090,54817.9
130091,55910.664
130092,115584.98
130093,53607.09
130094,53169.785
130095,119060.47
130096,106852.22
130097,143657.06
130098,99686.22
130099,142881.83
130100,119065.93
130101,129693.94
130102,120663.65
130103,50688.418
130104,99411.39
130105,114943.43
130106,101110.54
130107,91451.85
130108,44249.574
130109,45902.05
130110,85383.81
130111,129672.664
130112,52207.777
130113,122791.76
130114,113284.0
130115,44876.68
130116,47312.652
130117,101393.59
130118,56841.684
130119,56628.164
130120,126454.836
130121,135962.75
130122,129518.22
130123,107919.98
130124,136994.67
130125,121464.91
130126,48415.42
130127,111610.016
130128,117530.72
130129,64168.957
130130,131488.8
130131,119581.62
130132,297658.2
130133,49671.14
130134,106085.77
130135,99695.33
130136,110266.72
130137,109164.25
130138,48813.316
130139,93906.53
130140,121157.234
130141,44647.4
130142,113094.1
130143,114718.266
130144,164761.16
130145,49834.777
130146,120533.4
130147,135486.66
130148,92553.05
130149,49860.125
130150,95598.31
130151,47604.11
130152,47352.938
130153,100133.91
130154,180878.16
130155,55744.99
130156,95529.61
130157,127886.42
130158,106970.66
130159,123584.51
130160,55197.047
130161,48273.887
130162,81520.04
130163,81213.28
130164,187876.31
130165,124864.54
130166,113603.05
130167,59664.67
130168,49373.176
130169,56091.72
130170,115164.875
130171,138227.62
130172,39965.957
130173,54924.44
130174,50425.82
130175,97753.18
130176,49336.637
130177,120190.96
130178,127350.85
130179,108853.125
130180,120473.164
130181,139097.73
130182,50268.66
130183,130464.586
130184,62874.01
130185,45470.9
130186,49066.742
130187,46785.69
130188,96487.8
130189,50559.234
130190,91584.84
130191,146411.22
130192,112519.04
130193,73493.414
130194,47793.99
130195,139796.31
130196,175849.69
130197,126400.51
130198,105395.3
130199,158268.83
130200,139560.0
130201,124982.62
130202,44695.785
130203,101323.37
130204,135028.11
130205,168530.48
130206,133856.97
130207,124391.59
130208,54587.098
130209,88839.805
130210,93313.555
130211,142899.9
130212,123066.79
130213,148617.55
130214,52600.637
130215,116252.984
130216,46841.332
130217,161704.78
130218,115835.8
130219,48242.785
130220,133359.58
130221,151031.22
130222,98491.016
130223,110032.7
130224,150606.42
130225,50715.68
130226,43022.08
130227,132074.95
130228,91844.07
130229,54096.812
130230,45285.97
130231,53910.773
130232,42617.55
130233,145139.83
130234,107701.734
130235,46601.03
130236,172755.06
130237,104442.586
130238,49778.18
130239,138844.48
130240,49068.63
130241,57100.93
130242,58891.426
130243,95342.234
130244,30195.104
130245,121585.48
130246,122733.336
130247,126591.81
130248,125148.29
130249,108298.38
130250,104923.93
130251,41745.992
130252,129353.15
130253,116336.88
130254,46125.297
130255,47409.406
130256,141528.39
130257,161912.95
130258,111842.09
130259,51940.15
130260,99839.23
130261,135779.73
130262,99324.56
130263,115067.01
130264,129069.664
130265,143540.6
130266,97469.76
130267,128795.3
130268,136734.83
130269,149529.77
130270,165311.0
130271,59174.04
130272,143956.86
130273,49160.098
130274,131674.0
130275,52028.355
130276,57907.086
130277,47368.16
130278,113822.53
130279,154982.67
130280,107648.22
130281,46864.945
130282,119171.37
130283,51379.09
130284,88015.016
130285,241094.06
130286,90771.13
130287,92039.23
130288,89694.48
130289,129750.6
130290,124613.33
130291,110418.62
130292,114240.97
130293,94618.33
130294,41954.75
130295,53847.99
130296,112822.34
130297,104790.93
130298,56996.93
130299,162167.8
130300,102435.03
130301,103082.555
130302,133324.23
130303,123361.18
130304,121803.234
130305,131815.8
130306,127650.45
130307,95194.59
130308,110122.34
130309,54397.473
130310,86410.03
130311,145483.81
130312,106375.32
130313,56279.895
130314,94474.45
130315,46236.84
130316,143813.38
130317,155464.52
130318,111790.14
130319,93793.79
130320,48211.1
130321,90942.96
130322,134280.88
130323,60943.95
130324,51807.42
130325,47441.34
130326,157893.8
130327,91455.766
130328,113446.96
130329,79415.88
130330,122346.77
130331,96861.016
130332,140557.1
130333,137073.89
130334,100099.625
130335,112973.25
130336,124800.06
130337,101857.055
130338,49051.59
130339,86411.555
130340,140841.25
130341,134771.14
130342,112319.01
130343,223242.28
130344,130975.805
130345,126075.58
130346,63945.82
130347,95633.46
130348,110290.13
130349,91502.266
130350,44797.09
130351,136539.22
130352,134008.75
130353,47162.47
130354,129150.016
130355,210471.84
130356,125181.016
130357,154716.78
130358,48860.527
130359,99074.85
130360,91571.7
130361,120124.78
130362,96866.79
130363,115504.47
130364,193798.95
130365,47882.133
130366,69400.266
130367,64697.855
130368,131169.67
130369,105652.75
130370,102950.78
130371,140890.58
130372,102263.93
130373,63722.26
130374,117569.56
130375,47312.652
130376,49272.926
130377,129957.234
130378,46795.434
130379,84944.484
130380,93763.0
130381,118631.55
130382,79321.93
130383,48512.664
130384,132228.69
130385,45458.44
130386,48216.19
130387,45317.637
130388,125131.13
130389,103780.6
130390,141245.16
130391,107224.22
130392,136265.69
130393,138041.98
130394,137977.55
130395,90640.21
130396,113236.6
130397,96949.23
130398,51886.895
130399,116166.03
130400,116977.875
130401,133508.44
130402,119193.05
130403,52483.555
130404,155443.77
130405,158331.14
130406,102684.61
130407,127203.36
130408,53378.676
130409,47505.426
130410,45635.234
130411,118996.78
130412,157432.9
130413,128416.75
130414,179250.81
130415,56263.023
130416,106182.79
130417,94781.47
130418,46835.83
130419,111314.48
130420,119339.68
130421,47352.938
130422,137867.25
130423,59275.57
130424,112448.3
130425,100216.25
130426,55880.504
130427,126963.11
130428,157159.28
130429,109355.58
130430,56121.664
130431,45771.285
130432,161287.94
130433,101777.04
130434,117480.19
130435,95203.984
130436,131632.47
130437,115899.54
130438,54450.824
130439,105830.28
130440,128015.42
130441,165400.75
130442,98997.08
130443,88311.47
130444,123172.8
130445,129458.03
130446,119528.89
130447,48121.426
130448,102731.72
130449,119854.055
130450,114684.484
130451,107950.25
130452,108048.13
130453,47713.86
130454,47284.297
130455,159046.56
130456,54044.88
130457,133023.11
130458,53793.426
130459,56846.94
130460,52468.82
130461,113429.32
130462,115480.97
130463,96527.6
130464,114899.98
130465,128193.695
130466,206386.94
130467,54040.6
130468,115246.43
130469,135897.19
130470,125669.67
130471,46891.348
130472,119743.445
130473,51680.566
130474,98510.375
130475,125280.164
130476,113552.03
130477,155174.69
130478,136226.36
130479,141865.11
130480,52538.27
130481,51131.652
130482,113809.28
130483,113297.57
130484,96759.414
130485,89391.01
130486,116461.234
130487,47779.98
130488,95185.25
130489,123163.875
130490,117032.984
130491,50005.613
130492,118249.26
130493,71742.16
130494,109521.71
130495,106952.586
130496,120203.04
130497,47393.84
130498,106294.484
130499,139663.08
130500,107994.75
130501,85687.08
130502,105244.516
130503,121822.81
130504,161076.34
130505,104186.305
130506,146822.84
130507,117490.375
130508,139786.11
130509,49727.082
130510,180098.14
130511,155599.83
130512,52751.543
130513,226575.42
130514,107126.99
130515,112779.164
130516,77825.32
130517,112152.266
130518,81966.445
130519,100220.78
130520,56347.94
130521,107616.7
130522,93793.79
130523,49238.9
130524,56462.98
130525,109161.32
130526,129866.96
130527,52182.965
130528,152874.77
130529,57382.79
130530,146791.67
130531,163193.02
130532,106519.79
130533,122799.56
130534,54381.887
130535,50387.773
130536,148472.28
130537,91921.164
130538,63566.438
130539,88899.24
130540,123403.67
130541,110196.28
130542,112976.15
130543,50181.22
130544,46162.16
130545,46828.42
130546,50689.258
130547,48483.727
130548,47595.71
130549,197430.48
130550,57621.637
130551,110219.79
130552,122785.8
130553,46038.402
130554,45381.31
130555,138310.36
130556,49630.195
130557,117098.08
130558,88771.65
130559,109765.5
130560,41734.9
130561,49950.773
130562,93936.16
130563,56526.723
130564,49597.4
130565,140300.08
130566,114172.72
130567,106377.6
130568,95769.72
130569,152994.4
130570,112037.74
130571,128447.37
130572,128795.3
130573,51730.316
130574,50340.777
130575,129646.016
130576,167823.88
130577,158279.36
130578,116425.13
130579,55307.92
130580,86338.97
130581,87765.44
130582,47884.02
130583,83300.84
130584,120734.63
130585,108459.28
130586,115191.46
130587,48292.28
130588,47235.664
130589,127842.45
130590,46986.82
130591,153508.94
130592,47734.652
130593,52170.555
130594,68089.47
130595,49881.33
130596,104924.45
130597,151198.1
130598,48325.01
130599,166321.22
130600,95610.445
130601,92454.16
130602,108362.27
130603,225604.5
130604,111800.52
130605,103693.4
130606,113083.336
130607,104251.62
130608,46770.777
130609,98401.44
130610,50894.812
130611,100014.23
130612,135003.78
130613,135698.53
130614,106874.625
130615,119348.484
130616,131747.31
130617,48210.9
130618,45542.07
130619,124498.89
130620,194560.78
130621,43686.38
130622,173230.86
130623,144069.39
130624,45950.8
130625,44022.844
130626,47883.156
130627,43916.58
130628,147662.02
130629,88117.53
130630,160541.55
130631,141041.7
130632,110322.84
130633,59340.4
130634,120426.55
130635,155608.95
130636,131987.17
130637,138416.69
130638,59056.52
130639,114707.73
130640,93278.18
130641,48161.19
130642,118188.34
130643,49933.22
130644,45640.86
130645,97640.55
130646,141086.66
130647,49390.27
130648,132365.58
130649,146338.31
130650,109902.195
130651,129154.22
130652,111147.05
130653,116468.23
130654,93967.95
130655,125739.77
130656,92996.98
130657,110301.64
130658,122014.89
130659,120525.016
130660,62506.527
130661,120193.516
130662,50677.08
130663,156821.25
130664,46182.457
130665,122579.05
130666,51440.07
130667,49972.895
130668,48081.06
130669,48758.15
130670,108640.59
130671,90283.43
130672,91470.19
130673,117434.35
130674,87914.234
130675,87707.266
130676,83208.27
130677,52626.645
130678,49844.2
130679,98942.52
130680,47301.363
130681,97978.734
130682,154716.86
130683,49661.54
130684,56782.266
130685,99786.11
130686,124556.086
130687,70194.23
130688,121580.87
130689,109639.54
130690,99473.24
130691,49512.902
130692,94246.875
130693,44542.938
130694,51493.49
130695,60995.355
130696,96505.79
130697,51108.89
130698,144502.1
130699,97845.38
130700,93607.2
130701,126767.07
130702,53933.684
130703,153975.8
130704,85045.48
130705,112991.586
130706,150546.48
130707,106145.28
130708,170671.31
130709,112004.516
130710,128214.68
130711,110144.86
130712,90670.805
130713,47426.69
130714,47978.953
130715,168752.72
130716,107568.68
130717,47280.78
130718,120709.5
130719,117221.66
130720,46867.74
130721,93135.0
130722,143258.58
130723,135119.58
130724,109543.12
130725,101526.305
130726,45620.1
130727,45725.05
130728,47733.973
130729,131115.22
130730,64168.71
130731,52534.027
130732,116282.06
130733,124439.26
130734,73093.945
130735,88433.93
130736,62387.312
130737,110950.164
130738,51587.785
130739,163368.4
130740,48666.703
130741,102062.39
130742,55638.348
130743,113341.234
130744,132049.88
130745,109615.34
130746,204531.62
130747,52417.69
130748,140067.25
130749,161109.5
130750,55364.242
130751,89553.9
130752,45937.383
130753,149969.95
130754,49156.46
130755,44633.27
130756,98998.97
130757,88405.97
130758,53440.05
130759,130255.3
130760,108886.21
130761,109368.83
130762,88553.83
130763,112659.82
130764,89336.695
130765,47720.55
130766,47384.605
130767,118621.125
130768,49268.848
130769,141764.7
130770,35234.723
130771,40176.32
130772,118794.13
130773,45774.586
130774,102433.51
130775,46472.01
130776,49673.234
130777,82626.305
130778,46359.17
130779,119829.01
130780,119673.41
130781,120651.69
130782,49260.355
130783,99466.055
130784,166653.11
130785,166765.03
130786,54792.367
130787,108450.734
130788,117920.03
130789,45424.926
130790,54564.11
130791,112223.37
130792,94810.016
130793,125501.13
130794,125156.1
130795,135529.0
130796,44931.78
130797,123727.56
130798,49671.746
130799,54679.75
130800,50394.38
130801,109554.58
130802,64633.07
130803,54037.016
130804,47323.38
130805,115776.29
130806,134451.94
130807,167406.8
130808,107781.984
130809,125082.625
130810,48456.977
130811,54302.977
130812,147158.08
130813,46695.31
130814,91145.11
130815,61976.332
130816,139519.77
130817,50286.848
130818,162756.84
130819,123943.58
130820,47970.758
130821,136693.9
130822,99045.43
130823,106841.17
130824,51172.777
130825,47805.695
130826,51046.21
130827,130482.445
130828,45271.867
130829,103569.63
130830,159105.05
130831,124427.516
130832,98861.82
130833,134435.3
130834,48528.11
130835,100595.42
130836,53154.44
130837,129035.28
130838,134620.02
130839,47856.027
130840,45381.31
130841,79880.03
130842,126984.305
130843,54605.297
130844,44635.21
130845,152870.78
130846,102400.64
130847,88695.86
130848,46261.46
130849,43566.703
130850,132799.88
130851,125885.805
130852,48982.773
130853,132595.23
130854,181762.0
130855,82409.32
130856,102950.78
130857,42366.46
130858,84717.54
130859,95658.94
130860,52949.75
130861,115358.92
130862,118626.93
130863,138132.83
130864,55673.05
130865,122144.35
130866,98073.23
130867,118423.02
130868,117254.53
130869,116815.74
130870,130669.984
130871,104775.58
130872,47223.312
130873,131306.2
130874,121510.23
130875,129870.44
130876,107603.74
130877,60256.6
130878,131746.66
130879,50156.438
130880,44610.934
130881,118795.04
130882,151846.44
130883,54095.27
130884,52238.25
130885,153182.88
130886,115005.46
130887,141622.81
130888,106068.88
130889,121623.7
130890,92822.6
130891,47615.23
130892,48607.7
130893,134657.3
130894,110254.375
130895,136892.42
130896,81502.68
130897,98149.1
130898,113325.08
130899,104784.875
130900,106904.64
130901,112906.125
130902,49793.87
130903,51607.094
130904,134776.16
130905,117358.65
130906,156812.62
130907,47253.55
130908,149985.19
130909,106932.14
130910,148859.36
130911,48010.68
130912,151881.61
130913,134020.95
130914,123224.57
130915,100337.01
130916,74318.36
130917,48263.656
130918,46995.973
130919,120680.72
130920,170035.06
130921,119819.19
130922,54195.258
130923,75103.59
130924,129946.6
130925,95245.75
130926,137904.36
130927,95913.48
130928,155905.81
130929,85230.4
130930,133208.33
130931,147058.77
130932,113897.6
130933,114047.67
130934,88202.195
130935,53234.766
130936,99889.56
130937,47645.367
130938,173037.66
130939,102491.9
130940,51967.367
130941,54727.027
130942,88672.08
130943,85606.78
130944,58808.324
130945,94825.67
130946,45908.992
130947,48145.074
130948,129271.984
130949,43728.023
130950,45762.285
130951,149550.12
130952,109555.99
130953,143963.05
130954,97070.3
130955,127681.73
130956,115848.77
130957,157487.22
130958,46769.766
130959,127941.72
130960,50243.37
130961,122476.64
130962,51331.82
130963,130698.28
130964,96507.41
130965,114464.234
130966,46228.527
130967,104143.0
130968,126033.66
130969,42067.16
130970,96820.51
130971,64721.973
130972,137683.52
130973,95008.555
130974,142173.5
130975,49089.34
130976,130474.555
130977,113986.12
130978,45902.848
130979,122288.32
130980,124953.01
130981,47238.56
130982,55220.35
130983,46807.906
130984,108492.195
130985,107835.46
130986,121250.19
130987,54758.58
130988,111006.91
130989,120979.99
130990,87967.586
130991,126347.55
130992,113465.76
130993,92712.16
130994,120861.96
130995,121212.91
130996,139902.86
130997,54877.26
130998,45390.62
130999,52929.42
131000,127536.05
131001,124165.414
131002,102343.625
131003,152470.67
131004,167236.5
131005,96370.58
131006,109334.47
131007,127079.87
131008,131134.92
131009,43483.58
131010,104599.24
131011,59207.426
131012,41934.03
131013,83798.41
131014,115372.586
131015,125991.06
131016,53015.727
131017,79349.83
131018,55813.797
131019,117649.414
131020,93212.72
131021,101867.06
131022,113851.664
131023,179189.4
131024,90198.48
131025,102792.77
131026,124352.52
131027,56399.613
131028,119463.46
131029,131454.8
131030,140368.8
131031,122582.24
131032,101751.34
131033,50152.566
131034,92780.58
131035,138118.48
131036,41472.797
131037,112822.43
131038,129537.56
131039,146403.03
131040,51046.277
131041,89811.95
131042,51573.684
131043,44673.99
131044,104773.29
131045,51860.13
131046,47980.59
131047,98827.56
131048,110555.945
131049,103210.69
131050,47137.28
131051,95852.87
131052,45733.797
131053,89342.07
131054,99617.94
131055,123640.54
131056,116317.77
131057,118796.516
131058,57205.625
131059,96610.9
131060,105176.69
131061,51788.01
131062,157728.83
131063,120929.06
131064,132959.77
131065,121393.56
131066,96864.625
131067,127793.28
131068,45368.25
131069,180882.83
131070,67177.85
131071,45066.39
131072,45255.625
131073,116601.89
131074,59559.453
131075,115774.56
131076,109022.24
131077,46986.82
131078,132308.92
131079,114456.945
131080,50382.28
131081,151284.56
131082,98147.195
131083,49381.242
131084,44125.98
131085,65397.59
131086,56073.96
131087,119146.734
131088,152793.16
131089,50215.605
131090,48580.273
131091,106189.81
131092,108349.38
131093,110972.695
131094,114287.92
131095,48306.547
131096,46280.42
131097,125966.21
131098,88682.13
131099,111422.336
131100,93766.2
131101,51013.297
131102,150781.81
131103,146857.02
131104,159991.6
131105,42365.207
131106,134126.62
131107,113242.03
131108,48317.797
131109,46950.41
131110,147780.6
131111,46035.008
131112,63438.047
131113,105936.984
131114,56578.117
131115,60737.508
131116,50151.53
131117,47828.12
131118,118347.44
131119,54211.863
131120,165713.4
131121,94343.47
131122,116490.78
131123,53989.715
131124,54255.12
131125,55054.44
131126,57667.64
131127,51168.7
131128,149986.56
131129,117561.54
131130,83863.125
131131,50071.98
131132,112480.164
131133,49295.027
131134,46818.215
131135,43200.51
131136,46085.406
131137,136984.33
131138,100789.38
131139,125629.88
131140,49971.14
131141,105530.63
131142,54373.562
131143,102389.984
131144,65877.18
131145,48658.73
131146,133794.81
131147,123487.29
131148,97753.18
131149,109194.37
131150,152502.88
131151,48842.805
131152,86620.43
131153,117684.914
131154,108937.766
131155,41765.47
131156,170107.6
131157,115747.99
131158,130927.58
131159,47158.812
131160,139175.64
131161,46057.11
131162,90973.266
131163,55398.297
131164,86410.03
131165,108470.59
131166,63615.55
131167,125828.414
131168,107254.14
131169,106605.11
131170,81267.68
131171,50243.8
131172,166454.44
131173,55588.707
131174,146551.75
131175,116513.38
131176,114430.42
131177,139712.2
131178,109674.586
131179,163605.45
131180,98168.04
131181,140855.42
131182,46678.555
131183,95619.99
131184,115192.695
131185,49018.55
131186,59226.94
131187,49887.934
131188,48101.676
131189,48262.324
131190,50648.19
131191,83715.055
131192,51594.066
131193,50837.816
131194,49620.664
131195,111034.234
131196,91137.77
131197,122322.76
131198,110921.19
131199,136873.7
131200,99224.516
131201,111780.59
131202,114349.2
131203,110636.88
131204,108864.305
131205,96406.61
131206,113679.305
131207,122168.68
131208,52665.625
131209,110040.99
131210,52802.547
131211,62034.406
131212,99087.086
131213,111560.0
131214,90038.13
131215,141540.14
131216,113236.54
131217,50099.55
131218,49845.47
131219,47316.68
131220,142681.73
131221,122621.58
131222,121688.69
131223,103185.46
131224,46325.652
131225,48980.63
131226,116973.695
131227,157359.17
131228,46310.535
131229,134370.55
131230,116628.945
131231,117537.58
131232,51054.64
131233,126400.03
131234,43542.496
131235,54253.008
131236,48382.56
131237,102406.28
131238,143060.95
131239,55714.71
131240,142434.33
131241,48935.73
131242,51740.598
131243,189568.17
131244,130694.1
131245,49287.23
131246,51275.965
131247,122818.19
131248,109463.78
131249,91790.4
131250,55554.83
131251,117987.87
131252,50681.473
131253,118712.82
131254,105879.62
131255,60769.6
131256,114932.195
131257,104211.11
131258,42788.13
131259,124657.65
131260,121247.82
131261,68968.38
131262,81717.914
131263,48262.324
131264,131954.75
131265,100874.57
131266,106853.71
131267,49073.27
131268,90872.74
131269,126093.9
131270,97728.33
131271,95337.73
131272,135272.39
131273,122601.98
131274,149468.23
131275,54143.69
131276,100711.4
131277,99297.195
131278,130657.31
131279,52286.348
131280,129830.35
131281,90026.766
131282,100338.85
131283,130387.57
131284,49892.227
131285,126767.016
131286,48163.434
131287,41608.652
131288,62936.5
131289,138190.62
131290,139991.3
131291,128288.09
131292,100704.52
131293,94873.12
131294,50867.758
131295,127943.41
131296,82664.05
131297,108723.35
131298,58935.492
131299,96505.45
131300,49874.785
131301,125942.82
131302,127923.72
131303,94570.96
131304,160969.73
131305,58732.723
131306,45013.87
131307,110199.016
131308,124167.23
131309,107950.25
131310,54892.316
131311,47164.55
131312,147801.8
131313,69212.01
131314,126024.88
131315,105510.69
131316,117809.9
131317,108889.234
131318,114755.37
131319,154872.88
131320,59313.836
131321,123378.26
131322,56780.2
131323,108111.39
131324,144796.02
131325,116034.24
131326,53398.207
131327,104487.19
131328,49628.906
131329,112697.1
131330,158792.8
131331,49258.26
131332,129752.23
131333,57415.375
131334,138430.48
131335,47234.55
131336,128671.04
131337,55895.734
131338,142972.28
131339,149226.9
131340,50891.234
131341,116001.28
131342,116048.09
131343,56156.246
131344,128473.31
131345,89974.414
131346,62661.848
131347,87069.4
131348,122361.58
131349,115594.88
131350,42720.96
131351,53848.664
131352,47628.613
131353,121914.1
131354,113736.9
131355,118300.33
131356,131291.53
131357,50111.836
131358,100818.164
131359,49841.22
131360,127783.89
131361,123170.26
131362,50301.8
131363,51102.797
131364,142516.77
131365,129734.8
131366,39523.996
131367,113002.59
131368,117982.95
131369,110428.78
131370,53710.797
131371,125261.37
131372,46380.203
131373,115027.34
131374,58746.22
131375,166369.86
131376,127489.69
131377,111093.09
131378,59803.293
131379,101102.45
131380,106396.46
131381,89707.37
131382,160525.34
131383,85606.78
131384,139018.97
131385,188853.22
131386,48982.926
131387,103604.54
131388,147252.0
131389,50550.297
131390,109290.96
131391,121816.77
131392,44670.207
131393,87436.88
131394,50991.906
131395,98069.664
131396,143472.73
131397,48473.984
131398,43026.18
131399,209655.05
131400,157026.16
131401,117551.99
131402,114790.68
131403,60803.426
131404,92012.5
131405,136434.53
131406,110018.24
131407,49492.695
131408,127197.22
131409,45131.57
131410,137721.1
131411,87411.93
131412,47343.85
131413,121685.234
131414,41328.938
131415,170161.45
131416,53861.67
131417,140267.11
131418,98421.86
131419,50527.418
131420,50069.83
131421,117877.586
131422,141692.11
131423,46583.87
131424,88968.99
131425,126349.74
131426,133981.8
131427,46739.535
131428,136843.2
131429,137035.88
131430,48405.48
131431,131834.9
131432,98810.93
131433,139092.72
131434,73335.25
131435,158846.3
131436,73661.266
131437,84571.64
131438,105465.01
131439,185215.86
131440,148145.17
131441,122963.0
131442,130431.56
131443,145879.22
131444,120441.24
131445,51494.207
131446,121629.29
131447,176822.25
131448,101938.055
131449,103413.61
131450,92792.93
131451,139095.98
131452,98166.58
131453,115387.21
131454,93636.56
131455,132548.9
131456,53169.785
131457,98350.3
131458,96755.59
131459,48663.52
131460,109338.67
131461,181399.89
131462,49909.41
131463,89573.09
131464,121637.96
131465,47663.066
131466,99847.695
131467,151947.77
131468,54232.984
131469,155736.16
131470,40313.395
131471,49354.03
131472,133748.19
131473,52665.848
131474,58599.64
131475,145955.03
131476,115874.32
131477,47462.77
131478,144861.95
131479,47426.0
131480,106189.81
131481,58993.848
131482,129736.51
131483,126320.81
131484,56828.344
131485,143049.92
131486,61650.41
131487,55582.91
131488,131887.78
131489,47909.875
131490,120102.1
131491,48152.527
131492,119541.2
131493,144648.8
131494,117750.16
131495,110742.84
131496,132518.64
131497,109298.12
131498,140291.1
131499,130250.09
131500,116157.5
131501,49464.33
131502,138325.11
131503,56996.492
131504,144499.72
131505,50743.387
131506,93465.766
131507,62291.355
131508,134513.06
131509,108891.85
131510,45043.477
131511,30734.744
131512,116662.68
131513,111356.07
131514,114499.63
131515,116315.51
131516,110280.26
131517,128219.875
131518,112826.42
131519,45253.008
131520,125263.234
131521,109492.76
131522,54856.027
131523,141913.58
131524,97408.86
131525,47187.316
131526,47064.71
131527,46103.176
131528,47076.11
131529,93235.74
131530,123767.43
131531,108841.13
131532,41737.055
131533,100248.59
131534,105007.766
131535,127801.21
131536,50434.617
131537,141874.39
131538,153713.92
131539,53124.63
131540,52254.836
131541,144351.22
131542,48376.58
131543,113090.016
131544,93116.13
131545,93761.79
131546,151202.52
131547,87942.09
131548,103250.72
131549,96029.09
131550,51379.383
131551,54888.574
131552,161347.7
131553,50796.727
131554,49332.465
131555,96533.41
131556,119812.43
131557,104326.44
131558,112078.305
131559,116816.92
131560,47022.152
131561,108444.92
131562,53597.97
131563,45898.332
131564,127071.77
131565,114044.0
131566,103786.91
131567,97498.03
131568,124963.33
131569,144600.14
131570,94204.61
131571,134855.6
131572,111582.45
131573,177773.25
131574,99473.24
131575,54305.3
131576,149849.47
131577,130459.7
131578,142619.38
131579,68774.195
131580,43492.65
131581,122219.26
131582,124986.89
131583,85217.08
131584,108628.31
131585,38929.93
131586,121667.91
131587,50200.766
131588,50447.01
131589,59655.08
131590,119549.85
131591,120509.72
131592,42479.98
131593,94570.27
131594,53101.832
131595,49196.766
131596,133197.45
131597,116510.43
131598,49270.316
131599,171311.75
131600,119094.875
131601,45243.492
131602,101999.82
131603,163512.16
131604,100599.53
131605,100843.79
131606,49997.11
131607,45340.094
131608,48415.707
131609,142891.33
131610,85710.445
131611,128265.95
131612,55948.832
131613,52954.535
131614,123714.84
131615,100293.586
131616,135821.11
131617,129929.15
131618,129473.08
131619,123877.78
131620,112549.42
131621,110166.05
131622,131742.95
131623,87949.86
131624,110065.234
131625,109437.81
131626,79970.945
131627,118296.77
131628,44730.098
131629,128487.64
131630,45538.348
131631,89147.08
131632,91468.93
131633,96255.34
131634,85710.445
131635,144225.66
131636,101563.58
131637,150962.55
131638,117560.07
131639,98668.79
131640,170230.2
131641,152307.6
131642,101539.92
131643,131143.55
131644,142762.25
131645,47904.46
131646,49274.582
131647,112253.55
131648,53215.47
131649,83464.766
131650,62396.613
131651,54937.85
131652,50675.793
131653,119850.46
131654,45697.24
131655,139186.81
131656,97395.17
131657,56205.88
131658,142281.84
131659,136261.66
131660,126479.54
131661,147228.67
131662,55922.57
131663,106655.68
131664,80839.13
131665,113225.61
131666,148027.0
131667,49688.21
131668,52720.562
131669,112511.48
131670,103935.03
131671,44626.402
131672,129937.12
131673,57788.746
131674,126071.54
131675,93761.79
131676,44832.11
131677,51972.234
131678,125292.95
131679,48811.812
131680,104807.875
131681,96733.086
131682,147245.66
131683,124811.96
131684,49414.69
131685,90674.81
131686,108952.32
131687,147495.12
131688,94218.02
131689,95388.66
131690,100188.86
131691,128292.32
131692,102437.12
131693,108483.35
131694,82618.35
131695,41966.723
131696,64694.754
131697,146418.4
131698,45542.07
131699,113344.34
131700,124335.8
131701,59153.215
131702,100000.945
131703,53214.633
131704,87914.234
131705,45268.816
131706,102948.52
131707,44345.492
131708,93144.31
131709,49748.406
131710,122885.66
131711,83282.61
131712,99448.74
131713,110021.82
131714,106424.52
131715,116273.945
131716,50391.805
131717,128166.15
131718,105754.94
131719,121378.555
131720,147470.44
131721,126856.32
131722,52550.617
131723,118995.06
131724,91310.81
131725,57569.81
131726,43090.14
131727,47779.156
131728,140543.64
131729,115519.53
131730,117487.13
131731,100080.89
131732,50565.36
131733,80299.91
131734,89493.695
131735,120703.42
131736,50370.797
131737,114081.164
131738,68288.74
131739,115049.484
131740,103085.33
131741,88987.31
131742,127820.56
131743,161210.23
131744,117661.07
131745,119124.3
131746,100219.805
131747,123664.164
131748,103430.0
131749,46960.496
131750,141682.34
131751,120696.08
131752,117867.55
131753,38428.168
131754,89408.68
131755,144472.6
131756,118683.24
131757,118577.39
131758,50708.12
131759,110089.35
131760,91227.805
131761,54264.168
131762,100436.88
131763,90148.86
131764,120484.555
131765,130539.445
131766,124271.445
131767,50041.816
131768,97054.14
131769,124254.69
131770,133146.64
131771,165035.3
131772,109391.97
131773,130870.0
131774,43092.156
131775,84347.57
131776,49375.14
131777,119251.87
131778,117302.71
131779,117385.8
131780,111135.555
131781,113258.25
131782,123854.73
131783,118717.82
131784,45434.137
131785,119922.62
131786,123719.44
131787,47341.145
131788,103232.68
131789,165545.44
131790,49794.99
131791,106850.12
131792,147821.45
131793,111762.21
131794,52093.754
131795,110807.62
131796,139899.28
131797,48984.19
131798,100375.17
131799,121560.36
131800,131606.03
131801,45268.816
131802,59616.207
131803,109585.414
131804,131439.45
131805,96466.76
131806,58886.36
131807,117360.625
131808,107949.35
131809,60751.027
131810,51837.5
131811,172711.0
131812,144354.84
131813,52878.863
131814,110227.67
131815,52819.75
131816,57147.53
131817,60588.19
131818,132705.98
131819,90727.555
131820,119915.81
131821,98906.125
131822,44750.242
131823,122699.76
131824,45664.523
131825,46432.223
131826,46500.715
131827,141667.11
131828,110459.695
131829,50752.203
131830,106035.6
131831,145715.58
131832,130600.6
131833,48535.023
131834,114221.21
131835,53947.91
131836,121709.04
131837,100934.82
131838,110148.016
131839,57584.11
131840,107489.8
131841,87136.59
131842,80290.44
131843,86771.78
131844,67048.97
131845,43987.723
131846,182184.97
131847,44642.855
131848,112959.31
131849,48963.473
131850,86510.99
131851,50243.23
131852,52104.926
131853,52200.242
131854,90873.57
131855,52275.918
131856,51486.844
131857,124369.43
131858,124155.695
131859,54317.195
131860,50101.22
131861,158986.5
131862,110943.06
131863,43986.18
131864,152068.67
131865,161148.42
131866,101082.414
131867,117960.58
131868,68724.78
131869,50161.87
131870,51519.652
131871,57947.5
131872,47444.42
131873,109382.055
131874,60786.51
131875,113380.45
131876,193412.67
131877,96131.984
131878,132538.97
131879,100008.38
131880,80417.65
131881,93367.51
131882,118201.07
131883,45009.24
131884,111081.914
131885,51454.184
131886,138411.94
131887,48216.19
131888,111108.92
131889,117730.68
131890,48188.234
131891,143268.02
131892,92845.78
131893,124940.125
131894,114904.28
131895,128964.44
131896,98975.836
131897,47249.965
131898,108439.914
131899,113591.516
131900,125241.79
131901,84424.09
131902,48452.703
131903,109336.21
131904,125101.64
131905,114912.0
131906,51570.746
131907,48708.992
131908,176606.39
131909,108403.3
131910,149035.39
131911,125231.08
131912,83662.51
131913,86028.164
131914,58058.066
131915,157141.2
131916,103922.16
131917,116082.13
131918,91625.25
131919,116997.414
131920,62882.258
131921,85709.13
131922,123378.695
131923,134044.69
131924,46631.06
131925,107491.17
131926,154512.19
131927,50782.58
131928,57065.176
131929,87997.0
131930,131217.38
131931,45295.5
131932,128317.805
131933,48376.164
131934,105668.78
131935,131125.16
131936,99273.08
131937,49207.723
131938,159050.06
131939,200429.27
131940,51749.254
131941,106779.94
131942,139826.53
131943,49050.492
131944,48160.445
131945,43165.273
131946,114544.8
131947,53600.008
131948,142104.69
131949,42853.957
131950,101223.54
131951,103388.41
131952,123998.82
131953,59725.816
131954,106442.414
131955,51982.44
131956,53499.062
131957,56273.81
131958,129183.59
131959,140055.4
131960,46265.73
131961,127913.18
131962,102320.65
131963,88863.46
131964,130441.2
131965,106476.49
131966,132237.52
131967,124533.03
131968,112598.13
131969,141376.69
131970,117909.85
131971,154575.05
131972,44542.984
131973,44626.402
131974,104461.46
131975,43418.0
131976,122848.086
131977,58943.094
131978,110702.664
131979,46605.242
131980,164119.6
131981,124284.29
131982,97728.33
131983,44267.88
131984,113203.76
131985,114377.93
131986,50566.645
131987,146126.4
131988,79712.305
131989,53425.36
131990,111892.33
131991,147873.95
131992,115635.04
131993,46646.72
131994,50075.168
131995,111581.01
131996,102620.24
131997,116683.49
131998,125083.45
131999,121840.82
132000,80866.32
132001,52266.914
132002,112157.62
132003,146158.5
132004,117448.7
132005,88618.94
132006,75898.93
132007,86861.68
132008,175494.94
132009,131089.14
132010,160078.34
132011,89244.66
132012,44085.2
132013,50593.664
132014,152603.34
132015,147499.67
132016,177604.98
132017,131701.16
132018,55637.055
132019,101168.24
132020,166636.3
132021,96240.664
132022,153107.39
132023,46509.652
132024,129374.375
132025,125586.4
132026,99211.61
132027,101568.234
132028,51054.19
132029,51620.99
132030,52390.266
132031,124949.6
132032,141679.84
132033,133592.31
132034,100849.75
132035,53331.383
132036,49088.582
132037,119626.16
132038,52469.8
132039,141091.94
132040,52784.793
132041,151937.58
132042,46524.64
132043,97738.79
132044,104934.805
132045,55957.81
132046,48659.867
132047,144306.8
132048,107713.18
132049,103490.336
132050,134549.5
132051,116247.67
132052,46076.52
132053,60095.734
132054,133463.36
132055,120644.17
132056,48560.094
132057,175552.38
132058,51379.984
132059,47867.266
132060,45802.746
132061,102398.695
132062,51157.723
132063,70216.96
132064,122694.79
132065,114527.47
132066,145676.95
132067,112062.4
132068,53585.58
132069,115103.8
132070,49019.496
132071,111936.1
132072,119446.01
132073,119333.54
132074,142421.47
132075,50259.324
132076,123123.57
132077,127052.86
132078,109896.766
132079,93468.1
132080,92964.93
132081,95020.37
132082,98571.23
132083,115666.07
132084,46858.742
132085,112462.445
132086,66848.63
132087,106300.58
132088,53575.99
132089,104208.49
132090,95298.11
132091,86765.305
132092,121619.19
132093,113361.375
132094,126643.4
132095,49769.188
132096,45556.043
132097,115494.61
132098,50785.688
132099,94343.64
132100,48820.926
132101,133218.66
132102,48484.367
132103,50118.914
132104,142039.58
132105,48192.59
132106,103726.09
132107,94168.766
132108,51552.957
132109,143142.75
132110,109713.14
132111,53599.113
132112,108111.39
132113,96820.51
132114,46951.285
132115,50274.22
132116,125615.73
132117,125464.164
132118,51286.312
132119,121712.48
132120,115850.88
132121,70118.59
132122,56026.46
132123,45766.01
132124,126555.484
132125,120101.09
132126,97941.414
132127,155536.25
132128,112874.57
132129,89736.125
132130,49825.71
132131,110280.54
132132,94570.96
132133,47455.49
132134,149346.75
132135,93875.65
132136,79821.36
132137,44847.355
132138,127298.93
132139,46811.8
132140,132867.16
132141,96286.47
132142,99384.41
132143,125174.23
132144,114470.41
132145,117900.96
132146,57726.15
132147,120331.52
132148,112935.336
132149,102151.38
132150,129746.83
132151,98520.57
132152,102099.24
132153,147675.67
132154,109742.664
132155,170147.75
132156,133429.33
132157,128895.47
132158,117859.49
132159,149467.06
132160,136341.23
132161,43631.453
132162,44559.69
132163,158466.3
132164,57471.703
132165,143619.8
132166,45774.586
132167,48451.47
132168,61359.895
132169,49425.273
132170,72445.49
132171,115588.32
132172,93019.5
132173,127743.055
132174,162214.95
132175,50083.785
132176,157920.6
132177,46393.914
132178,53033.094
132179,104291.61
132180,138043.22
132181,121429.086
132182,124224.25
132183,89790.055
132184,108084.19
132185,110585.68
132186,148671.98
132187,115506.47
132188,125901.22
132189,45738.562
132190,107083.05
132191,158059.78
132192,55990.55
132193,94168.08
132194,131747.17
132195,115711.836
132196,114542.68
132197,88771.65
132198,104074.41
132199,127323.44
132200,116554.73
132201,136424.06
132202,111475.484
132203,113897.96
132204,127512.6
132205,162450.52
132206,128911.64
132207,54377.645
132208,96820.51
132209,105820.0
132210,48098.965
132211,73690.164
132212,130005.414
132213,128830.02
132214,50039.97
132215,52516.035
132216,60974.68
132217,66501.78
132218,128672.49
132219,153722.75
132220,110695.75
132221,46211.2
132222,118627.664
132223,47821.76
132224,133055.88
132225,81717.914
132226,47953.88
132227,144635.6
132228,105612.94
132229,104251.62
132230,81473.234
132231,50394.38
132232,149415.47
132233,141777.53
132234,115198.805
132235,114885.164
132236,127926.98
132237,45135.516
132238,118392.984
132239,59161.652
132240,144199.73
132241,107476.734
132242,106683.39
132243,111710.38
132244,151951.53
132245,59929.707
132246,54148.01
132247,153171.48
132248,87666.32
132249,51374.88
132250,51111.273
132251,45281.36
132252,126358.01
132253,87484.57
132254,132904.86
132255,105432.3
132256,111274.32
132257,49574.645
132258,135567.67
132259,47843.49
132260,51322.293
132261,55128.49
132262,145931.97
132263,131650.97
132264,55171.36
132265,48524.81
132266,118974.35
132267,123178.836
132268,147449.84
132269,49038.09
132270,44375.637
132271,45568.453
132272,126886.69
132273,84717.54
132274,115455.484
132275,66243.8
132276,112272.08
132277,102263.93
132278,49570.91
132279,127121.945
132280,162870.16
132281,109179.266
132282,125600.07
132283,124529.59
132284,46231.527
132285,48073.84
132286,69410.79
132287,116466.27
132288,50195.63
132289,110897.68
132290,103046.055
132291,127005.555
132292,97133.16
132293,121501.39
132294,61389.977
132295,132482.83
132296,113301.17
132297,136567.33
132298,56818.88
132299,47798.53
132300,118711.51
132301,103432.37
132302,115018.79
132303,91451.85
132304,105099.32
132305,157999.6
132306,53002.62
132307,45552.7
132308,119297.445
132309,133872.08
132310,109355.55
132311,44331.883
132312,124858.35
132313,97700.336
132314,50719.527
132315,112861.11
132316,48954.07
132317,160733.55
132318,125545.07
132319,142149.61
132320,98397.14
132321,43936.805
132322,47928.28
132323,44890.74
132324,49068.03
132325,48098.477
132326,85914.484
132327,53127.9
132328,123663.18
132329,139821.03
132330,108300.95
132331,50674.805
132332,49785.234
132333,121028.664
132334,44555.27
132335,51777.65
132336,156459.64
132337,114941.58
132338,47754.21
132339,126597.945
132340,131228.44
132341,95059.75
132342,56438.953
132343,133991.03
132344,120739.945
132345,52828.176
132346,135054.03
132347,43028.76
132348,55154.066
132349,42849.832
132350,121207.25
132351,124410.31
132352,136304.5
132353,54090.797
132354,45894.277
132355,52407.676
132356,48546.05
132357,56346.56
132358,127103.7
132359,93299.33
132360,134227.97
132361,57353.188
132362,173232.02
132363,52284.527
132364,85710.445
132365,53597.816
132366,107083.05
132367,159244.25
132368,90744.664
132369,103800.09
132370,100938.6
132371,114219.195
132372,168687.48
132373,129039.34
132374,46586.926
132375,83365.01
132376,56817.88
132377,124014.6
132378,57281.4
132379,144395.3
132380,140322.53
132381,138679.31
132382,105442.62
132383,89376.67
132384,170288.86
132385,137687.58
132386,48956.816
132387,47904.46
132388,47206.19
132389,124462.96
132390,132925.02
132391,99736.445
132392,134214.0
132393,114338.09
132394,92549.34
132395,159186.05
132396,169042.73
132397,137284.9
132398,131296.31
132399,84862.69
132400,123142.98
132401,45045.56
132402,44606.742
132403,102968.8
132404,89713.66
132405,131962.95
132406,94961.87
132407,113434.8
132408,132526.72
132409,53387.227
132410,138456.05
132411,45966.49
132412,45762.285
132413,122667.79
132414,100614.43
132415,46641.727
132416,111426.82
132417,182572.38
132418,111651.23
132419,57565.746
132420,48483.95
132421,122979.82
132422,106000.23
132423,154253.64
132424,131874.39
132425,129742.65
132426,121735.19
132427,116012.91
132428,124251.52
132429,116572.66
132430,132645.34
132431,127988.73
132432,106951.03
132433,131037.76
132434,65340.605
132435,125706.47
132436,94621.984
132437,48257.32
132438,110110.86
132439,129748.39
132440,159929.66
132441,65870.734
132442,169826.75
132443,101673.75
132444,91310.81
132445,44028.316
132446,47250.81
132447,101599.3
132448,130829.086
132449,136908.88
132450,91857.195
132451,123539.19
132452,113141.81
132453,42585.957
132454,122215.15
132455,48116.008
132456,79113.266
132457,45175.824
132458,106417.35
132459,100471.2
132460,56584.645
132461,51945.605
132462,96264.84
132463,119448.79
132464,133777.67
132465,169316.88
132466,52959.152
132467,99825.77
132468,97754.89
132469,121603.86
132470,49260.973
132471,105018.375
132472,46052.46
132473,115763.01
132474,47639.48
132475,154744.86
132476,143620.94
132477,130359.31
132478,116051.83
132479,45254.242
132480,96186.14
132481,112533.29
132482,62023.887
132483,126137.27
132484,102599.29
132485,45292.566
132486,139464.47
132487,135503.81
132488,55883.63
132489,119716.47
132490,83842.14
132491,54270.957
132492,49843.273
132493,150446.83
132494,47193.5
132495,52756.04
132496,101955.26
132497,108302.95
132498,84920.68
132499,46813.625
132500,94589.336
132501,46316.96
132502,148409.98
132503,145765.05
132504,109385.74
132505,108037.49
132506,45157.516
132507,148257.1
132508,99424.28
132509,52525.383
132510,119075.96
132511,133345.02
132512,98468.516
132513,60751.242
132514,115245.06
132515,50975.254
132516,105753.65
132517,46125.746
132518,171920.12
132519,118858.02
132520,146528.36
132521,57408.316
132522,94043.19
132523,46646.465
132524,126141.88
132525,116044.11
132526,50477.777
132527,56123.414
132528,173412.81
132529,115519.53
132530,140599.0
132531,126904.305
132532,59960.168
132533,107832.45
132534,122199.13
132535,100556.695
132536,118854.89
132537,116402.04
132538,101148.07
132539,100982.75
132540,50060.496
132541,127482.11
132542,69783.84
132543,131851.84
132544,101514.56
132545,110663.08
132546,152099.2
132547,116613.336
132548,147319.81
132549,125683.69
132550,113483.65
132551,108575.445
132552,157521.1
132553,49147.363
132554,121637.37
132555,49290.47
132556,88818.55
132557,195578.38
132558,166927.23
132559,59221.02
132560,140812.62
132561,52871.535
132562,86319.234
132563,186574.2
132564,192748.27
132565,46734.98
132566,97738.79
132567,111246.02
132568,75356.53
132569,48038.266
132570,115453.06
132571,107393.0
132572,56184.438
132573,129952.82
132574,134310.47
132575,129459.97
132576,76504.89
132577,123610.836
132578,51379.777
132579,47724.29
132580,98007.5
132581,135019.58
132582,141927.77
132583,47184.35
132584,48763.152
132585,104009.11
132586,138282.78
132587,124145.77
132588,91571.7
132589,111219.55
132590,141418.75
132591,143942.03
132592,90109.51
132593,51460.418
132594,65360.574
132595,95351.8
132596,48135.24
132597,145139.64
132598,52253.79
132599,52214.73
132600,94454.39
132601,108918.27
132602,114419.73
132603,111606.28
132604,48588.023
132605,89237.99
132606,115513.836
132607,122740.47
132608,46073.887
132609,106581.016
132610,114563.43
132611,99213.445
132612,88771.65
132613,126191.8
132614,106892.766
132615,46785.69
132616,84127.07
132617,140808.23
132618,89170.734
132619,139324.02
132620,157317.81
132621,133667.38
132622,105334.92
132623,81489.91
132624,124939.05
132625,140065.33
132626,144245.17
132627,53999.117
132628,125847.8
132629,121127.41
132630,124890.64
132631,131832.64
132632,47440.645
132633,132257.73
132634,102068.32
132635,59676.113
132636,53000.76
132637,50155.76
132638,177040.4
132639,50736.637
132640,127346.76
132641,159526.14
132642,104524.2
132643,146824.7
132644,46807.906
132645,43112.94
132646,169290.3
132647,114106.9
132648,142728.72
132649,119958.336
132650,108164.44
132651,47148.88
132652,155018.94
132653,168523.03
132654,102796.84
132655,104595.68
132656,54121.918
132657,116322.72
132658,52834.797
132659,47959.15
132660,136063.14
132661,54042.414
132662,50975.574
132663,42191.18
132664,115573.05
132665,120335.76
132666,115987.6
132667,117017.09
132668,52383.36
132669,97835.53
132670,59634.79
132671,94674.98
132672,131058.59
132673,156658.23
132674,49181.605
132675,119335.055
132676,44249.133
132677,55638.55
132678,121646.71
132679,48936.957
132680,103138.82
132681,63170.645
132682,107841.2
132683,126737.03
132684,170948.44
132685,119560.03
132686,52391.54
132687,115185.34
132688,44691.266
132689,59727.445
132690,93476.41
132691,124561.0
132692,112351.29
132693,47614.586
132694,48237.758
132695,113059.55
132696,156406.0
132697,108779.01
132698,162200.06
132699,133180.25
132700,146079.64
132701,44125.113
132702,86783.72
132703,60633.723
132704,109273.94
132705,60958.254
132706,162748.7
132707,144754.62
132708,47923.004
132709,52666.062
132710,146642.11
132711,54456.668
132712,129020.34
132713,103148.53
132714,51179.53
132715,116414.65
132716,82772.945
132717,141743.55
132718,126873.96
132719,111604.48
132720,47180.89
132721,137234.28
132722,118390.03
132723,94484.37
132724,87500.69
132725,49389.184
132726,149807.3
132727,46150.88
132728,119258.34
132729,143243.9
132730,109401.07
132731,119620.945
132732,53754.03
132733,125728.37
132734,138118.78
132735,125414.14
132736,51458.47
132737,45339.24
132738,121671.38
132739,96292.0
132740,114386.625
132741,172966.97
132742,96488.29
132743,138200.5
132744,126610.33
132745,118081.66
132746,110776.76
132747,79712.82
132748,45518.207
132749,138812.38
132750,47692.54
132751,129679.234
132752,46315.94
132753,99366.17
132754,156094.39
132755,116656.52
132756,90891.66
132757,122594.6
132758,116889.44
132759,41966.582
132760,137931.23
132761,107321.195
132762,49284.473
132763,46765.375
132764,55583.793
132765,124821.32
132766,56343.652
132767,45126.81
132768,86319.234
132769,48098.477
132770,123326.266
132771,51686.75
132772,100271.375
132773,112934.875
132774,121136.48
132775,92003.266
132776,96621.95
132777,153159.56
132778,90674.81
132779,116220.88
132780,47229.652
132781,118118.63
132782,116197.01
132783,117240.95
132784,118848.51
132785,109002.8
132786,119931.5
132787,62526.227
132788,47860.746
132789,46164.836
132790,95404.7
132791,111068.04
132792,111073.66
132793,134097.72
132794,49339.574
132795,123247.86
132796,53389.94
132797,116921.36
132798,137024.1
132799,105506.18
132800,50399.824
132801,131961.92
132802,48281.242
132803,59797.03
132804,45603.055
132805,144603.47
132806,122271.68
132807,116216.375
132808,117777.64
132809,93508.29
132810,87729.5
132811,133919.69
132812,49186.86
132813,94041.97
132814,112047.12
132815,45584.91
132816,43275.582
132817,97738.375
132818,171121.9
132819,108433.29
132820,44981.125
132821,100257.016
132822,138476.55
132823,117887.6
132824,123343.6
132825,140151.14
132826,133061.53
132827,114067.49
132828,121754.44
132829,102091.68
132830,104902.82
132831,112468.97
132832,98397.14
132833,104245.34
132834,156818.64
132835,47995.883
132836,49189.883
132837,120762.91
132838,126550.58
132839,54198.902
132840,46818.215
132841,78354.22
132842,159756.72
132843,111398.22
132844,139569.64
132845,104754.125
132846,58952.867
132847,146345.11
132848,87479.95
132849,112194.12
132850,115709.48
132851,119316.125
132852,46091.887
132853,115204.11
132854,109715.67
132855,166685.56
132856,113484.58
132857,127924.1
132858,103695.82
132859,118018.125
132860,47805.285
132861,54513.445
132862,106767.1
132863,97249.56
132864,98770.766
132865,108021.16
132866,90416.15
132867,98691.62
132868,98810.69
132869,128248.84
132870,52611.93
132871,98642.125
132872,114949.15
132873,104607.3
132874,107709.15
132875,51336.133
132876,97898.71
132877,50356.895
132878,87560.234
132879,95081.15
132880,157081.56
132881,113714.92
132882,127811.734
132883,136486.28
132884,117643.27
132885,50722.613
132886,160592.19
132887,47532.87
132888,105381.43
132889,48281.793
132890,135704.39
132891,44246.39
132892,42064.695
132893,144930.02
132894,112315.04
132895,112394.08
132896,50863.047
132897,115856.77
132898,49804.273
132899,94373.3
132900,137251.2
132901,120383.9
132902,50655.523
132903,151495.84
132904,132303.03
132905,132976.75
132906,131745.67
132907,140269.89
132908,128441.266
132909,105138.125
132910,93343.22
132911,135625.8
132912,112562.375
132913,83714.26
132914,76524.65
132915,124492.336
132916,109719.65
132917,114980.234
132918,109853.555
132919,110110.59
132920,133999.16
132921,50178.777
132922,91388.69
132923,120514.4
132924,112032.07
132925,54527.21
132926,96982.27
132927,52263.695
132928,128749.76
132929,42748.984
132930,134358.48
132931,46475.734
132932,47211.84
132933,88949.04
132934,143248.25
132935,109911.414
132936,52784.87
132937,135168.52
132938,78918.95
132939,46966.93
132940,94589.336
132941,112188.74
132942,120837.25
132943,133249.6
132944,119563.89
132945,106337.445
132946,152470.12
132947,113575.06
132948,134948.92
132949,45459.62
132950,148953.9
132951,47146.82
132952,150363.44
132953,48525.53
132954,206419.77
132955,105450.83
132956,92012.5
132957,124021.89
132958,140324.8
132959,47331.258
132960,144990.56
132961,112005.586
132962,132826.84
132963,50873.957
132964,124871.38
132965,41887.793
132966,48152.527
132967,114679.8
132968,50617.793
132969,48481.6
132970,47715.402
132971,111990.42
132972,115255.27
132973,165705.67
132974,122115.734
132975,135689.78
132976,50229.016
132977,120885.16
132978,96809.98
132979,170463.34
132980,110365.445
132981,130168.64
132982,47472.844
132983,111470.164
132984,136544.8
132985,106197.46
132986,140984.19
132987,50846.508
132988,114212.375
132989,110441.52
132990,40894.594
132991,115027.65
132992,143110.73
132993,51718.266
132994,125350.51
132995,57845.91
132996,50487.652
132997,52357.418
132998,53474.74
132999,128146.34
133000,106990.055
133001,54834.137
133002,116461.92
133003,157509.72
133004,43728.023
133005,133756.78
133006,53920.094
133007,111511.3
133008,120767.59
133009,113111.055
133010,120348.195
133011,117777.18
133012,54440.414
133013,51075.9
133014,83115.36
133015,129318.33
133016,164937.47
133017,211019.69
133018,142068.44
133019,52742.34
133020,48834.875
133021,120552.7
133022,52924.92
133023,87069.4
133024,131988.08
133025,107725.53
133026,51259.527
133027,46408.168
133028,133978.08
133029,52756.41
133030,113815.28
133031,96633.95
133032,125142.945
133033,50446.977
133034,89879.75
133035,109969.65
133036,146536.36
133037,247132.2
133038,147977.02
133039,102950.78
133040,45365.465
133041,114204.25
133042,47424.99
133043,54258.973
133044,49848.81
133045,115897.72
133046,117641.27
133047,105353.875
133048,89736.125
133049,115755.48
133050,49529.664
133051,77635.555
133052,117181.18
133053,49300.832
133054,97056.97
133055,132432.28
133056,107774.6
133057,48820.926
133058,167724.06
133059,107240.19
133060,101679.125
133061,120317.38
133062,105806.66
133063,63762.688
133064,143028.06
133065,58390.83
133066,51194.88
133067,108150.39
133068,118547.45
133069,179091.44
133070,109553.86
133071,118935.96
133072,54952.1
133073,104670.43
133074,136459.17
133075,51112.254
133076,107475.05
133077,174796.08
133078,130543.55
133079,53009.344
133080,110520.08
133081,95209.22
133082,102007.12
133083,114271.42
133084,91244.68
133085,95563.47
133086,51993.76
133087,129317.555
133088,83740.35
133089,49258.3
133090,103920.74
133091,86938.12
133092,126072.2
133093,118848.27
133094,103747.38
133095,111447.57
133096,108111.39
133097,127597.87
133098,107626.2
133099,122296.695
133100,99085.734
133101,132880.84
133102,135581.02
133103,130668.85
133104,95519.83
133105,119934.8
133106,54444.727
133107,100253.68
133108,44716.85
133109,112926.74
133110,67334.21
133111,130513.57
133112,76363.58
133113,115701.87
133114,46537.207
133115,169644.14
133116,100977.0
133117,159636.36
133118,51249.4
133119,45237.25
133120,53074.86
133121,48874.29
133122,105387.57
133123,48295.31
133124,135847.94
133125,46670.266
133126,44749.86
133127,47995.332
133128,60617.03
133129,120237.29
133130,45630.953
133131,53979.85
133132,129701.81
133133,100985.984
133134,99502.36
133135,151962.2
133136,120342.695
133137,174516.52
133138,73503.96
133139,128451.05
133140,45762.285
133141,114924.57
133142,100800.75
133143,133177.16
133144,107055.445
133145,93828.26
133146,133923.89
133147,125024.02
133148,87111.96
133149,106217.836
133150,104462.4
133151,112798.3
133152,98100.57
133153,107489.8
133154,144299.45
133155,48687.69
133156,153340.67
133157,145816.56
133158,120194.97
133159,130004.15
133160,100206.97
133161,45469.555
133162,118717.24
133163,142453.14
133164,119863.05
133165,47760.55
133166,145366.16
133167,121063.36
133168,117536.375
133169,88156.86
133170,52775.523
133171,47683.14
133172,105237.44
133173,106486.08
133174,54832.26
133175,141706.36
133176,122538.29
133177,56744.113
133178,69926.555
133179,94876.445
133180,109516.445
133181,49544.953
133182,119383.4
133183,137078.47
133184,153014.05
133185,100107.11
133186,138140.69
133187,70828.766
133188,162290.98
133189,56139.19
133190,51266.113
133191,144015.06
133192,117262.766
133193,133728.05
133194,119320.086
133195,95462.33
133196,128596.01
133197,102893.55
133198,51654.3
133199,110824.555
133200,130526.875
133201,45565.863
133202,53241.855
133203,49512.145
133204,84411.84
133205,104254.484
133206,129838.16
133207,110273.96
133208,103338.48
133209,116693.29
133210,131089.14
133211,44559.332
133212,47346.32
133213,99410.58
133214,109777.78
133215,46180.7
133216,63343.59
133217,155058.17
133218,146675.77
133219,50441.863
133220,51974.26
133221,107448.02
133222,133069.66
133223,100729.414
133224,46385.105
133225,57144.15
133226,159600.92
133227,129604.29
133228,141413.0
133229,93616.74
133230,118893.54
133231,144160.0
133232,95458.7
133233,111893.56
133234,50321.363
133235,113065.33
133236,117487.54
133237,134606.34
133238,113156.35
133239,47666.812
133240,56192.57
133241,144944.08
133242,49721.805
133243,90313.81
133244,159274.14
133245,106469.48
133246,44733.707
133247,83689.46
133248,139127.94
133249,102680.32
133250,45948.53
133251,139639.08
133252,49179.496
133253,50068.03
133254,107916.36
133255,142180.89
133256,145094.88
133257,153343.34
133258,91117.29
133259,131347.14
133260,44648.08
133261,140127.3
133262,49425.62
133263,106126.09
133264,100844.97
133265,59289.746
133266,120851.766
133267,110564.805
133268,48099.66
133269,131325.52
133270,123727.56
133271,159622.98
133272,113487.016
133273,128533.51
133274,52843.78
133275,110787.96
133276,107254.14
133277,115444.78
133278,44253.29
133279,45827.395
133280,48354.184
133281,48626.617
133282,84978.25
133283,54554.566
133284,112485.51
133285,85241.89
133286,46860.957
133287,137077.88
133288,46310.535
133289,166057.31
133290,97857.805
133291,112828.96
133292,129718.305
133293,97768.086
133294,43984.984
133295,50560.508
133296,101949.625
133297,60564.203
133298,124317.35
133299,124681.89
133300,129869.9
133301,50907.74
133302,115216.086
133303,45875.266
133304,132591.4
133305,134161.0
133306,114544.8
133307,112338.22
133308,52398.06
133309,105110.445
133310,114891.28
133311,121748.78
133312,44344.945
133313,101981.68
133314,175011.0
133315,53787.117
133316,44089.676
133317,59497.426
133318,129469.54
133319,56017.45
133320,138606.4
133321,90146.234
133322,48242.234
133323,43096.598
133324,129615.68
133325,126578.12
133326,131422.47
133327,118536.83
133328,128190.016
133329,111358.39
133330,167682.1
133331,118194.54
133332,121608.21
133333,136742.78
133334,132706.61
133335,127499.74
133336,47828.355
133337,104842.03
133338,44203.2
133339,107420.28
133340,118672.6
133341,50560.18
133342,105230.78
133343,135566.7
133344,90084.4
133345,44449.918
133346,110899.41
133347,51220.875
133348,124153.06
133349,108261.08
133350,149002.42
133351,94685.43
133352,53829.184
133353,92981.47
133354,96820.51
133355,126022.89
133356,141613.28
133357,53484.75
133358,108739.64
133359,87436.88
133360,108398.78
133361,154492.34
133362,44797.434
133363,47110.12
133364,117336.97
133365,45587.71
133366,144279.1
133367,108541.7
133368,113371.28
133369,96593.02
133370,45970.11
133371,51854.36
133372,125324.195
133373,46362.2
133374,54640.363
133375,45644.42
133376,129446.36
133377,88934.125
133378,113183.2
133379,116945.46
133380,50843.76
133381,48817.125
133382,107982.305
133383,93948.79
133384,104823.98
133385,111625.22
133386,111801.055
133387,183760.56
133388,108002.47
133389,109860.984
133390,43545.945
133391,130530.836
133392,45765.848
133393,79549.33
133394,117955.94
133395,43770.977
133396,51538.86
133397,102872.414
133398,126007.695
133399,108039.53
133400,102136.414
133401,118888.37
133402,73087.96
133403,137974.89
133404,126799.13
133405,132009.86
133406,125812.125
133407,141269.36
133408,101020.484
133409,114406.71
133410,98350.3
133411,107696.94
133412,125997.69
133413,142556.95
133414,118769.78
133415,105049.37
133416,93761.79
133417,110451.9
133418,48098.477
133419,140847.44
133420,126986.086
133421,100998.98
133422,109003.56
133423,118371.555
133424,45135.516
133425,122265.0
133426,128494.77
133427,186975.64
133428,118331.3
133429,49921.344
133430,49996.23
133431,113032.06
133432,143936.02
133433,129304.14
133434,123126.2
133435,49182.37
133436,110107.016
133437,53399.523
133438,88637.59
133439,114635.3
133440,103499.75
133441,97395.17
133442,91422.16
133443,51142.023
133444,85131.22
133445,115333.414
133446,128001.1
133447,47648.99
133448,105080.6
133449,90668.85
133450,110553.625
133451,52636.19
133452,146520.81
133453,46739.535
133454,162503.42
133455,108142.32
133456,66026.5
133457,88678.2
133458,128497.02
133459,104119.164
133460,115014.64
133461,49875.734
133462,50434.043
133463,107396.055
133464,52096.277
133465,133458.61
133466,120399.59
133467,48208.277
133468,106497.5
133469,119713.48
133470,91833.54
133471,115223.31
133472,147852.44
133473,111587.21
133474,85600.64
133475,49995.707
133476,130337.18
133477,86620.43
133478,141495.1
133479,115357.06
133480,88115.805
133481,145982.98
133482,43599.887
133483,100738.23
133484,56715.203
133485,145009.61
133486,51462.375
133487,132628.44
133488,97861.24
133489,47363.47
133490,55053.598
133491,136413.81
133492,49352.633
133493,99424.28
133494,42606.28
133495,117352.14
133496,91229.66
133497,129266.88
133498,48342.758
133499,117805.92
133500,44681.49
133501,54028.125
133502,112101.12
133503,92827.6
133504,143534.52
133505,76770.75
133506,46543.03
133507,124121.02
133508,91625.25
133509,97969.75
133510,120824.484
133511,146855.64
133512,56716.18
133513,103129.95
133514,47663.03
133515,106091.72
133516,88282.24
133517,50043.863
133518,49746.51
133519,124449.984
133520,130564.15
133521,37985.64
133522,63146.41
133523,83557.836
133524,144003.89
133525,121605.98
133526,115235.625
133527,88691.23
133528,87598.84
133529,115495.305
133530,97124.22
133531,115235.016
133532,110336.29
133533,125070.484
133534,116417.94
133535,44455.75
133536,46540.98
133537,93773.4
133538,136908.0
133539,110442.414
133540,55361.746
133541,120419.23
133542,55160.484
133543,88465.92
133544,92996.98
133545,105808.25
133546,123741.23
133547,47237.71
133548,149978.22
133549,67167.85
133550,123776.04
133551,58541.31
133552,87630.78
133553,63484.96
133554,47621.742
133555,42192.266
133556,46274.543
133557,54804.715
133558,41734.9
133559,47194.83
133560,144736.72
133561,149571.0
133562,132211.64
133563,116379.26
133564,47444.42
133565,104172.53
133566,124040.0
133567,122589.81
133568,95212.51
133569,51613.805
133570,106136.27
133571,153340.67
133572,45326.58
133573,108932.56
133574,98468.516
133575,94906.64
133576,43517.64
133577,95479.016
133578,104462.4
133579,96211.16
133580,126966.92
133581,121678.984
133582,119841.984
133583,119914.75
133584,55245.82
133585,102661.59
133586,114094.48
133587,95409.33
133588,109848.82
133589,48484.727
133590,44178.16
133591,101584.664
133592,113472.76
133593,124589.9
133594,110157.67
133595,96010.52
133596,90045.59
133597,130607.66
133598,45603.258
133599,121139.85
133600,139637.22
133601,128221.055
133602,48655.047
133603,123184.91
133604,93738.14
133605,98960.62
133606,119558.055
133607,89473.88
133608,110506.2
133609,137126.06
133610,128293.875
133611,49264.79
133612,148997.22
133613,46671.703
133614,121563.89
133615,131214.08
133616,91451.85
133617,139965.64
133618,157695.12
133619,132972.7
133620,46791.953
133621,55031.676
133622,48658.73
133623,101660.695
133624,118813.0
133625,135981.88
133626,53921.027
133627,46511.336
133628,119858.914
133629,95084.04
133630,83300.84
133631,57502.094
133632,114551.48
133633,44867.285
133634,45376.15
133635,51764.348
133636,124244.69
133637,115874.945
133638,49278.02
133639,37238.773
133640,126119.07
133641,86003.28
133642,47418.656
133643,152946.52
133644,107066.96
133645,102138.12
133646,154496.19
133647,121707.086
133648,46419.133
133649,142804.56
133650,112918.36
133651,82476.48
133652,84535.66
133653,113869.29
133654,115452.01
133655,127855.555
133656,48657.613
133657,53416.918
133658,97561.3
133659,56699.75
133660,146340.9
133661,145374.98
133662,128213.28
133663,116377.71
133664,119930.18
133665,54417.523
133666,46948.715
133667,51461.6
133668,79267.875
133669,115178.62
133670,131074.11
133671,105670.46
133672,147249.7
133673,111163.33
133674,94685.43
133675,47060.9
133676,121325.51
133677,106796.71
133678,47939.492
133679,102599.29
133680,96733.086
133681,108543.09
133682,49933.22
133683,135569.56
133684,120331.26
133685,47368.24
133686,56770.582
133687,139697.42
133688,48760.695
133689,75625.58
133690,113175.805
133691,48064.83
133692,80264.16
133693,112627.484
133694,48864.277
133695,121297.375
133696,125597.48
133697,47014.41
133698,49504.81
133699,47923.17
133700,104524.2
133701,151906.17
133702,50140.85
133703,128063.59
133704,126943.1
133705,53755.547
133706,46999.312
133707,114941.04
133708,131271.98
133709,121360.89
133710,124286.805
133711,129215.34
133712,65049.27
133713,49351.39
133714,105678.55
133715,121748.78
133716,170181.48
133717,108625.67
133718,98097.82
133719,115345.77
133720,110935.984
133721,119384.78
133722,48299.383
133723,67441.195
133724,120283.445
133725,120798.25
133726,47706.004
133727,74119.35
133728,106144.88
133729,123883.445
133730,113403.0
133731,75687.14
133732,109358.45
133733,51279.836
133734,118812.14
133735,131256.58
133736,105769.336
133737,47158.812
133738,56673.777
133739,136670.11
133740,112640.234
133741,112577.06
133742,61741.5
133743,140761.45
133744,55467.473
133745,46163.695
133746,128633.445
133747,47939.492
133748,142218.39
133749,120422.984
133750,127777.52
133751,131355.17
133752,130993.945
133753,102739.875
133754,87654.54
133755,100830.27
133756,78035.49
133757,101762.195
133758,50352.84
133759,132872.12
133760,97130.836
133761,50210.453
133762,46571.0
133763,51972.996
133764,111129.984
133765,94796.4
133766,107922.57
133767,109078.62
133768,46221.094
133769,134109.44
133770,147675.25
133771,92390.6
133772,110096.875
133773,47316.68
133774,127290.87
133775,92056.75
133776,52498.676
133777,52883.043
133778,115339.05
133779,120218.836
133780,122390.22
133781,105937.96
133782,83768.17
133783,173268.19
133784,54259.176
133785,114949.23
133786,52983.438
133787,51450.957
133788,191952.4
133789,55283.168
133790,95752.69
133791,103889.48
133792,44647.305
133793,53551.426
133794,50493.246
133795,148621.58
133796,126519.4
133797,237395.61
133798,59728.75
133799,121614.99
133800,94589.336
133801,108860.62
133802,108844.06
133803,90046.34
133804,49859.84
133805,125050.65
133806,109353.59
133807,107323.16
133808,148596.19
133809,133598.2
133810,130681.445
133811,88938.93
133812,123435.81
133813,141849.39
133814,125176.81
133815,49329.293
133816,107307.164
133817,55312.57
133818,54739.27
133819,82531.016
133820,111463.586
133821,44606.742
133822,48135.15
133823,45076.918
133824,47219.12
133825,46444.79
133826,51595.844
133827,115880.49
133828,121027.67
133829,44727.645
133830,99826.47
133831,47946.703
133832,52922.465
133833,120872.61
133834,97207.5
133835,46431.41
133836,49766.594
133837,152926.48
133838,94263.89
133839,123606.0
133840,49400.74
133841,103432.37
133842,90251.59
133843,117168.664
133844,50886.887
133845,117973.305
133846,114858.97
133847,53960.75
133848,41894.87
133849,51281.496
133850,43864.13
133851,43165.273
133852,88839.805
133853,50478.332
133854,87238.19
133855,51158.35
133856,142827.45
133857,47298.793
133858,49265.617
133859,51838.617
133860,52177.383
133861,178749.34
133862,127680.88
133863,50537.055
133864,128353.46
133865,115243.43
133866,102627.51
133867,49890.46
133868,110473.61
133869,108879.75
133870,55670.344
133871,49750.54
133872,122326.11
133873,115696.914
133874,115536.86
133875,132303.31
133876,118478.19
133877,49206.043
133878,49715.7
133879,87136.59
133880,44928.24
133881,49400.74
133882,102788.2
133883,127317.55
133884,83208.27
133885,49167.31
133886,152403.95
133887,118632.78
133888,117900.43
133889,128528.71
133890,50942.93
133891,54079.434
133892,54358.152
133893,51841.184
133894,106200.086
133895,107849.055
133896,106790.94
133897,53970.42
133898,50694.02
133899,48884.586
133900,47285.094
133901,47484.168
133902,116227.555
133903,91003.375
133904,120931.17
133905,127029.34
133906,44823.664
133907,88654.87
133908,86818.13
133909,125947.766
133910,49311.344
133911,168423.88
133912,116798.22
133913,86351.734
133914,151245.02
133915,41426.457
133916,130493.77
133917,44893.035
133918,126220.766
133919,128785.91
133920,74135.4
133921,106605.11
133922,53099.125
133923,45900.17
133924,88672.08
133925,122974.0
133926,135305.11
133927,107201.96
133928,119502.05
133929,129098.78
133930,122788.99
133931,56224.81
133932,134301.9
133933,87741.41
133934,88459.6
133935,103939.61
133936,122878.445
133937,136287.16
133938,95940.836
133939,94343.47
133940,136058.16
133941,100289.66
133942,117370.76
133943,152934.0
133944,40165.777
133945,105585.61
133946,46295.06
133947,123214.18
133948,85925.77
133949,150698.44
133950,146209.14
133951,109944.79
133952,134006.9
133953,101949.625
133954,61457.418
133955,118322.484
133956,133229.17
133957,53967.883
133958,125539.984
133959,46443.45
133960,131792.52
133961,48534.043
133962,122951.875
133963,131534.61
133964,119464.586
133965,94343.47
133966,123970.92
133967,153684.06
133968,47523.83
133969,153827.45
133970,122350.914
133971,91288.76
133972,180224.36
133973,149102.58
133974,129352.055
133975,130565.16
133976,123586.77
133977,132974.95
133978,111479.92
133979,107456.0
133980,126030.625
133981,133954.58
133982,138304.44
133983,97604.44
133984,134771.14
133985,139723.69
133986,49880.32
133987,115915.97
133988,119606.49
133989,116393.89
133990,121826.51
133991,44626.402
133992,45639.03
133993,96661.94
133994,124755.375
133995,89582.98
133996,107924.51
133997,60965.223
133998,115153.57
133999,145766.3
134000,92701.086
134001,45800.914
134002,101787.375
134003,51877.08
134004,109071.74
134005,44572.992
134006,122115.31
134007,135927.39
134008,110926.13
134009,132639.56
134010,127613.59
134011,119587.805
134012,135663.42
134013,47315.617
134014,113535.56
134015,43626.008
134016,143002.12
134017,133126.28
134018,167859.44
134019,141209.77
134020,52040.69
134021,47205.055
134022,118350.31
134023,106087.02
134024,174668.72
134025,136887.6
134026,128048.4
134027,50782.594
134028,177254.6
134029,48127.44
134030,44521.613
134031,79445.83
134032,113511.34
134033,113580.55
134034,127198.66
134035,103072.96
134036,37334.086
134037,135969.94
134038,89418.266
134039,91496.04
134040,101180.766
134041,49890.46
134042,55261.523
134043,140443.03
134044,107487.26
134045,131603.16
134046,107698.37
134047,112097.98
134048,113575.79
134049,93698.96
134050,187820.11
134051,103635.125
134052,49239.793
134053,129948.69
134054,124210.15
134055,118282.38
134056,120165.43
134057,104128.24
134058,107306.95
134059,97768.086
134060,53862.766
134061,116157.74
134062,88771.65
134063,115613.7
134064,122441.72
134065,136265.1
134066,45201.8
134067,89412.1
134068,124283.85
134069,58035.355
134070,113334.02
134071,53902.184
134072,89419.8
134073,116702.0
134074,49954.523
134075,159734.81
134076,46511.336
134077,95940.836
134078,58734.645
134079,119262.0
134080,100508.75
134081,46280.42
134082,45485.395
134083,155210.31
134084,115361.67
134085,141091.42
134086,157332.67
134087,191136.33
134088,132107.72
134089,160886.7
134090,46880.223
134091,102378.24
134092,144354.08
134093,104851.97
134094,44960.63
134095,149251.28
134096,96130.164
134097,88618.94
134098,132498.4
134099,151466.94
134100,48030.54
134101,125535.0
134102,106033.39
134103,47206.19
134104,119922.42
134105,153098.47
134106,106394.484
134107,143450.14
134108,104463.99
134109,109251.91
134110,106234.38
134111,87958.67
134112,113427.086
134113,132782.33
134114,55703.64
134115,51446.51
134116,41470.38
134117,115794.62
134118,44751.98
134119,47984.67
134120,143813.28
134121,43143.58
134122,45437.105
134123,55392.63
134124,127105.164
134125,140751.03
134126,95249.44
134127,93224.14
134128,119644.04
134129,117188.85
134130,121217.414
134131,47147.414
134132,126492.01
134133,99708.695
134134,102474.3
134135,96612.12
134136,125477.08
134137,129345.79
134138,47159.168
134139,66052.086
134140,103005.55
134141,84632.92
134142,46439.7
134143,47582.375
134144,96807.586
134145,131565.48
134146,51026.09
134147,139565.88
134148,53391.855
134149,138889.52
134150,51183.156
134151,51208.09
134152,49122.14
134153,47192.62
134154,113195.13
134155,94041.73
134156,113109.51
134157,110503.48
134158,84976.34
134159,130881.89
134160,97797.94
134161,86195.59
134162,124664.086
134163,50465.406
134164,46755.625
134165,47802.08
134166,61009.438
134167,129803.87
134168,142317.88
134169,47838.594
134170,108298.41
134171,144926.02
134172,128030.15
134173,99635.766
134174,137728.22
134175,127917.74
134176,95611.0
134177,100386.9
134178,110408.49
134179,51315.707
134180,98813.42
134181,93226.555
134182,100935.83
134183,47880.42
134184,122497.086
134185,47360.492
134186,150581.53
134187,49372.566
134188,127323.77
134189,77854.125
134190,49369.77
134191,37815.637
134192,96505.79
134193,49339.574
134194,107999.14
134195,150797.8
134196,118111.1
134197,114530.98
134198,109271.71
134199,48988.496
134200,51683.02
134201,132884.47
134202,104464.14
134203,67450.37
134204,85313.766
134205,43230.08
134206,100053.73
134207,85985.52
134208,145903.11
134209,134909.73
134210,131334.31
134211,127496.43
134212,96694.11
134213,80589.79
134214,117156.51
134215,103630.31
134216,58128.54
134217,169067.23
134218,56643.285
134219,130787.76
134220,51630.21
134221,113327.516
134222,55693.742
134223,51390.496
134224,125921.34
134225,110624.87
134226,57521.902
134227,134987.72
134228,77143.39
134229,105152.37
134230,107680.59
134231,128614.375
134232,51368.562
134233,148754.64
134234,101366.96
134235,95890.266
134236,103350.445
134237,57110.938
134238,115760.984
134239,111644.99
134240,119265.24
134241,106020.414
134242,56330.43
134243,138692.03
134244,131428.58
134245,53323.19
134246,47234.55
134247,98088.445
134248,119762.914
134249,128708.83
134250,86287.555
134251,43176.293
134252,111887.38
134253,58524.734
134254,118498.945
134255,47403.543
134256,45004.344
134257,171779.81
134258,124738.44
134259,50141.695
134260,92003.266
134261,115372.93
134262,124815.97
134263,90282.95
134264,83715.055
134265,128990.984
134266,134431.17
134267,128418.95
134268,132712.72
134269,103989.195
134270,161659.53
134271,42284.414
134272,57475.594
134273,127563.59
134274,45271.867
134275,114751.27
134276,65146.402
134277,148460.5
134278,49843.273
134279,104599.24
134280,139796.12
134281,110280.08
134282,96152.36
134283,116578.44
134284,85395.36
134285,135045.72
134286,90345.34
134287,192434.73
134288,46817.55
134289,131518.86
134290,108431.58
134291,95462.33
134292,45904.305
134293,47724.656
134294,52023.848
134295,119341.055
134296,120570.72
134297,98257.13
134298,49596.41
134299,109161.32
134300,48245.26
134301,59841.703
134302,47612.29
134303,131663.28
134304,104599.24
134305,139870.86
134306,51524.086
134307,52934.21
134308,65879.12
134309,126501.15
134310,186842.08
134311,152534.22
134312,55508.168
134313,107595.74
134314,63414.074
134315,107673.88
134316,101273.16
134317,121817.88
134318,102024.99
134319,103834.09
134320,53755.203
134321,48682.473
134322,101235.016
134323,50636.28
134324,51742.812
134325,50161.87
134326,116865.586
134327,127246.51
134328,146888.64
134329,49552.645
134330,95658.94
134331,56163.44
134332,56194.15
134333,115032.49
134334,159909.25
134335,117119.16
134336,120370.08
134337,108363.14
134338,117847.09
134339,123957.39
134340,139537.31
134341,141224.94
134342,98098.164
134343,127873.82
134344,137962.52
134345,117017.37
134346,46338.492
134347,74576.914
134348,124872.86
134349,118616.35
134350,44242.664
134351,131173.33
134352,123390.336
134353,47652.777
134354,52197.52
134355,114789.78
134356,52247.57
134357,49998.438
134358,50222.43
134359,59174.56
134360,115058.84
134361,106298.945
134362,114453.81
134363,47938.297
134364,59317.793
134365,127517.51
134366,46327.195
134367,149515.42
134368,38935.117
134369,117071.7
134370,45462.516
134371,106314.79
134372,43611.46
134373,42344.816
134374,118484.84
134375,101315.836
134376,119747.38
134377,48242.785
134378,122727.07
134379,176822.11
134380,111732.41
134381,100132.11
134382,51317.816
134383,123703.15
134384,160445.98
134385,122287.91
134386,57305.875
134387,87485.4
134388,44723.266
134389,127956.01
134390,127774.7
134391,45874.12
134392,50523.605
134393,47361.96
134394,66094.53
134395,59198.902
134396,112141.484
134397,50184.63
134398,97030.586
134399,128317.67
134400,105778.984
134401,107909.77
134402,107607.766
134403,54001.043
134404,56398.992
134405,132023.98
134406,85495.125
134407,55433.355
134408,115484.18
134409,68458.14
134410,134048.56
134411,109875.4
134412,84411.84
134413,108489.28
134414,48146.39
134415,124366.33
134416,112377.65
134417,116595.086
134418,141420.1
134419,121955.945
134420,85231.01
134421,123192.97
134422,143948.36
134423,52070.12
134424,45057.93
134425,44594.543
134426,132135.9
134427,116771.41
134428,101479.99
134429,124074.695
134430,106779.305
134431,49689.48
134432,46524.926
134433,102977.78
134434,112345.984
134435,47175.777
134436,133960.55
134437,51622.29
134438,106048.66
134439,105304.984
134440,47904.46
134441,104747.67
134442,52412.086
134443,121737.7
134444,110277.125
134445,176499.75
134446,52954.16
134447,111898.67
134448,49429.527
134449,115152.875
134450,128659.586
134451,106793.305
134452,82957.4
134453,47192.63
134454,130921.41
134455,135678.31
134456,97121.0
134457,96025.07
134458,53255.73
134459,57852.676
134460,139589.67
134461,149897.83
134462,139253.83
134463,46006.21
134464,127047.266
134465,54189.754
134466,104585.35
134467,115872.125
134468,155452.9
134469,132560.53
134470,132370.62
134471,51601.926
134472,50016.9
134473,124825.88
134474,113806.04
134475,129069.664
134476,47683.14
134477,43361.23
134478,116931.99
134479,98689.24
134480,91883.266
134481,57846.84
134482,135427.06
134483,49400.74
134484,45014.746
134485,43900.434
134486,119525.92
134487,50243.23
134488,150060.95
134489,154071.94
134490,145977.4
134491,51995.043
134492,46374.375
134493,124600.07
134494,119633.664
134495,131301.83
134496,52915.79
134497,139755.12
134498,99654.01
134499,92807.05
134500,49297.832
134501,127157.15
134502,101898.875
134503,58524.293
134504,194561.64
134505,53150.77
134506,47298.793
134507,134553.58
134508,127423.39
134509,45159.508
134510,146555.69
134511,64507.152
134512,56359.047
134513,52439.2
134514,46582.7
134515,113268.83
134516,48065.613
134517,98640.445
134518,104878.586
134519,80866.32
134520,56595.742
134521,59798.406
134522,104298.625
134523,56579.234
134524,149092.83
134525,120303.766
134526,88749.15
134527,110216.04
134528,44863.08
134529,115426.375
134530,45991.125
134531,90773.62
134532,133968.89
134533,44981.125
134534,45768.09
134535,96029.305
134536,102006.9
134537,131057.96
134538,107424.26
134539,61557.293
134540,120854.16
134541,129115.24
134542,132279.28
134543,147308.78
134544,114740.15
134545,164546.42
134546,137082.27
134547,48444.96
134548,123028.99
134549,53478.844
134550,126035.85
134551,58251.52
134552,52286.348
134553,46610.938
134554,52784.99
134555,65038.45
134556,125707.016
134557,120178.66
134558,86995.53
134559,48569.266
134560,135667.89
134561,131913.22
134562,129778.17
134563,52782.566
134564,119367.445
134565,141349.5
134566,52465.312
134567,43156.484
134568,104268.586
134569,57977.605
134570,111518.125
134571,130467.12
134572,159794.44
134573,54364.66
134574,133896.0
134575,133083.02
134576,43308.117
134577,47867.266
134578,69957.26
134579,148582.77
134580,132332.5
134581,63681.906
134582,113409.586
134583,46464.105
134584,104625.836
134585,122136.65
134586,143386.0
134587,138010.9
134588,56405.367
134589,91122.03
134590,49141.773
134591,44162.02
134592,116025.164
134593,100704.52
134594,52836.84
134595,46088.1
134596,127442.08
134597,96774.01
134598,47927.3
134599,112222.484
134600,50120.21
134601,84972.81
134602,95205.84
134603,103432.37
134604,49018.08
134605,50642.816
134606,47456.734
134607,59270.53
134608,46833.09
134609,111019.5
134610,115442.45
134611,89456.984
134612,50394.38
134613,133049.08
134614,43326.168
134615,148781.62
134616,93761.79
134617,94110.805
134618,92017.336
134619,92833.6
134620,131838.67
134621,125304.58
134622,121018.99
134623,90416.15
134624,100641.3
134625,105581.8
134626,160422.64
134627,47666.812
134628,105392.664
134629,53954.89
134630,95224.93
134631,148872.23
134632,134136.7
134633,64102.656
134634,87634.555
134635,92273.664
134636,115288.64
134637,94594.41
134638,145070.62
134639,86552.734
134640,113940.89
134641,39965.957
134642,131054.41
134643,104782.18
134644,48300.63
134645,143206.08
134646,110890.31
134647,132873.73
134648,96809.98
134649,49260.562
134650,137869.03
134651,126452.2
134652,55964.418
134653,48191.45
134654,162147.77
134655,134485.92
134656,106068.88
134657,46737.227
134658,121414.445
134659,102007.12
134660,48607.934
134661,159531.67
134662,48369.207
134663,130826.76
134664,102437.12
134665,47298.793
134666,122716.77
134667,44670.207
134668,88618.94
134669,45014.746
134670,118530.69
134671,52171.74
134672,106008.87
134673,52684.855
134674,112071.0
134675,116823.734
134676,104121.03
134677,125458.68
134678,137096.73
134679,53944.258
134680,80000.484
134681,140424.52
134682,113998.03
134683,112578.62
134684,49331.312
134685,105661.57
134686,49300.34
134687,134889.86
134688,79956.28
134689,138999.12
134690,125496.99
134691,62905.992
134692,47352.938
134693,131287.39
134694,153690.81
134695,113187.04
134696,47441.34
134697,115135.13
134698,106228.2
134699,146096.45
134700,118430.18
134701,159024.31
134702,48313.336
134703,109127.484
134704,126925.27
134705,64536.48
134706,146773.47
134707,166235.05
134708,46171.043
134709,56012.3
134710,118366.05
134711,119580.7
134712,150225.4
134713,53353.12
134714,141252.39
134715,45073.01
134716,50894.816
134717,95112.96
134718,46088.1
134719,137462.95
134720,56430.83
134721,55361.195
134722,86701.484
134723,124873.89
134724,110961.3
134725,44442.15
134726,145705.33
134727,47399.848
134728,102351.5
134729,44981.125
134730,45112.207
134731,62701.88
134732,131410.95
134733,44503.797
134734,47488.14
134735,96014.52
134736,114580.94
134737,149373.78
134738,52233.9
134739,46218.273
134740,53570.77
134741,156739.98
134742,166522.72
134743,45774.586
134744,55632.246
134745,46563.46
134746,50717.82
134747,97298.29
134748,115152.875
134749,123139.14
134750,110565.055
134751,46881.82
134752,101111.07
134753,52823.805
134754,129765.36
134755,142119.8
134756,157029.75
134757,48683.418
134758,105482.71
134759,145129.3
134760,132116.39
134761,153845.11
134762,90951.82
134763,111601.02
134764,47667.312
134765,105449.586
134766,116001.86
134767,106851.57
134768,159460.98
134769,140234.56
134770,54960.95
134771,49893.688
134772,76770.75
134773,104675.77
134774,43014.973
134775,93151.98
134776,123691.01
134777,142797.3
134778,123841.875
134779,163828.14
134780,41115.273
134781,48792.715
134782,146047.92
134783,129793.164
134784,156419.83
134785,110681.67
134786,141335.88
134787,103596.62
134788,97281.08
134789,130906.12
134790,151194.77
134791,155873.95
134792,53978.46
134793,124142.164
134794,115823.43
134795,143465.08
134796,53933.758
134797,62166.645
134798,117850.99
134799,103169.7
134800,52575.38
134801,103498.36
134802,109933.97
134803,107119.68
134804,46459.383
134805,105095.4
134806,46302.008
134807,130427.555
134808,48777.87
134809,52132.957
134810,50536.453
134811,127847.82
134812,50878.977
134813,103887.836
134814,48283.562
134815,51586.184
134816,165321.44
134817,122112.19
134818,168688.28
134819,53971.242
134820,127433.945
134821,47950.11
134822,41740.215
134823,130482.445
134824,101442.03
134825,45909.992
134826,52919.676
134827,123918.92
134828,101143.15
134829,43707.477
134830,156545.58
134831,120794.85
134832,130666.23
134833,49306.645
134834,142012.97
134835,61078.008
134836,81312.59
134837,113852.48
134838,113492.02
134839,46910.477
134840,56478.88
134841,99211.61
134842,125142.945
134843,105282.33
134844,91468.93
134845,89723.13
134846,87069.4
134847,142817.06
134848,118097.0
134849,50039.97
134850,57164.688
134851,157404.67
134852,114714.3
134853,117531.58
134854,49309.746
134855,76299.195
134856,56170.85
134857,50903.508
134858,116415.164
134859,54697.742
134860,219748.0
134861,111378.195
134862,61487.21
134863,132788.61
134864,87833.46
134865,68077.74
134866,126964.69
134867,56192.785
134868,117925.016
134869,47295.79
134870,144301.83
134871,47380.28
134872,198307.53
134873,103444.52
134874,107401.68
134875,127327.91
134876,79726.9
134877,118848.984
134878,101812.68
134879,54225.23
134880,53790.523
134881,91613.61
134882,100145.89
134883,55885.035
134884,127364.17
134885,55717.543
134886,49959.395
134887,126070.4
134888,50065.832
134889,54444.508
134890,46440.77
134891,150465.08
134892,112376.51
134893,107149.37
134894,122224.766
134895,115656.87
134896,47076.51
134897,112893.234
134898,136222.77
134899,47312.94
134900,46113.832
134901,95479.016
134902,51042.09
134903,60089.69
134904,57136.367
134905,126033.66
134906,53470.105
134907,122869.15
134908,125697.305
134909,45684.03
134910,144905.0
134911,119094.6
134912,51811.65
134913,84204.766
134914,89957.46
134915,128492.34
134916,46414.09
134917,104756.65
134918,80517.01
134919,53111.27
134920,96047.016
134921,99874.22
134922,51533.41
134923,129051.305
134924,48220.64
134925,47024.0
134926,50560.18
134927,51036.26
134928,124228.89
134929,50005.613
134930,87923.55
134931,47883.156
134932,185659.22
134933,44891.164
134934,94956.56
134935,82496.8
134936,156160.97
134937,48932.594
134938,127280.586
134939,127572.85
134940,119598.02
134941,94555.49
134942,50122.74
134943,50822.816
134944,42626.61
134945,83995.78
134946,53842.48
134947,128581.41
134948,141017.12
134949,49809.203
134950,124964.1
134951,90125.8
134952,115718.2
134953,49605.94
134954,55686.51
134955,47091.06
134956,117640.695
134957,113207.26
134958,107495.7
134959,122214.234
134960,133529.78
134961,66379.44
134962,126786.1
134963,62155.598
134964,49456.438
134965,95753.61
134966,49927.55
134967,44256.977
134968,103828.68
134969,47219.12
134970,131578.25
134971,135295.6
134972,159509.05
134973,141082.86
134974,103017.14
134975,95492.85
134976,137852.88
134977,156401.36
134978,55201.996
134979,89580.12
134980,146939.5
134981,170563.55
134982,47630.56
134983,139409.1
134984,127862.55
134985,59512.24
134986,172011.84
134987,87909.89
134988,91434.49
134989,135032.31
134990,55689.39
134991,157331.73
134992,97637.27
134993,45571.086
134994,115624.48
134995,137830.69
134996,105106.73
134997,139106.64
134998,132410.0
134999,52902.617
135000,50844.797
135001,65088.098
135002,43413.87
135003,47931.383
135004,47056.887
135005,117455.42
135006,135481.34
135007,159153.38
135008,52618.68
135009,112004.11
135010,48116.008
135011,51471.094
135012,48671.84
135013,97869.25
135014,126407.7
135015,97358.75
135016,191030.73
135017,131501.61
135018,125766.97
135019,93889.38
135020,54956.812
135021,101932.53
135022,100986.07
135023,117220.44
135024,84547.805
135025,50573.844
135026,122654.86
135027,94979.26
135028,46842.3
135029,48081.492
135030,47933.523
135031,51017.78
135032,176740.61
135033,44730.098
135034,79742.87
135035,45020.348
135036,122309.21
135037,92901.41
135038,115518.47
135039,109485.41
135040,101914.97
135041,95543.234
135042,106780.5
135043,119301.734
135044,97941.375
135045,90028.8
135046,46524.242
135047,63134.777
135048,109927.25
135049,48135.24
135050,109999.2
135051,105662.08
135052,95376.03
135053,96039.484
135054,48722.02
135055,149827.88
135056,127427.984
135057,45129.816
135058,141230.9
135059,84912.055
135060,56809.086
135061,109365.984
135062,48369.207
135063,49294.27
135064,153139.77
135065,131243.3
135066,135022.84
135067,59869.98
135068,45280.363
135069,57375.215
135070,118939.42
135071,48604.883
135072,90474.41
135073,126600.64
135074,46012.766
135075,49126.19
135076,103258.195
135077,121376.63
135078,136010.97
135079,61727.297
135080,45800.914
135081,87475.836
135082,167995.06
135083,47095.094
135084,111256.63
135085,108872.32
135086,133270.36
135087,112667.57
135088,117132.91
135089,105649.125
135090,136997.58
135091,53374.234
135092,55884.08
135093,117887.16
135094,48380.504
135095,124184.984
135096,142934.5
135097,133180.55
135098,143142.6
135099,49337.14
135100,118331.195
135101,103696.92
135102,133482.44
135103,98919.62
135104,141135.98
135105,138109.33
135106,45542.07
135107,57192.992
135108,85771.914
135109,165104.17
135110,48887.74
135111,49558.08
135112,42421.22
135113,118610.47
135114,136021.78
135115,100922.51
135116,102057.63
135117,47681.273
135118,88771.65
135119,43287.387
135120,91468.93
135121,124957.77
135122,115724.93
135123,108672.84
135124,93266.9
135125,53150.07
135126,129134.91
135127,120685.81
135128,101364.234
135129,43499.03
135130,132145.19
135131,108534.555
135132,106349.81
135133,167130.69
135134,112915.58
135135,156020.83
135136,136355.83
135137,146522.12
135138,108700.984
135139,144967.6
135140,125002.88
135141,107489.8
135142,162469.17
135143,46811.93
135144,48394.086
135145,51343.867
135146,94302.58
135147,87136.59
135148,45011.168
135149,118628.57
135150,48578.59
135151,144406.36
135152,135938.66
135153,143811.7
135154,128373.91
135155,49230.13
135156,122539.53
135157,134266.42
135158,169745.67
135159,49639.875
135160,64954.035
135161,111565.11
135162,50518.473
135163,131582.2
135164,115733.164
135165,111432.64
135166,127986.0
135167,45449.383
135168,136997.95
135169,48235.344
135170,46983.62
135171,53117.133
135172,50724.504
135173,113266.86
135174,95479.016
135175,136521.72
135176,51914.258
135177,172674.05
135178,142737.67
135179,47310.93
135180,56455.68
135181,111530.945
135182,43048.914
135183,87560.234
135184,102796.84
135185,50542.51
135186,100928.586
135187,111356.8
135188,136063.89
135189,138287.19
135190,46850.81
135191,120841.016
135192,126233.336
135193,126822.08
135194,53676.79
135195,169851.95
135196,126046.18
135197,124762.68
135198,125329.81
135199,95497.32
135200,50189.37
135201,180442.98
135202,59333.336
135203,45245.973
135204,117882.54
135205,91451.85
135206,132055.9
135207,49457.85
135208,173870.55
135209,120310.38
135210,142370.77
135211,145907.8
135212,139669.44
135213,127453.016
135214,124815.97
135215,67094.766
135216,52140.8
135217,52571.43
135218,122321.77
135219,53373.83
135220,115314.01
135221,42899.73
135222,47239.215
135223,115009.18
135224,46427.312
135225,68676.15
135226,154550.5
135227,46061.004
135228,48030.54
135229,47738.39
135230,50735.04
135231,123532.984
135232,126403.27
135233,52332.594
135234,39597.996
135235,45844.855
135236,47961.81
135237,159126.77
135238,156967.44
135239,123517.164
135240,126192.31
135241,44099.242
135242,48095.652
135243,106095.71
135244,126089.93
135245,45086.656
135246,45774.586
135247,149389.64
135248,152260.78
135249,51755.98
135250,114528.91
135251,127542.58
135252,107462.914
135253,108048.13
135254,116633.27
135255,120769.35
135256,109382.15
135257,50519.17
135258,105501.586
135259,112156.16
135260,130762.805
135261,102084.95
135262,97169.57
135263,58857.777
135264,116433.16
135265,54626.945
135266,118381.086
135267,148926.94
135268,96742.16
135269,153898.14
135270,143039.69
135271,120522.95
135272,112772.836
135273,57368.67
135274,105256.164
135275,139374.73
135276,47368.16
135277,173146.12
135278,113746.27
135279,47279.746
135280,131180.1
135281,120612.39
135282,81337.51
135283,129134.49
135284,133942.48
135285,109153.06
135286,156324.75
135287,118198.805
135288,44707.72
135289,165406.38
135290,133043.66
135291,129339.84
135292,41612.492
135293,136214.28
135294,50187.48
135295,138044.06
135296,113388.15
135297,138180.83
135298,157553.03
135299,44644.832
135300,84481.37
135301,128781.12
135302,46527.438
135303,115635.8
135304,115389.79
135305,95658.94
135306,113103.92
135307,47834.203
135308,128950.73
135309,130902.66
135310,99807.914
135311,173984.42
135312,102829.914
135313,44521.613
135314,119473.73
135315,51932.273
135316,108524.4
135317,124486.04
135318,41538.89
135319,91598.3
135320,49321.04
135321,39978.887
135322,111182.51
135323,45133.117
135324,94346.125
135325,53993.6
135326,123934.414
135327,58232.19
135328,51151.95
135329,49083.793
135330,102866.2
135331,114394.7
135332,46193.785
135333,122910.08
135334,93761.79
135335,88899.375
135336,53466.5
135337,124916.82
135338,52669.11
135339,50562.047
135340,47288.81
135341,130245.67
135342,117719.26
135343,57119.438
135344,44886.008
135345,96201.23
135346,116894.516
135347,94715.77
135348,111758.99
135349,134755.39
135350,133787.92
135351,46231.527
135352,45346.465
135353,48050.688
135354,49450.31
135355,139199.78
135356,44675.29
135357,95057.08
135358,109478.95
135359,133343.17
135360,132932.34
135361,44531.727
135362,118980.836
135363,112219.36
135364,113407.91
135365,109324.48
135366,152218.89
135367,128749.41
135368,93339.805
135369,46839.414
135370,104017.91
135371,115590.164
135372,132374.3
135373,135150.48
135374,45371.895
135375,115551.05
135376,114027.984
135377,128525.19
135378,141811.9
135379,139340.84
135380,90487.48
135381,112256.24
135382,51753.8
135383,125740.984
135384,46231.527
135385,55589.977
135386,124542.84
135387,123761.76
135388,56665.746
135389,118148.93
135390,53424.27
135391,49513.105
135392,51653.473
135393,131112.95
135394,149665.39
135395,140104.8
135396,45827.023
135397,47141.81
135398,110652.97
135399,192079.67
135400,49976.695
135401,87845.6
135402,47254.64
135403,131476.03
135404,111575.76
135405,113325.08
135406,53528.047
135407,97673.24
135408,146040.95
135409,52276.375
135410,96708.92
135411,54200.55
135412,44844.07
135413,100014.23
135414,94825.67
135415,155692.9
135416,114542.68
135417,101346.64
135418,131961.39
135419,135971.64
135420,174936.38
135421,44866.043
135422,119055.12
135423,140330.16
135424,121657.08
135425,146298.61
135426,134581.19
135427,57735.656
135428,152521.44
135429,113525.8
135430,112554.01
135431,108427.77
135432,47123.074
135433,85474.664
135434,45819.457
135435,111197.555
135436,55039.777
135437,109280.96
135438,167484.14
135439,137056.33
135440,44735.52
135441,112489.79
135442,71421.72
135443,123739.984
135444,108698.445
135445,113280.79
135446,112652.18
135447,126551.79
135448,119951.375
135449,155090.55
135450,118815.26
135451,102834.516
135452,49984.26
135453,124121.21
135454,135663.6
135455,48352.383
135456,200711.23
135457,99960.78
135458,49387.0
135459,122657.47
135460,119124.07
135461,131619.22
135462,86393.766
135463,93763.0
135464,102298.15
135465,47357.164
135466,53699.53
135467,120870.734
135468,118076.53
135469,50735.67
135470,82860.21
135471,96570.31
135472,58707.605
135473,121555.83
135474,91664.125
135475,54389.594
135476,133791.19
135477,128448.68
135478,106068.88
135479,101168.24
135480,51293.336
135481,49984.26
135482,135659.92
135483,48145.02
135484,47709.832
135485,45245.613
135486,117427.56
135487,97100.01
135488,102725.91
135489,127308.36
135490,50642.812
135491,109448.766
135492,124893.305
135493,152803.48
135494,134244.69
135495,48295.168
135496,139007.72
135497,130486.38
135498,131997.14
135499,126180.47
135500,114003.56
135501,62009.723
135502,111644.35
135503,132247.03
135504,64880.906
135505,123516.26
135506,45634.145
135507,112952.13
135508,44912.312
135509,49797.75
135510,121092.62
135511,45762.285
135512,121463.555
135513,128517.086
135514,126956.52
135515,178049.27
135516,145516.14
135517,54537.24
135518,102548.53
135519,46737.227
135520,51728.547
135521,44543.445
135522,102782.61
135523,49335.945
135524,135513.27
135525,50646.06
135526,54431.555
135527,101208.62
135528,49815.44
135529,150959.31
135530,46686.832
135531,88849.67
135532,120425.07
135533,48262.324
135534,129903.27
135535,179665.19
135536,44344.945
135537,106062.836
135538,109271.71
135539,105927.48
135540,118933.48
135541,104872.266
135542,90795.33
135543,48104.875
135544,101539.92
135545,106681.195
135546,165420.42
135547,114286.43
135548,131943.94
135549,134831.19
135550,118089.164
135551,128637.28
135552,114674.73
135553,115971.63
135554,48720.703
135555,100014.23
135556,114307.0
135557,106237.51
135558,83112.75
135559,108305.94
135560,45639.03
135561,105196.6
135562,104848.16
135563,134670.22
135564,111718.695
135565,48916.297
135566,95658.94
135567,143020.7
135568,56255.156
135569,146611.9
135570,47884.27
135571,43281.406
135572,181320.8
135573,155503.7
135574,49874.86
135575,57861.1
135576,126195.72
135577,92392.76
135578,131324.39
135579,87818.94
135580,143695.6
135581,119368.38
135582,59179.168
135583,190438.72
135584,118420.305
135585,110807.62
135586,51415.6
135587,128430.11
135588,101479.99
135589,111269.46
135590,111373.43
135591,62088.22
135592,130908.11
135593,56119.277
135594,99965.51
135595,146213.92
135596,53032.188
135597,123770.016
135598,52635.664
135599,133349.23
135600,138287.45
135601,101462.65
135602,119853.07
135603,46508.383
135604,55852.902
135605,114912.96
135606,147689.75
135607,121509.01
135608,116691.13
135609,84886.23
135610,133051.83
135611,60691.07
135612,100888.46
135613,112708.81
135614,113313.25
135615,108532.64
135616,148254.64
135617,49294.27
135618,91086.055
135619,135241.67
135620,130626.234
135621,119117.016
135622,125324.27
135623,81670.14
135624,135499.7
135625,128613.52
135626,128658.41
135627,111846.26
135628,86410.03
135629,119762.19
135630,112706.734
135631,106693.72
135632,47939.492
135633,124783.83
135634,170715.78
135635,49835.617
135636,42924.8
135637,85395.07
135638,103777.68
135639,127350.51
135640,101366.94
135641,42720.96
135642,51420.387
135643,45692.22
135644,129924.35
135645,45698.887
135646,46425.23
135647,119624.414
135648,129102.06
135649,77467.05
135650,142549.88
135651,45245.973
135652,44479.14
135653,124221.87
135654,133559.39
135655,49350.344
135656,128065.09
135657,46618.508
135658,140084.48
135659,115880.86
135660,91336.47
135661,93755.586
135662,139371.56
135663,106752.39
135664,137255.08
135665,134975.97
135666,60791.164
135667,55482.74
135668,56518.363
135669,111370.59
135670,117107.73
135671,130923.67
135672,48206.52
135673,129759.766
135674,123852.055
135675,139074.33
135676,151460.77
135677,95317.875
135678,107630.32
135679,44144.84
135680,134831.62
135681,46327.32
135682,49933.22
135683,108875.14
135684,154281.77
135685,125469.67
135686,43186.855
135687,53412.902
135688,52707.426
135689,105730.93
135690,106330.82
135691,135587.42
135692,86606.48
135693,105589.55
135694,139813.53
135695,111777.93
135696,99686.22
135697,94343.64
135698,174032.8
135699,119927.305
135700,48441.23
135701,52941.51
135702,45532.07
135703,49849.543
135704,129296.65
135705,132371.86
135706,93847.69
135707,115281.39
135708,106628.55
135709,43479.062
135710,98265.34
135711,53532.89
135712,124566.09
135713,110734.39
135714,46116.668
135715,100140.74
135716,138827.36
135717,93181.734
135718,46119.973
135719,113681.5
135720,94674.98
135721,111581.09
135722,117241.625
135723,46330.062
135724,83714.26
135725,123197.49
135726,173303.03
135727,122490.03
135728,56314.773
135729,57651.816
135730,106086.71
135731,46073.887
135732,131355.56
135733,139243.53
135734,115448.836
135735,118034.164
135736,104649.414
135737,48306.38
135738,95513.375
135739,122655.22
135740,108111.39
135741,108056.42
135742,121250.08
135743,132224.44
135744,52427.92
135745,113883.3
135746,132441.11
135747,125139.086
135748,105989.66
135749,97637.27
135750,116523.95
135751,93598.67
135752,120760.88
135753,46678.047
135754,75473.945
135755,137767.97
135756,48379.543
135757,100869.34
135758,120828.05
135759,104347.22
135760,160811.38
135761,88555.375
135762,114484.914
135763,114007.67
135764,86353.17
135765,45966.39
135766,75883.6
135767,129149.19
135768,123088.27
135769,120496.375
135770,123219.09
135771,93414.68
135772,108604.83
135773,94302.46
135774,116491.69
135775,113058.32
135776,54372.414
135777,100921.82
135778,108996.79
135779,112835.34
135780,64094.94
135781,123844.11
135782,45840.05
135783,154714.19
135784,57009.07
135785,99650.83
135786,106811.18
135787,101705.38
135788,47409.406
135789,141056.45
135790,119219.32
135791,141522.02
135792,105693.51
135793,56608.96
135794,212222.62
135795,117557.48
135796,50140.883
135797,129834.734
135798,129246.99
135799,130718.234
135800,136126.38
135801,133749.1
135802,121219.42
135803,50231.79
135804,128900.09
135805,50244.332
135806,50954.426
135807,133974.42
135808,124244.836
135809,96219.32
135810,50644.734
135811,111520.06
135812,48143.63
135813,48242.785
135814,101930.914
135815,119682.36
135816,117058.22
135817,116343.8
135818,110575.64
135819,122456.24
135820,49770.234
135821,46190.336
135822,42434.21
135823,112779.35
135824,52745.074
135825,54016.848
135826,52176.477
135827,52237.31
135828,50005.344
135829,49196.137
135830,113772.2
135831,112661.6
135832,47262.316
135833,121699.91
135834,57920.336
135835,51485.67
135836,41665.145
135837,124804.53
135838,124919.15
135839,48851.09
135840,49051.59
135841,108193.24
135842,90378.66
135843,105804.26
135844,110945.11
135845,107990.516
135846,48283.793
135847,45527.684
135848,174297.83
135849,50060.496
135850,150158.5
135851,45210.188
135852,53798.59
135853,45108.324
135854,106526.414
135855,46898.676
135856,132925.06
135857,117457.23
135858,57986.117
135859,126712.03
135860,56000.27
135861,113503.53
135862,125541.65
135863,83788.79
135864,47345.188
135865,45894.863
135866,119320.9
135867,115668.59
135868,122207.58
135869,128581.13
135870,111871.55
135871,100370.18
135872,107137.24
135873,116642.99
135874,107932.81
135875,95477.875
135876,109338.72
135877,88962.734
135878,55829.438
135879,103793.55
135880,137320.27
135881,124782.65
135882,96820.51
135883,56052.438
135884,121853.37
135885,48562.867
135886,147005.75
135887,112779.44
135888,121717.26
135889,94780.37
135890,130205.586
135891,101929.83
135892,113195.49
135893,140441.08
135894,116281.46
135895,46488.27
135896,130744.64
135897,126941.46
135898,125020.71
135899,46175.418
135900,100996.55
135901,125050.8
135902,117315.17
135903,150723.0
135904,49503.957
135905,112090.26
135906,117421.02
135907,95890.266
135908,92299.15
135909,48313.758
135910,45067.17
135911,66657.414
135912,52340.906
135913,41349.77
135914,131888.52
135915,104607.086
135916,134171.36
135917,129173.234
135918,45855.58
135919,46988.637
135920,127598.7
135921,92476.32
135922,117334.31
135923,70077.03
135924,118090.125
135925,55977.438
135926,132166.77
135927,133061.53
135928,48616.062
135929,155067.25
135930,113573.805
135931,50281.773
135932,188789.12
135933,173659.78
135934,145609.11
135935,51382.605
135936,47939.492
135937,112788.086
135938,44290.832
135939,142657.27
135940,135545.28
135941,57291.945
135942,108661.25
135943,146740.44
135944,132640.06
135945,49289.99
135946,173028.58
135947,94172.86
135948,139400.56
135949,113105.26
135950,87598.84
135951,121863.445
135952,122092.07
135953,124574.66
135954,101802.35
135955,122158.125
135956,94288.055
135957,58259.477
135958,105767.46
135959,49680.76
135960,59624.08
135961,49149.105
135962,86606.45
135963,114653.81
135964,48509.555
135965,48262.324
135966,49922.754
135967,55926.176
135968,58374.246
135969,48895.688
135970,112809.46
135971,103326.984
135972,53900.562
135973,91507.81
135974,104202.89
135975,121042.2
135976,46583.87
135977,111581.7
135978,141671.48
135979,132674.52
135980,150958.1
135981,142397.44
135982,52892.832
135983,49389.496
135984,125073.39
135985,99220.63
135986,110220.37
135987,53985.07
135988,137809.47
135989,85209.805
135990,128225.164
135991,47159.168
135992,121416.81
135993,119765.64
135994,52467.035
135995,48894.504
135996,45481.914
135997,45875.066
135998,119889.06
135999,122223.83
136000,91488.31
136001,127413.57
136002,106123.68
136003,129372.4
136004,133454.83
136005,53877.71
136006,105732.09
136007,51093.035
136008,47388.09
136009,119459.29
136010,56199.773
136011,121357.64
136012,60850.285
136013,55214.71
136014,43585.797
136015,87727.9
136016,50298.383
136017,46132.867
136018,124343.46
136019,111320.83
136020,149766.53
136021,117601.56
136022,85458.15
136023,50021.586
136024,62608.047
136025,114565.58
136026,105351.08
136027,117929.48
136028,133527.2
136029,60046.8
136030,101539.92
136031,113522.73
136032,100814.17
136033,129834.46
136034,56667.16
136035,55700.855
136036,62175.06
136037,48395.168
136038,50243.23
136039,107089.6
136040,85397.77
136041,149819.06
136042,129083.84
136043,142242.2
136044,46986.82
136045,50740.67
136046,52795.86
136047,44537.465
136048,124757.3
136049,120165.43
136050,55274.008
136051,112492.84
136052,109541.695
136053,49890.46
136054,53320.44
136055,111558.34
136056,45212.566
136057,114171.53
136058,129451.3
136059,100426.97
136060,69702.32
136061,92156.85
136062,141519.2
136063,49256.06
136064,49890.46
136065,136540.84
136066,46841.332
136067,48828.285
136068,46452.543
136069,122219.55
136070,107616.7
136071,54542.203
136072,58466.582
136073,47713.86
136074,51766.914
136075,87634.555
136076,125329.766
136077,113964.65
136078,59408.156
136079,115789.9
136080,80508.016
136081,110975.336
136082,106483.766
136083,112311.234
136084,130867.52
136085,49018.55
136086,125380.164
136087,40734.84
136088,45509.754
136089,115027.46
136090,123750.88
136091,47791.57
136092,91210.0
136093,125525.89
136094,137911.34
136095,108052.96
136096,134778.25
136097,110495.57
136098,105365.586
136099,123229.76
136100,144391.83
136101,135898.39
136102,48322.703
136103,101949.32
136104,95658.94
136105,119233.56
136106,123467.02
136107,100177.3
136108,124090.27
136109,46714.074
136110,145051.28
136111,138379.94
136112,107156.52
136113,151451.86
136114,48662.023
136115,138759.8
136116,89538.99
136117,92842.3
136118,50060.496
136119,109772.4
136120,138796.31
136121,45126.727
136122,114361.375
136123,128919.58
136124,109114.125
136125,125160.96
136126,155818.94
136127,46650.523
136128,165698.14
136129,107225.54
136130,114648.63
136131,116816.86
136132,128502.63
136133,116934.586
136134,48055.418
136135,101208.62
136136,225963.64
136137,124905.71
136138,110529.586
136139,47503.49
136140,85954.64
136141,46305.34
136142,132402.8
136143,99663.77
136144,99946.37
136145,42795.11
136146,123528.85
136147,88433.93
136148,44842.168
136149,216256.67
136150,146653.7
136151,46765.56
136152,111433.05
136153,58103.047
136154,128993.58
136155,53503.883
136156,112128.68
136157,49083.793
136158,155510.64
136159,45978.156
136160,116930.42
136161,97762.23
136162,44841.047
136163,46180.7
136164,118754.65
136165,49084.09
136166,126430.51
136167,114874.9
136168,155707.02
136169,117455.625
136170,49076.23
136171,106241.73
136172,56218.79
136173,117461.71
136174,107599.34
136175,49795.51
136176,139973.45
136177,116190.27
136178,128819.91
136179,127931.82
136180,134059.92
136181,54375.027
136182,43696.16
136183,54655.703
136184,117432.18
136185,64990.258
136186,126211.79
136187,81520.04
136188,122582.664
136189,118700.14
136190,54567.79
136191,108229.164
136192,126496.13
136193,143280.53
136194,126137.76
136195,135358.4
136196,44352.688
136197,156533.83
136198,91318.555
136199,43756.887
136200,133449.81
136201,141930.8
136202,121847.58
136203,151961.94
136204,44335.383
136205,108374.59
136206,105134.18
136207,133694.44
136208,97029.19
136209,43060.062
136210,58826.883
136211,46280.42
136212,43085.777
136213,49083.793
136214,56016.605
136215,96490.45
136216,47472.844
136217,117673.13
136218,128773.37
136219,140206.67
136220,46077.277
136221,47154.566
136222,47148.88
136223,90873.57
136224,117503.54
136225,90864.664
136226,154156.16
136227,100014.23
136228,103043.0
136229,104581.42
136230,115912.164
136231,104159.805
136232,126698.59
136233,107951.055
136234,51363.438
136235,47683.14
136236,121703.54
136237,47815.984
136238,42619.656
136239,43798.06
136240,46088.1
136241,100949.87
136242,113746.836
136243,48558.96
136244,114772.93
136245,50304.63
136246,49066.742
136247,52617.566
136248,158697.45
136249,125168.56
136250,52068.223
136251,143864.88
136252,171600.3
136253,110710.99
136254,96505.79
136255,106163.78
136256,45014.402
136257,116143.54
136258,42833.723
136259,168143.58
136260,60871.113
136261,46522.99
136262,122061.09
136263,110692.54
136264,112991.586
136265,137896.67
136266,53819.168
136267,120867.43
136268,106343.91
136269,100658.63
136270,51518.4
136271,146201.25
136272,182993.72
136273,52086.29
136274,92237.54
136275,140004.62
136276,125107.336
136277,97976.055
136278,138651.31
136279,136113.64
136280,112454.55
136281,151384.67
136282,153318.95
136283,108504.84
136284,51395.33
136285,79956.28
136286,124826.234
136287,130910.67
136288,179825.16
136289,40300.94
136290,44888.61
136291,104216.1
136292,155350.77
136293,144460.23
136294,107201.96
136295,139269.34
136296,120582.65
136297,45025.977
136298,124737.16
136299,55499.98
136300,110876.086
136301,123151.6
136302,80589.79
136303,90186.27
136304,164432.0
136305,123831.94
136306,77342.32
136307,127480.57
136308,58089.23
136309,104351.164
136310,101162.55
136311,153169.28
136312,142313.31
136313,66569.195
136314,116953.98
136315,144360.67
136316,79321.41
136317,116290.77
136318,89868.17
136319,128049.47
136320,47707.477
136321,77066.195
136322,107335.26
136323,122655.734
136324,111339.69
136325,130595.91
136326,128561.87
136327,143359.52
136328,151484.33
136329,128147.125
136330,130691.7
136331,49975.324
136332,117614.89
136333,106634.02
136334,44655.992
136335,89868.17
136336,125284.625
136337,48998.617
136338,133375.34
136339,98997.08
136340,54770.1
136341,103605.75
136342,48440.387
136343,51778.316
136344,114865.766
136345,115235.625
136346,45155.04
136347,146815.5
136348,139477.02
136349,48841.8
136350,144607.84
136351,118813.29
136352,125092.98
136353,97551.336
136354,113938.93
136355,132272.69
136356,53902.19
136357,50144.973
136358,45238.492
136359,62302.63
136360,48988.02
136361,166764.77
136362,54537.89
136363,47760.55
136364,128469.055
136365,130151.58
136366,61473.402
136367,108188.22
136368,131162.52
136369,55480.7
136370,144451.14
136371,134432.77
136372,64643.95
136373,48165.93
136374,120147.125
136375,57176.965
136376,129275.055
136377,43510.832
136378,159328.14
136379,50575.74
136380,79588.055
136381,47175.06
136382,121428.43
136383,127953.0
136384,125170.96
136385,126522.63
136386,98194.35
136387,171380.31
136388,96679.555
136389,133350.2
136390,97438.42
136391,123457.19
136392,121771.24
136393,95392.59
136394,92468.0
136395,139157.28
136396,138114.34
136397,50925.652
136398,134319.58
136399,142259.3
136400,100483.6
136401,164587.6
136402,49227.13
136403,133558.31
136404,161864.0
136405,110176.11
136406,130173.31
136407,86319.234
136408,104819.445
136409,132088.31
136410,94755.445
136411,49577.59
136412,51855.37
136413,47779.98
136414,48387.73
136415,118773.09
136416,110427.125
136417,130003.35
136418,44576.75
136419,112950.57
136420,131999.31
136421,47462.246
136422,48799.37
136423,50202.02
136424,72541.37
136425,49160.715
136426,50477.46
136427,119106.02
136428,93738.14
136429,47968.355
136430,55664.18
136431,116007.664
136432,47211.84
136433,45821.22
136434,46891.348
136435,138404.1
136436,44867.285
136437,99064.37
136438,135141.3
136439,109945.22
136440,49574.4
136441,112903.164
136442,119683.61
136443,105648.13
136444,48916.297
136445,49258.26
136446,156566.17
136447,130078.47
136448,124899.71
136449,98488.46
136450,50348.645
136451,146234.45
136452,110015.66
136453,116727.93
136454,45245.973
136455,170268.73
136456,65102.523
136457,87162.19
136458,150866.14
136459,106398.05
136460,134139.62
136461,114114.73
136462,133280.17
136463,86906.36
136464,41602.082
136465,120754.734
136466,118245.94
136467,139021.86
136468,45401.594
136469,101148.07
136470,83841.266
136471,124491.99
136472,105037.08
136473,132505.58
136474,130187.16
136475,111014.02
136476,137689.81
136477,132019.66
136478,48645.105
136479,133477.75
136480,44545.05
136481,48493.08
136482,107639.31
136483,125573.914
136484,141793.44
136485,135081.27
136486,105640.164
136487,130047.695
136488,121866.414
136489,99363.336
136490,137229.19
136491,39097.87
136492,51094.33
136493,42860.535
136494,91780.445
136495,49520.03
136496,154280.38
136497,55839.258
136498,86938.12
136499,121858.3
136500,110231.38
136501,100113.79
136502,99736.445
136503,133757.4
136504,52073.44
136505,115917.734
136506,139074.33
136507,47577.574
136508,50482.92
136509,127096.93
136510,48738.766
136511,34917.973
136512,112787.41
136513,49933.22
136514,110104.97
136515,98030.555
136516,133870.95
136517,96090.43
136518,103086.22
136519,48818.52
136520,118761.58
136521,121168.195
136522,132290.94
136523,43053.746
136524,96715.625
136525,61389.082
136526,148457.0
136527,114796.72
136528,107093.125
136529,115177.836
136530,111443.14
136531,55628.62
136532,127961.32
136533,49623.883
136534,102745.65
136535,49609.65
136536,174849.7
136537,129174.086
136538,191103.77
136539,194052.1
136540,85343.93
136541,119206.43
136542,118494.28
136543,136302.0
136544,112054.87
136545,121104.87
136546,60087.32
136547,119540.87
136548,126228.47
136549,105989.66
136550,102254.64
136551,121023.984
136552,110412.99
136553,48497.598
136554,50972.406
136555,61671.22
136556,134212.19
136557,121366.375
136558,47389.273
136559,162956.3
136560,47499.938
136561,125340.99
136562,97011.586
136563,50844.64
136564,98739.51
136565,120082.17
136566,52380.234
136567,133793.17
136568,127130.125
136569,120665.98
136570,46453.105
136571,125346.09
136572,52306.05
136573,103349.25
136574,55865.625
136575,137895.17
136576,121666.34
136577,86342.625
136578,153547.1
136579,102400.68
136580,95952.35
136581,114325.65
136582,50681.3
136583,109521.71
136584,52539.637
136585,97947.01
136586,151772.03
136587,129583.12
136588,102950.78
136589,50433.496
136590,48013.86
136591,117246.78
136592,137535.86
136593,127678.56
136594,146548.28
136595,125076.42
136596,48559.39
136597,100014.23
136598,107034.5
136599,100414.11
136600,143362.9
136601,50607.348
136602,62886.043
136603,122917.15
136604,112783.09
136605,105665.3
136606,114125.7
136607,49184.742
136608,44249.574
136609,113740.19
136610,48169.086
136611,125233.93
136612,109597.38
136613,166531.48
136614,130944.36
136615,48901.168
136616,103106.82
136617,57625.36
136618,117143.92
136619,153752.72
136620,129941.91
136621,51520.695
136622,108707.16
136623,59957.133
136624,118113.19
136625,49796.445
136626,50260.08
136627,132061.12
136628,141128.67
136629,89729.07
136630,131503.2
136631,50856.12
136632,135222.44
136633,137253.2
136634,126884.99
136635,44647.305
136636,121945.82
136637,114793.82
136638,55774.047
136639,131927.34
136640,127823.35
136641,50087.88
136642,118692.96
136643,147418.92
136644,43245.85
136645,103524.24
136646,47749.977
136647,46453.105
136648,151057.1
136649,46537.246
136650,136045.94
136651,57253.977
136652,155954.3
136653,72553.94
136654,150449.11
136655,50773.906
136656,96939.26
136657,111781.19
136658,134404.44
136659,52904.56
136660,111744.35
136661,79274.266
136662,134485.3
136663,134282.69
136664,104945.12
136665,130165.57
136666,65282.547
136667,109492.98
136668,119041.55
136669,84595.305
136670,102796.84
136671,91426.05
136672,100631.96
136673,91373.81
136674,46284.246
136675,90341.555
136676,42816.61
136677,94091.76
136678,59546.5
136679,48452.215
136680,138564.92
136681,122117.94
136682,133758.23
136683,56103.523
136684,127914.58
136685,118984.55
136686,135915.23
136687,172814.86
136688,56148.812
136689,89093.97
136690,57364.598
136691,55819.367
136692,117823.16
136693,109645.266
136694,117986.88
136695,122806.734
136696,54992.742
136697,92102.18
136698,61528.707
136699,104524.266
136700,110759.164
136701,86342.625
136702,101005.4
136703,110845.65
136704,87818.94
136705,45725.05
136706,130666.805
136707,106783.086
136708,43721.01
136709,108730.93
136710,125540.45
136711,133396.72
136712,93663.305
136713,102222.914
136714,121753.68
136715,108005.164
136716,109290.73
136717,51374.54
136718,127032.64
136719,46544.16
136720,47920.88
136721,159439.86
136722,103022.91
136723,133121.36
136724,53714.09
136725,92079.45
136726,112338.01
136727,162013.08
136728,116723.34
136729,106247.43
136730,53528.984
136731,58002.445
136732,136583.88
136733,132374.12
136734,50904.133
136735,121852.414
136736,112310.1
136737,57663.258
136738,112195.92
136739,56741.22
136740,118812.555
136741,128833.63
136742,51599.465
136743,82324.766
136744,86594.875
136745,151136.03
136746,52209.145
136747,124362.23
136748,47253.55
136749,96984.914
136750,109000.75
136751,42297.305
136752,138074.75
136753,44316.06
136754,150074.31
136755,54416.773
136756,51512.26
136757,88692.18
136758,118581.79
136759,143569.19
136760,44471.355
136761,53821.008
136762,122207.586
136763,153141.89
136764,134401.55
136765,136424.06
136766,148756.23
136767,136422.02
136768,98510.375
136769,100224.38
136770,88612.49
136771,41061.184
136772,55948.83
136773,96810.94
136774,118729.01
136775,146076.31
136776,133632.42
136777,136691.58
136778,44344.945
136779,96447.97
136780,44503.74
136781,134145.56
136782,132034.27
136783,111325.67
136784,43749.2
136785,142373.92
136786,98088.51
136787,102037.0
136788,48382.67
136789,80504.52
136790,52716.547
136791,113757.51
136792,47952.543
136793,93763.0
136794,122169.67
136795,117440.14
136796,54254.18
136797,118982.53
136798,46518.246
136799,124944.9
136800,48098.594
136801,49556.0
136802,135249.44
136803,128892.72
136804,110087.44
136805,44745.85
136806,46807.906
136807,173995.97
136808,111073.72
136809,120428.06
136810,82700.86
136811,122332.18
136812,176787.08
136813,43370.97
136814,105146.89
136815,49835.07
136816,135296.77
136817,93660.95
136818,135461.38
136819,47926.676
136820,99921.984
136821,138744.92
136822,53174.215
136823,148451.64
136824,48584.54
136825,108678.28
136826,92936.95
136827,86107.42
136828,123925.99
136829,123449.05
136830,49038.09
136831,135631.55
136832,91301.2
136833,47809.625
136834,108627.875
136835,104434.49
136836,102682.11
136837,120522.77
136838,54357.54
136839,102438.586
136840,49122.773
136841,183951.05
136842,134770.62
136843,93646.27
136844,44402.86
136845,112514.95
136846,109994.21
136847,133410.31
136848,102632.09
136849,171299.0
136850,107957.12
136851,138891.88
136852,102275.914
136853,44867.285
136854,47444.42
136855,94987.57
136856,116991.35
136857,140495.02
136858,49985.445
136859,45498.12
136860,42128.62
136861,99522.91
136862,48654.82
136863,48401.395
136864,49030.24
136865,157139.02
136866,164833.47
136867,128818.74
136868,113888.87
136869,150910.31
136870,47574.754
136871,57720.418
136872,102745.414
136873,95479.016
136874,102214.0
136875,138655.75
136876,48885.473
136877,51815.4
136878,49921.984
136879,114487.06
136880,112517.3
136881,49815.0
136882,115839.98
136883,136189.78
136884,92112.64
136885,50632.348
136886,46411.51
136887,46179.676
136888,90848.414
136889,111676.51
136890,106429.47
136891,47904.46
136892,133238.95
136893,102279.29
136894,45621.715
136895,106461.05
136896,57138.73
136897,116729.18
136898,127496.66
136899,138825.86
136900,105321.69
136901,47281.785
136902,152668.55
136903,122473.42
136904,111631.914
136905,45469.848
136906,121177.35
136907,133854.77
136908,49070.926
136909,102675.95
136910,49290.47
136911,125361.14
136912,51430.973
136913,51483.645
136914,49882.86
136915,118004.04
136916,100220.39
136917,121399.15
136918,48646.51
136919,46385.4
136920,128095.086
136921,43716.008
136922,47206.19
136923,50117.688
136924,41370.285
136925,48390.38
136926,83557.95
136927,121593.37
136928,136053.5
136929,48315.35
136930,129840.03
136931,130723.38
136932,99376.05
136933,45762.285
136934,43370.97
136935,95448.37
136936,121460.7
136937,123798.61
136938,136577.81
136939,51844.918
136940,94432.32
136941,110444.016
136942,57714.023
136943,91310.81
136944,105375.46
136945,148658.6
136946,113597.81
136947,162925.47
136948,139075.27
136949,173914.88
136950,41477.938
136951,64196.977
136952,52746.5
136953,113495.234
136954,123678.48
136955,56457.92
136956,45774.586
136957,94343.47
136958,87707.266
136959,125867.29
136960,45612.13
136961,48978.664
136962,50583.04
136963,109877.06
136964,140926.69
136965,105679.47
136966,111576.54
136967,119534.29
136968,126586.055
136969,101368.08
136970,46874.582
136971,128021.336
136972,87961.805
136973,85658.72
136974,48269.598
136975,134532.94
136976,47456.734
136977,95136.96
136978,159533.88
136979,140155.98
136980,152742.86
136981,92833.6
136982,55415.67
136983,113867.33
136984,104464.14
136985,85588.7
136986,61028.76
136987,94973.984
136988,160314.61
136989,107108.91
136990,88898.766
136991,43030.55
136992,142710.94
136993,100145.57
136994,139669.03
136995,111795.4
136996,133057.34
136997,94263.89
136998,133573.0
136999,64012.89
137000,133687.33
137001,117978.84
137002,51869.414
137003,172939.66
137004,50213.56
137005,124155.8
137006,43538.53
137007,125527.17
137008,155029.16
137009,150264.12
137010,129254.18
137011,84632.92
137012,135424.73
137013,126137.484
137014,48309.703
137015,107867.5
137016,49937.617
137017,46524.64
137018,91373.81
137019,51185.59
137020,127047.266
137021,50176.453
137022,135485.3
137023,44855.395
137024,135064.83
137025,127545.63
137026,124594.94
137027,44910.227
137028,52468.35
137029,104464.14
137030,103055.94
137031,116235.57
137032,111039.71
137033,130782.54
137034,48264.906
137035,102239.25
137036,127806.04
137037,132173.97
137038,121375.54
137039,158285.44
137040,141115.58
137041,114227.95
137042,54670.508
137043,48390.38
137044,114419.73
137045,111210.65
137046,155247.31
137047,119028.96
137048,53180.633
137049,51585.887
137050,118366.79
137051,126962.84
137052,88682.13
137053,81507.53
137054,135028.58
137055,56294.055
137056,124801.75
137057,86319.234
137058,50508.63
137059,54904.31
137060,45450.52
137061,121014.336
137062,87980.04
137063,109805.234
137064,49758.883
137065,51475.08
137066,92975.55
137067,148477.11
137068,48343.47
137069,113807.78
137070,49159.68
137071,60296.137
137072,89279.64
137073,58232.676
137074,141517.44
137075,99667.07
137076,134700.88
137077,119371.02
137078,97838.11
137079,133780.88
137080,106282.35
137081,128738.41
137082,117615.93
137083,142661.62
137084,138431.28
137085,95587.98
137086,138302.34
137087,142616.9
137088,107830.29
137089,130807.586
137090,138876.14
137091,103818.414
137092,142817.72
137093,143376.94
137094,89006.63
137095,106362.95
137096,99482.875
137097,55553.277
137098,101014.25
137099,138857.77
137100,138345.97
137101,117060.984
137102,41815.46
137103,113428.65
137104,91122.25
137105,46012.766
137106,135687.38
137107,98964.52
137108,43061.91
137109,49210.0
137110,47896.06
137111,112826.42
137112,44976.555
137113,53133.07
137114,45144.566
137115,49750.92
137116,162513.77
137117,129020.99
137118,112711.445
137119,90543.49
137120,52919.207
137121,49128.543
137122,129355.08
137123,155242.94
137124,132875.34
137125,129856.664
137126,96840.53
137127,177753.27
137128,119791.65
137129,107250.0
137130,53732.043
137131,41346.23
137132,154680.64
137133,123653.46
137134,51845.09
137135,175316.6
137136,101208.62
137137,89352.17
137138,110199.98
137139,154727.45
137140,100245.95
137141,45473.566
137142,104296.87
137143,108679.32
137144,56351.22
137145,60171.184
137146,53989.977
137147,81354.984
137148,153967.7
137149,133237.86
137150,152386.44
137151,141949.77
137152,142526.9
137153,143240.83
137154,109650.54
137155,100261.06
137156,119913.09
137157,104865.89
137158,44365.906
137159,163100.88
137160,106989.36
137161,51678.035
137162,104463.99
137163,112583.38
137164,123335.58
137165,132181.66
137166,118456.016
137167,48946.344
137168,135437.02
137169,111563.7
137170,114966.09
137171,48946.27
137172,110427.06
137173,123506.42
137174,144562.42
137175,56111.32
137176,97095.516
137177,70268.586
137178,128291.234
137179,125744.16
137180,135581.08
137181,159879.28
137182,109401.164
137183,46498.465
137184,124255.586
137185,51466.055
137186,161067.22
137187,96301.25
137188,85464.6
137189,54695.07
137190,85101.11
137191,133800.27
137192,143350.42
137193,107058.72
137194,49714.05
137195,116985.77
137196,119757.01
137197,47714.43
137198,120552.055
137199,44636.613
137200,43918.42
137201,50752.54
137202,46945.848
137203,108763.234
137204,146515.72
137205,123835.97
137206,49174.55
137207,47609.375
137208,103844.81
137209,50830.957
137210,44832.11
137211,119902.72
137212,52755.684
137213,127466.02
137214,84281.31
137215,108028.33
137216,124335.8
137217,91587.39
137218,52920.15
137219,90000.984
137220,45622.633
137221,137078.19
137222,102941.92
137223,46033.582
137224,48288.84
137225,47879.203
137226,134914.8
137227,53868.418
137228,117894.984
137229,43903.246
137230,138000.22
137231,125199.41
137232,132347.05
137233,109352.484
137234,50481.207
137235,128768.53
137236,61992.71
137237,90878.7
137238,50468.22
137239,118154.586
137240,150775.75
137241,53428.953
137242,125806.17
137243,101632.81
137244,124566.07
137245,47984.67
137246,93372.93
137247,105648.13
137248,49018.08
137249,105345.86
137250,49309.32
137251,108258.164
137252,111463.586
137253,136749.16
137254,95127.26
137255,122648.21
137256,41868.625
137257,129457.0
137258,48001.375
137259,132151.02
137260,49321.04
137261,46918.883
137262,48938.953
137263,113324.58
137264,167329.56
137265,112919.36
137266,114791.03
137267,94781.47
137268,48836.773
137269,109545.2
137270,166514.1
137271,128159.6
137272,100621.02
137273,46330.062
137274,158539.52
137275,54685.973
137276,157290.89
137277,50200.766
137278,146212.97
137279,101082.414
137280,163534.75
137281,44870.305
137282,62140.74
137283,119713.93
137284,92973.45
137285,161573.44
137286,130576.664
137287,50245.945
137288,45857.7
137289,112054.48
137290,99767.01
137291,133196.52
137292,100021.24
137293,46589.83
137294,49049.83
137295,131108.14
137296,88493.17
137297,158309.69
137298,125924.58
137299,127336.53
137300,46818.215
137301,111133.27
137302,49238.773
137303,108111.39
137304,55404.895
137305,64689.676
137306,134296.61
137307,44038.297
137308,82324.766
137309,48011.402
137310,46797.1
137311,172371.42
137312,50883.383
137313,49197.977
137314,115631.76
137315,48379.402
137316,106008.87
137317,114702.99
137318,42968.734
137319,48145.02
137320,123355.57
137321,113840.2
137322,100700.64
137323,97637.27
137324,108908.4
137325,135489.52
137326,49721.805
137327,123125.055
137328,129386.33
137329,116737.56
137330,133824.0
137331,43881.332
137332,120097.75
137333,108118.914
137334,135853.73
137335,124528.67
137336,107812.734
137337,52884.02
137338,119591.695
137339,157551.84
137340,108706.98
137341,118103.22
137342,114355.44
137343,127874.36
137344,108050.29
137345,113801.555
137346,124533.72
137347,124574.43
137348,44945.69
137349,66129.02
137350,69625.32
137351,49975.066
137352,114548.23
137353,112327.484
137354,144494.89
137355,164224.0
137356,62106.613
137357,123196.84
137358,60919.516
137359,129878.09
137360,118573.36
137361,93343.22
137362,107307.11
137363,98599.21
137364,49307.312
137365,112107.305
137366,127299.62
137367,49774.113
137368,98618.64
137369,115401.84
137370,139013.39
137371,88851.35
137372,137011.47
137373,141887.31
137374,119005.43
137375,120896.805
137376,131703.69
137377,49960.062
137378,130842.164
137379,50857.027
137380,143330.19
137381,133820.86
137382,98071.41
137383,50283.79
137384,126482.664
137385,118234.54
137386,123298.836
137387,186148.2
137388,89317.3
137389,140412.39
137390,130682.3
137391,95750.58
137392,100298.664
137393,48390.38
137394,46052.78
137395,157596.0
137396,90440.72
137397,161934.77
137398,53861.363
137399,114517.74
137400,126301.375
137401,50039.97
137402,139069.16
137403,128796.24
137404,85688.125
137405,89369.766
137406,126749.08
137407,118994.99
137408,107176.84
137409,86963.71
137410,147476.64
137411,46111.125
137412,134375.61
137413,104251.62
137414,149387.88
137415,53802.305
137416,49344.48
137417,50886.887
137418,123179.18
137419,110241.71
137420,100505.97
137421,133047.72
137422,112505.21
137423,131359.27
137424,63802.848
137425,90000.984
137426,145104.56
137427,94911.01
137428,157825.31
137429,137479.58
137430,97502.625
137431,53506.76
137432,127841.3
137433,55725.465
137434,179862.31
137435,48418.527
137436,53998.293
137437,120192.45
137438,50943.168
137439,108278.04
137440,53593.477
137441,48301.273
137442,98599.21
137443,130044.72
137444,112388.0
137445,117927.1
137446,50117.27
137447,108234.38
137448,50462.5
137449,55980.004
137450,93135.0
137451,131806.66
137452,135078.64
137453,150100.53
137454,93649.195
137455,43567.812
137456,179461.72
137457,97359.57
137458,87567.055
137459,128473.766
137460,118870.15
137461,138142.64
137462,154035.58
137463,127464.01
137464,123059.59
137465,54834.215
137466,46105.426
137467,44413.055
137468,46456.164
137469,57602.816
137470,52301.035
137471,108706.98
137472,122404.69
137473,47211.84
137474,43370.97
137475,114285.51
137476,106850.86
137477,50159.63
137478,51711.992
137479,65043.773
137480,122270.375
137481,134950.17
137482,89493.695
137483,124856.57
137484,108305.94
137485,50788.45
137486,164749.98
137487,142614.88
137488,57575.117
137489,138384.11
137490,42086.21
137491,87707.266
137492,56179.44
137493,50101.45
137494,106226.414
137495,92680.67
137496,127907.97
137497,97232.36
137498,113429.32
137499,108957.336
137500,61626.63
137501,111550.766
137502,95249.414
137503,115281.39
137504,41887.793
137505,104711.99
137506,49921.05
137507,47955.082
137508,59068.516
137509,45722.633
137510,111837.555
137511,61937.496
137512,125404.93
137513,114184.234
137514,46586.59
137515,118297.24
137516,119913.93
137517,41392.594
137518,156219.81
137519,62664.46
137520,148457.69
137521,156513.05
137522,117700.8
137523,113699.49
137524,50388.117
137525,125167.73
137526,42684.83
137527,56329.15
137528,91143.48
137529,52995.84
137530,122038.21
137531,53806.094
137532,106008.87
137533,130714.41
137534,48720.703
137535,121760.13
137536,112105.31
137537,84535.66
137538,118035.88
137539,100489.02
137540,107032.04
137541,125489.57
137542,108653.234
137543,98453.42
137544,89681.03
137545,43855.766
137546,111126.37
137547,132544.8
137548,47102.85
137549,52029.29
137550,120217.65
137551,185596.19
137552,111587.734
137553,130406.305
137554,137381.92
137555,108516.8
137556,42260.184
137557,130063.17
137558,118673.79
137559,137003.02
137560,102950.78
137561,150208.8
137562,96715.71
137563,137445.8
137564,135097.83
137565,50753.777
137566,91642.61
137567,55036.883
137568,90773.62
137569,103434.38
137570,128165.73
137571,50918.78
137572,50988.53
137573,118822.17
137574,127770.555
137575,139545.12
137576,48706.402
137577,134696.95
137578,112620.69
137579,48057.125
137580,114033.164
137581,120267.93
137582,46740.105
137583,102145.19
137584,106189.1
137585,55153.363
137586,122820.82
137587,45664.164
137588,44481.977
137589,54947.58
137590,136387.9
137591,49827.7
137592,127319.445
137593,52065.9
137594,48588.023
137595,49206.27
137596,114313.82
137597,108948.625
137598,48895.973
137599,128637.086
137600,117207.48
137601,48766.848
137602,42786.113
137603,86319.234
137604,101315.836
137605,41768.69
137606,113553.67
137607,41747.69
137608,119319.01
137609,177299.98
137610,109652.695
137611,129149.74
137612,106035.6
137613,108962.26
137614,128897.73
137615,184257.9
137616,48644.457
137617,116408.31
137618,135578.03
137619,84492.04
137620,141173.38
137621,58501.188
137622,115783.92
137623,102156.61
137624,113034.57
137625,52738.492
137626,110582.414
137627,120227.22
137628,164950.19
137629,53845.688
137630,50050.3
137631,122224.43
137632,198957.72
137633,105596.02
137634,134647.28
137635,155462.17
137636,103779.84
137637,105128.42
137638,134083.05
137639,104518.99
137640,133929.25
137641,96278.43
137642,145575.83
137643,119901.44
137644,123281.41
137645,90740.58
137646,57707.863
137647,106300.58
137648,107615.11
137649,132350.23
137650,51715.777
137651,121079.41
137652,83671.61
137653,48667.977
137654,125367.555
137655,51935.965
137656,126520.58
137657,84411.84
137658,136349.58
137659,111168.125
137660,134855.5
137661,104323.88
137662,138102.89
137663,125080.97
137664,116625.586
137665,49977.07
137666,104957.92
137667,98393.71
137668,63132.07
137669,119892.36
137670,94786.055
137671,130223.09
137672,56608.727
137673,54257.656
137674,47352.938
137675,68184.95
137676,88962.734
137677,138615.67
137678,136648.25
137679,115123.97
137680,149418.02
137681,47280.57
137682,137931.38
137683,114626.0
137684,173040.69
137685,162349.47
137686,49956.484
137687,132964.53
137688,128471.85
137689,146874.25
137690,104625.836
137691,127561.79
137692,118238.805
137693,53239.805
137694,67995.414
137695,46500.715
137696,127604.63
137697,52887.555
137698,90538.25
137699,109739.2
137700,45710.117
137701,88282.24
137702,46056.273
137703,44626.402
137704,43677.707
137705,160383.7
137706,139761.2
137707,103282.39
137708,57149.38
137709,114239.79
137710,125865.31
137711,105719.805
137712,50560.508
137713,56716.23
137714,45431.47
137715,122332.15
137716,137609.27
137717,150992.98
137718,133780.22
137719,142476.1
137720,101949.625
137721,116023.91
137722,46670.27
137723,45469.105
137724,88968.99
137725,65275.453
137726,124045.65
137727,163546.16
137728,53581.566
137729,155031.5
137730,98794.13
137731,131362.94
137732,99449.01
137733,51785.02
137734,52292.95
137735,46077.54
137736,147076.66
137737,49929.38
137738,52970.637
137739,130037.52
137740,86410.03
137741,109862.555
137742,50228.03
137743,52998.66
137744,144947.67
137745,102982.484
137746,144961.75
137747,109411.58
137748,150827.73
137749,41247.773
137750,133113.64
137751,59883.03
137752,126093.05
137753,96277.79
137754,51690.59
137755,49614.43
137756,81507.53
137757,53124.8
137758,50785.023
137759,43291.418
137760,50418.652
137761,47405.26
137762,51591.957
137763,124008.164
137764,154986.66
137765,132999.53
137766,150348.52
137767,133394.56
137768,95928.805
137769,46748.836
137770,73777.04
137771,158521.88
137772,44240.934
137773,53863.12
137774,123440.8
137775,102405.58
137776,122720.086
137777,200559.86
137778,114197.16
137779,46810.535
137780,47600.29
137781,48302.76
137782,114868.945
137783,127226.125
137784,152259.39
137785,114461.266
137786,98863.555
137787,100001.64
137788,103569.02
137789,128903.766
137790,117292.31
137791,90514.69
137792,140540.23
137793,153886.11
137794,135944.31
137795,89681.5
137796,113682.42
137797,124482.58
137798,79810.09
137799,52498.062
137800,115011.91
137801,128955.09
137802,49657.848
137803,128694.15
137804,107957.12
137805,53648.383
137806,88639.33
137807,85776.9
137808,102867.87
137809,97637.27
137810,110838.79
137811,167440.05
137812,87111.96
137813,66067.336
137814,126779.7
137815,131908.36
137816,151020.45
137817,128757.76
137818,127186.77
137819,54654.3
137820,128381.52
137821,59172.926
137822,100193.17
137823,48874.836
137824,126366.695
137825,46545.16
137826,42442.21
137827,90498.82
137828,104880.67
137829,107042.64
137830,45603.055
137831,114406.71
137832,127452.03
137833,49817.133
137834,147016.42
137835,115973.78
137836,110006.58
137837,134337.27
137838,114078.46
137839,100914.016
137840,111272.414
137841,56609.195
137842,102146.57
137843,153414.61
137844,217224.4
137845,56752.953
137846,136039.53
137847,129011.46
137848,118418.6
137849,87560.234
137850,111009.7
137851,47024.492
137852,47787.2
137853,116373.1
137854,112139.52
137855,52436.9
137856,140813.75
137857,114533.52
137858,118955.1
137859,113660.836
137860,109604.33
137861,131611.47
137862,41904.996
137863,98585.63
137864,123845.805
137865,123941.98
137866,51661.805
137867,55883.176
137868,125270.836
137869,50646.227
137870,85844.266
137871,49142.39
137872,47026.32
137873,51921.188
137874,129767.33
137875,50824.074
137876,50925.902
137877,109226.016
137878,120860.125
137879,135556.05
137880,119189.78
137881,50874.832
137882,148742.1
137883,46650.254
137884,55767.586
137885,43178.664
137886,128357.07
137887,111657.18
137888,46391.07
137889,119704.234
137890,45547.656
137891,133101.16
137892,86166.8
137893,56338.543
137894,122522.08
137895,104464.14
137896,123005.625
137897,100732.586
137898,155257.45
137899,140098.9
137900,133017.78
137901,51373.758
137902,49005.176
137903,105054.34
137904,154207.62
137905,101824.35
137906,116117.414
137907,115791.586
137908,84492.04
137909,148790.84
137910,114979.516
137911,54878.14
137912,131867.8
137913,123241.94
137914,118994.2
137915,117535.08
137916,127598.28
137917,48143.89
137918,132057.95
137919,53288.4
137920,42924.77
137921,168924.17
137922,60794.69
137923,45642.914
137924,90358.61
137925,123375.48
137926,135028.11
137927,50914.91
137928,58163.703
137929,47904.46
137930,106476.49
137931,107819.54
137932,110829.68
137933,47500.797
137934,92762.93
137935,179228.73
137936,163695.4
137937,109516.07
137938,135300.12
137939,116775.76
137940,115794.62
137941,46508.65
137942,111126.07
137943,186271.92
137944,92822.6
137945,125144.29
137946,68754.05
137947,126252.45
137948,45416.574
137949,45213.82
137950,182729.94
137951,138518.03
137952,122249.21
137953,143554.58
137954,162470.19
137955,113447.14
137956,127659.17
137957,55369.96
137958,50562.91
137959,116527.0
137960,131214.89
137961,52861.535
137962,46279.062
137963,92680.67
137964,134505.9
137965,93598.67
137966,133572.14
137967,132541.78
137968,102677.69
137969,86028.164
137970,45676.418
137971,87863.695
137972,111790.125
137973,118020.86
137974,105997.125
137975,49319.066
137976,124421.28
137977,97113.914
137978,43298.496
137979,119893.266
137980,123347.15
137981,115716.5
137982,48262.324
137983,47923.17
137984,55294.117
137985,150296.67
137986,111199.05
137987,113210.516
137988,98707.22
137989,43838.832
137990,50944.703
137991,51953.367
137992,104375.516
137993,126610.33
137994,82903.73
137995,58025.754
137996,85464.6
137997,111786.11
137998,96745.734
137999,146852.1
138000,123495.47
138001,111319.016
138002,90206.29
138003,118159.164
138004,128467.95
138005,47524.66
138006,142578.56
138007,74077.305
138008,111328.73
138009,54147.438
138010,97728.33
138011,52823.805
138012,49089.21
138013,128080.055
138014,44715.652
138015,54522.633
138016,44890.74
138017,86589.88
138018,103356.234
138019,46341.98
138020,121774.13
138021,133053.94
138022,51691.395
138023,51267.023
138024,116295.3
138025,119332.32
138026,118342.83
138027,52791.03
138028,184759.77
138029,111596.42
138030,95359.76
138031,110741.39
138032,136501.1
138033,169635.9
138034,44671.855
138035,57939.02
138036,39780.824
138037,120426.57
138038,55640.242
138039,56755.2
138040,141310.61
138041,138550.72
138042,104066.29
138043,51347.12
138044,48997.19
138045,54665.64
138046,123111.266
138047,141586.64
138048,57843.445
138049,43354.105
138050,129056.21
138051,121183.945
138052,66604.836
138053,50007.59
138054,84127.07
138055,149586.58
138056,52726.57
138057,156106.16
138058,121503.19
138059,137476.38
138060,50060.395
138061,127322.1
138062,85985.35
138063,50722.312
138064,152164.36
138065,107732.984
138066,98599.21
138067,144854.86
138068,64716.348
138069,45130.19
138070,118438.336
138071,118823.18
138072,101965.59
138073,52227.64
138074,115646.88
138075,63966.16
138076,90764.55
138077,131464.44
138078,156815.34
138079,61263.83
138080,47092.5
138081,113070.39
138082,129985.54
138083,49019.812
138084,138854.4
138085,117348.61
138086,112469.086
138087,120266.94
138088,46758.39
138089,50995.31
138090,109271.71
138091,155503.7
138092,86589.88
138093,51064.324
138094,112037.74
138095,204469.08
138096,88479.03
138097,107928.95
138098,104704.19
138099,57994.117
138100,59638.492
138101,46388.316
138102,130298.9
138103,118950.98
138104,48493.08
138105,123587.875
138106,124310.37
138107,45292.836
138108,94610.586
138109,108226.96
138110,55442.84
138111,150617.34
138112,118020.12
138113,123684.46
138114,125264.945
138115,92400.664
138116,135213.84
138117,133890.14
138118,127782.914
138119,81749.23
138120,135329.05
138121,88527.99
138122,107396.945
138123,107963.984
138124,63417.094
138125,130253.65
138126,123416.64
138127,191017.83
138128,141045.88
138129,121412.664
138130,115209.3
138131,114545.01
138132,50366.273
138133,51747.97
138134,146677.06
138135,86754.26
138136,46145.69
138137,46763.203
138138,116399.336
138139,106620.48
138140,92662.94
138141,105858.5
138142,111732.75
138143,125730.74
138144,108314.76
138145,124588.19
138146,40339.207
138147,93626.05
138148,111463.586
138149,51616.46
138150,40590.797
138151,158982.14
138152,85546.63
138153,38676.824
138154,143662.19
138155,105105.14
138156,112503.59
138157,51442.664
138158,110021.14
138159,52276.664
138160,151521.55
138161,142163.03
138162,123088.06
138163,144709.72
138164,160685.33
138165,146906.69
138166,45109.418
138167,165713.05
138168,113014.77
138169,48164.523
138170,182652.48
138171,100849.75
138172,114262.31
138173,129306.18
138174,112174.86
138175,105509.74
138176,176340.98
138177,121453.84
138178,57631.777
138179,105648.13
138180,107489.8
138181,119160.36
138182,137265.11
138183,134564.7
138184,107126.16
138185,119434.234
138186,95610.445
138187,127421.91
138188,96263.72
138189,132319.4
138190,134347.14
138191,130946.805
138192,111134.21
138193,70236.45
138194,47679.03
138195,125586.1
138196,110254.28
138197,110433.96
138198,127613.87
138199,47092.5
138200,90822.35
138201,55396.957
138202,48442.19
138203,51491.035
138204,126968.45
138205,90206.29
138206,86351.734
138207,82558.37
138208,128306.36
138209,99913.38
138210,47578.58
138211,108771.09
138212,44530.16
138213,113158.66
138214,141015.88
138215,46425.23
138216,43916.152
138217,124897.59
138218,98397.14
138219,105988.9
138220,128712.09
138221,60670.074
138222,129200.62
138223,43235.79
138224,98559.92
138225,116005.44
138226,113697.71
138227,96745.734
138228,57924.758
138229,50646.06
138230,46737.293
138231,135554.36
138232,100789.695
138233,92376.586
138234,90154.21
138235,57039.19
138236,109425.81
138237,104710.14
138238,139796.11
138239,117226.36
138240,101151.86
138241,110101.84
138242,46412.97
138243,110086.43
138244,106068.88
138245,85953.58
138246,160091.55
138247,48465.84
138248,48390.652
138249,133774.02
138250,46901.945
138251,46103.176
138252,113784.83
138253,102482.625
138254,125518.664
138255,58487.09
138256,120399.555
138257,93948.44
138258,139287.78
138259,53148.93
138260,108283.96
138261,115196.57
138262,105921.18
138263,116337.39
138264,51259.234
138265,145898.5
138266,121714.54
138267,144578.45
138268,56097.33
138269,50453.9
138270,105016.27
138271,107785.66
138272,100789.695
138273,110215.29
138274,53784.508
138275,108165.42
138276,48630.17
138277,133971.47
138278,51397.965
138279,135623.03
138280,105657.164
138281,138302.22
138282,119151.375
138283,96841.37
138284,106313.11
138285,118135.55
138286,50477.836
138287,56780.85
138288,39984.562
138289,94851.49
138290,117567.58
138291,96996.62
138292,102432.73
138293,111439.32
138294,53966.887
138295,110342.516
138296,118019.57
138297,90873.57
138298,134237.94
138299,49525.37
138300,168988.95
138301,49157.805
138302,54830.8
138303,118427.19
138304,91061.1
138305,89736.125
138306,126679.3
138307,128171.71
138308,103466.914
138309,46462.16
138310,52717.277
138311,97358.21
138312,97550.945
138313,48369.207
138314,59244.918
138315,136115.78
138316,133792.02
138317,127930.48
138318,45000.027
138319,47199.13
138320,59279.066
138321,114878.484
138322,128966.52
138323,128874.97
138324,163126.88
138325,114331.09
138326,54961.406
138327,47452.5
138328,132982.64
138329,91310.81
138330,112843.52
138331,67030.71
138332,52535.56
138333,53959.99
138334,119753.87
138335,95555.73
138336,143073.9
138337,127673.6
138338,51037.887
138339,126921.26
138340,54055.84
138341,58301.332
138342,134954.06
138343,114308.805
138344,87707.266
138345,48656.816
138346,117718.41
138347,67336.805
138348,50360.54
138349,47390.6
138350,61019.594
138351,98006.92
138352,100982.91
138353,43685.7
138354,47024.0
138355,114322.55
138356,112349.35
138357,101521.586
138358,160969.4
138359,50683.207
138360,135813.22
138361,47849.973
138362,49924.797
138363,125083.34
138364,54750.03
138365,49086.062
138366,139010.11
138367,145689.38
138368,108411.914
138369,47353.984
138370,114794.516
138371,84801.38
138372,122283.805
138373,54264.83
138374,55306.434
138375,89087.375
138376,114843.625
138377,66371.68
138378,111011.195
138379,104017.11
138380,44707.15
138381,98516.51
138382,182412.66
138383,111846.26
138384,146463.83
138385,91422.16
138386,100708.5
138387,48319.96
138388,137376.62
138389,105841.91
138390,49677.508
138391,132053.23
138392,59545.594
138393,115063.78
138394,174294.69
138395,51665.773
138396,49191.395
138397,50070.98
138398,160290.33
138399,47789.906
138400,55050.516
138401,115712.83
138402,134109.42
138403,45043.477
138404,144882.7
138405,115492.375
138406,128443.26
138407,144194.28
138408,97104.945
138409,114293.234
138410,45271.367
138411,48453.383
138412,118346.87
138413,124242.555
138414,47393.84
138415,125013.02
138416,123741.97
138417,131565.95
138418,128765.07
138419,125116.92
138420,94703.88
138421,44740.668
138422,134910.75
138423,122445.48
138424,119483.61
138425,52037.746
138426,102066.49
138427,128511.31
138428,53156.445
138429,47440.645
138430,46411.51
138431,95658.94
138432,47459.855
138433,92270.04
138434,120966.23
138435,121685.0
138436,107510.62
138437,122168.68
138438,130839.9
138439,57536.066
138440,128605.34
138441,53712.043
138442,113753.445
138443,140110.97
138444,100544.0
138445,121911.625
138446,134833.78
138447,139807.53
138448,106877.59
138449,57878.945
138450,94692.93
138451,132334.2
138452,104298.04
138453,109705.06
138454,54269.773
138455,112328.336
138456,141519.83
138457,121367.53
138458,45542.07
138459,112146.945
138460,106156.07
138461,47523.035
138462,99561.25
138463,149550.12
138464,115277.01
138465,116117.734
138466,104762.19
138467,48038.7
138468,43370.97
138469,134407.97
138470,110214.836
138471,47148.88
138472,114334.336
138473,129049.805
138474,96003.12
138475,170098.1
138476,106718.484
138477,97707.34
138478,124973.23
138479,119600.63
138480,51457.344
138481,49018.55
138482,110712.39
138483,124832.08
138484,45900.17
138485,96850.984
138486,93949.12
138487,96561.03
138488,121900.33
138489,128612.54
138490,134505.66
138491,112538.375
138492,117434.28
138493,43297.223
138494,105799.586
138495,127355.016
138496,144970.3
138497,46126.29
138498,126251.36
138499,94891.96
138500,132296.1
138501,125450.66
138502,48290.824
138503,132696.62
138504,52391.473
138505,85371.734
138506,104488.87
138507,119990.26
138508,48073.84
138509,96352.625
138510,127232.08
138511,101094.85
138512,106149.69
138513,103273.43
138514,107734.2
138515,123024.03
138516,52303.74
138517,52822.35
138518,47198.156
138519,114488.6
138520,50095.074
138521,132024.27
138522,106714.94
138523,63282.016
138524,114244.95
138525,112918.664
138526,134826.33
138527,111188.48
138528,150434.64
138529,50196.332
138530,128050.89
138531,119135.4
138532,135969.3
138533,99671.35
138534,120696.71
138535,105450.86
138536,171232.53
138537,123033.836
138538,135247.48
138539,45144.566
138540,125638.02
138541,109953.586
138542,53325.277
138543,127809.16
138544,100425.71
138545,135521.89
138546,107989.02
138547,53156.445
138548,55151.24
138549,102003.93
138550,98098.164
138551,124885.91
138552,51201.633
138553,116175.76
138554,90602.94
138555,157974.81
138556,109140.9
138557,135805.08
138558,123596.94
138559,144367.06
138560,46181.91
138561,159790.61
138562,56548.832
138563,46586.824
138564,126543.34
138565,112767.984
138566,153002.4
138567,109802.58
138568,65802.27
138569,66390.81
138570,43279.69
138571,126023.78
138572,134475.2
138573,106015.836
138574,88928.336
138575,100891.02
138576,94377.14
138577,128622.5
138578,148122.73
138579,113581.41
138580,47269.562
138581,46986.82
138582,63878.324
138583,151631.03
138584,106893.38
138585,193346.52
138586,49057.55
138587,47887.33
138588,148878.89
138589,53339.75
138590,45350.945
138591,46815.19
138592,56558.695
138593,129359.84
138594,99268.66
138595,88816.26
138596,125363.03
138597,116181.56
138598,64005.832
138599,118601.664
138600,121567.88
138601,144288.8
138602,117027.44
138603,129539.8
138604,44345.402
138605,115590.29
138606,93516.88
138607,54412.098
138608,47793.99
138609,113913.67
138610,91940.336
138611,49518.688
138612,107271.445
138613,169493.75
138614,56967.9
138615,110630.97
138616,128645.76
138617,48880.367
138618,107885.78
138619,92895.58
138620,87421.05
138621,130855.94
138622,148094.23
138623,168793.77
138624,140766.73
138625,51795.664
138626,44918.26
138627,105961.664
138628,57857.863
138629,103295.05
138630,52711.67
138631,50661.65
138632,133917.77
138633,192305.45
138634,106139.31
138635,148832.88
138636,44890.74
138637,115363.86
138638,107825.09
138639,97212.93
138640,91389.03
138641,167902.69
138642,80759.73
138643,47441.684
138644,51804.668
138645,136147.84
138646,96100.63
138647,98269.7
138648,87876.625
138649,134043.2
138650,122177.47
138651,143861.73
138652,109259.63
138653,73334.055
138654,121694.29
138655,128374.7
138656,56775.55
138657,92381.086
138658,58815.72
138659,111673.38
138660,129908.67
138661,107613.58
138662,46711.992
138663,48065.004
138664,128946.086
138665,44344.945
138666,128624.76
138667,53498.066
138668,103010.42
138669,140512.48
138670,54118.625
138671,111756.63
138672,57564.72
138673,45931.887
138674,149740.17
138675,144510.0
138676,122980.164
138677,130737.52
138678,48584.54
138679,155801.4
138680,126235.164
138681,56574.97
138682,109324.96
138683,123094.41
138684,154309.61
138685,93410.59
138686,140994.16
138687,174174.86
138688,119198.15
138689,45688.0
138690,96585.2
138691,103457.39
138692,95654.17
138693,44986.87
138694,51166.33
138695,50399.305
138696,50012.77
138697,123882.12
138698,53975.582
138699,50897.914
138700,61690.426
138701,46305.34
138702,57190.184
138703,112292.95
138704,150379.62
138705,152268.88
138706,97548.3
138707,48315.35
138708,115956.125
138709,43359.492
138710,135100.67
138711,111779.82
138712,117911.43
138713,96863.625
138714,104169.78
138715,48162.105
138716,104526.89
138717,145322.4
138718,98758.83
138719,48364.31
138720,47368.24
138721,102722.086
138722,109303.86
138723,120551.92
138724,97016.72
138725,50031.81
138726,123390.06
138727,47266.453
138728,170272.3
138729,97484.445
138730,142229.0
138731,129188.03
138732,137914.27
138733,101366.96
138734,50968.06
138735,59215.523
138736,143589.56
138737,97771.414
138738,136542.61
138739,130305.33
138740,110000.36
138741,134290.33
138742,145087.78
138743,119065.34
138744,49653.605
138745,103172.33
138746,49251.645
138747,111246.02
138748,117196.11
138749,134294.45
138750,106748.016
138751,52199.58
138752,47244.242
138753,156433.86
138754,115825.086
138755,122214.97
138756,121457.305
138757,51140.836
138758,46041.01
138759,106209.75
138760,151321.89
138761,111319.016
138762,174805.05
138763,55060.996
138764,149850.3
138765,56914.67
138766,161649.95
138767,89014.89
138768,48829.53
138769,118148.28
138770,146385.62
138771,63495.95
138772,98593.234
138773,133000.53
138774,54049.688
138775,150521.77
138776,108336.836
138777,145884.33
138778,128207.38
138779,118278.94
138780,50060.426
138781,117920.12
138782,124579.23
138783,154311.44
138784,107957.12
138785,50085.94
138786,128084.67
138787,136424.95
138788,99124.34
138789,87914.234
138790,103378.21
138791,114888.82
138792,105760.54
138793,122539.58
138794,50187.086
138795,91134.37
138796,124001.89
138797,111748.39
138798,140563.72
138799,111892.33
138800,109933.766
138801,46894.336
138802,46174.336
138803,121265.89
138804,87069.4
138805,89470.484
138806,102431.05
138807,48007.043
138808,93925.15
138809,47574.71
138810,147850.5
138811,121825.32
138812,167511.6
138813,152571.05
138814,165338.58
138815,87839.34
138816,42845.438
138817,120686.06
138818,39541.625
138819,100556.695
138820,111999.54
138821,126064.41
138822,91658.85
138823,89299.3
138824,128090.305
138825,48434.23
138826,141566.11
138827,52877.74
138828,154178.73
138829,98795.58
138830,137947.86
138831,49173.445
138832,140216.78
138833,42278.855
138834,75205.68
138835,132396.19
138836,157427.4
138837,54543.754
138838,175745.95
138839,111708.6
138840,85426.22
138841,122207.73
138842,50497.27
138843,132043.77
138844,112245.6
138845,49747.586
138846,43627.46
138847,54550.1
138848,150165.84
138849,45166.18
138850,137039.69
138851,44015.164
138852,46125.53
138853,135721.95
138854,89582.31
138855,42035.55
138856,111519.984
138857,53928.168
138858,123358.9
138859,112396.55
138860,52112.375
138861,114662.64
138862,73613.03
138863,91857.195
138864,153715.98
138865,57785.51
138866,116939.7
138867,42547.297
138868,127148.12
138869,144415.75
138870,107778.88
138871,89280.85
138872,54866.324
138873,140011.55
138874,131985.92
138875,103581.57
138876,110260.39
138877,106390.72
138878,102539.836
138879,63467.19
138880,46858.906
138881,86882.88
138882,51316.32
138883,113569.04
138884,46417.527
138885,45858.836
138886,96245.88
138887,42291.08
138888,124264.266
138889,48921.28
138890,151284.56
138891,135447.22
138892,117914.086
138893,139999.19
138894,133553.11
138895,137199.31
138896,94555.49
138897,54647.066
138898,49890.46
138899,106609.96
138900,164347.6
138901,101901.56
138902,45445.62
138903,159489.72
138904,50397.86
138905,58849.266
138906,123347.3
138907,40676.57
138908,151448.64
138909,105256.164
138910,51036.777
138911,129183.086
138912,43807.746
138913,42820.758
138914,47629.016
138915,135388.03
138916,110088.49
138917,148913.75
138918,150943.7
138919,120941.586
138920,89669.89
138921,130427.555
138922,48011.402
138923,98919.62
138924,122592.73
138925,86625.79
138926,48482.457
138927,118465.06
138928,49308.332
138929,131575.25
138930,125046.555
138931,95021.3
138932,151853.67
138933,102490.28
138934,45242.477
138935,123831.98
138936,52499.504
138937,122127.04
138938,174500.98
138939,89723.13
138940,105593.21
138941,62107.277
138942,48962.082
138943,125654.914
138944,61629.25
138945,150388.16
138946,128197.33
138947,113797.71
138948,107797.76
138949,45621.715
138950,101095.0
138951,45664.566
138952,119658.72
138953,95017.52
138954,119718.4
138955,107344.84
138956,60688.996
138957,96527.6
138958,132042.55
138959,125021.49
138960,101462.65
138961,44524.96
138962,118021.76
138963,113250.75
138964,75392.47
138965,119012.38
138966,49706.758
138967,50222.14
138968,137508.23
138969,119392.84
138970,123842.516
138971,126444.26
138972,125733.164
138973,128565.4
138974,90227.72
138975,51073.348
138976,91222.14
138977,150086.2
138978,49039.36
138979,114135.945
138980,46734.92
138981,131600.4
138982,110326.484
138983,131911.44
138984,52788.023
138985,166883.81
138986,108439.914
138987,126484.336
138988,105282.33
138989,97479.75
138990,91622.25
138991,52667.676
138992,125800.45
138993,95540.41
138994,47843.25
138995,118145.16
138996,83073.445
138997,107819.54
138998,122469.945
138999,135760.1
139000,124492.85
139001,114109.64
139002,131064.45
139003,46353.887
139004,51622.03
139005,132848.22
139006,46543.32
139007,186852.88
139008,92785.47
139009,135527.48
139010,129363.67
139011,137138.86
139012,48718.957
139013,46748.24
139014,101396.7
139015,88748.28
139016,44307.098
139017,132011.05
139018,133874.03
139019,156410.02
139020,47015.82
139021,122131.39
139022,83464.766
139023,42502.195
139024,119898.58
139025,119335.03
139026,46904.54
139027,114245.63
139028,123536.75
139029,112351.97
139030,113533.7
139031,129373.77
139032,46316.57
139033,127029.68
139034,117782.28
139035,55817.152
139036,54105.42
139037,118755.61
139038,50211.69
139039,142793.7
139040,122830.62
139041,130936.16
139042,103623.66
139043,112189.016
139044,45831.89
139045,97550.164
139046,89008.164
139047,51771.777
139048,53083.902
139049,53408.52
139050,125686.01
139051,91547.21
139052,52124.95
139053,121225.68
139054,123680.164
139055,49590.574
139056,99039.6
139057,51743.34
139058,106109.445
139059,127583.22
139060,117620.945
139061,148147.53
139062,56085.85
139063,122403.516
139064,112001.59
139065,51560.22
139066,157388.02
139067,123146.48
139068,97482.96
139069,143021.06
139070,90206.29
139071,129288.766
139072,52463.008
139073,138878.38
139074,59915.98
139075,123341.625
139076,102554.93
139077,46083.74
139078,154118.52
139079,129245.81
139080,89506.625
139081,123081.66
139082,52212.832
139083,128497.01
139084,45762.285
139085,111543.42
139086,52645.094
139087,111153.2
139088,49774.387
139089,126385.89
139090,129372.414
139091,61624.24
139092,96735.9
139093,126403.36
139094,126588.04
139095,49294.27
139096,102688.984
139097,132040.52
139098,115009.18
139099,151816.06
139100,80759.73
139101,47563.18
139102,93359.086
139103,111274.555
139104,106928.16
139105,139657.92
139106,88801.22
139107,127055.04
139108,44061.242
139109,49410.875
139110,48086.977
139111,123943.25
139112,92056.75
139113,61462.688
139114,116013.836
139115,104701.16
139116,102615.3
139117,70481.5
139118,132032.89
139119,116890.21
139120,96527.6
139121,47163.668
139122,107381.0
139123,102043.71
139124,102558.21
139125,129732.24
139126,46193.785
139127,118194.29
139128,230333.48
139129,58500.594
139130,115946.68
139131,144140.4
139132,118172.98
139133,45762.285
139134,93825.65
139135,111378.195
139136,48379.402
139137,41865.773
139138,102586.91
139139,73343.13
139140,137074.05
139141,46077.54
139142,101516.63
139143,108145.484
139144,102418.76
139145,54554.41
139146,124271.53
139147,130084.06
139148,91658.85
139149,161115.58
139150,50060.496
139151,45049.484
139152,82427.22
139153,47352.938
139154,153344.7
139155,136583.88
139156,48172.848
139157,88968.99
139158,101094.85
139159,113597.81
139160,165287.12
139161,155589.6
139162,48113.31
139163,128022.086
139164,46675.64
139165,127597.87
139166,49908.293
139167,139334.69
139168,145598.64
139169,42720.96
139170,129624.266
139171,46338.31
139172,130755.29
139173,109556.555
139174,117431.586
139175,56736.066
139176,54854.69
139177,116519.625
139178,136896.89
139179,154216.58
139180,51889.594
139181,67906.734
139182,109852.195
139183,141539.64
139184,124739.58
139185,144570.0
139186,48753.07
139187,46669.754
139188,113912.7
139189,109696.99
139190,130425.75
139191,137756.42
139192,55477.35
139193,97715.78
139194,110623.04
139195,165356.25
139196,101425.53
139197,119725.266
139198,152989.14
139199,91571.266
139200,118936.914
139201,82912.016
139202,111869.33
139203,107900.87
139204,113949.62
139205,46610.938
139206,146150.67
139207,145866.9
139208,128332.74
139209,154156.16
139210,104409.89
139211,117401.54
139212,96381.58
139213,129394.19
139214,102107.52
139215,150606.89
139216,130850.99
139217,119223.17
139218,47389.273
139219,169708.73
139220,49018.55
139221,49682.23
139222,185082.06
139223,107950.49
139224,106920.51
139225,106534.63
139226,131702.16
139227,129733.62
139228,86938.12
139229,52901.008
139230,107315.38
139231,135140.19
139232,124854.88
139233,101991.01
139234,54800.457
139235,114014.914
139236,51821.33
139237,92822.6
139238,52991.723
139239,117339.75
139240,96325.195
139241,136343.81
139242,45085.516
139243,90361.25
139244,46028.914
139245,116360.695
139246,65910.02
139247,54928.22
139248,48662.023
139249,103836.87
139250,128339.14
139251,49641.24
139252,48152.5
139253,136677.53
139254,54462.18
139255,107586.305
139256,87323.28
139257,151960.83
139258,49269.36
139259,109285.05
139260,134697.19
139261,52837.164
139262,174377.27
139263,52475.168
139264,141996.77
139265,95195.055
139266,47981.004
139267,83714.26
139268,50048.29
139269,141633.14
139270,91310.81
139271,121001.055
139272,108096.1
139273,136040.06
139274,45129.19
139275,54023.008
139276,106469.48
139277,101063.1
139278,106637.53
139279,105457.04
139280,43306.36
139281,52016.586
139282,115848.23
139283,40207.97
139284,98098.164
139285,96527.6
139286,98438.21
139287,117563.12
139288,47211.324
139289,46211.832
139290,49432.14
139291,108142.32
139292,150746.89
139293,49521.645
139294,55156.117
139295,110367.4
139296,109567.67
139297,120589.16
139298,154108.55
139299,44385.86
139300,177096.23
139301,159806.9
139302,122089.41
139303,55844.777
139304,120433.27
139305,48573.594
139306,121704.586
139307,143472.75
139308,60245.234
139309,52591.42
139310,107957.12
139311,52606.023
139312,162894.52
139313,141518.84
139314,47618.92
139315,122535.21
139316,127322.766
139317,150885.94
139318,128942.18
139319,91943.99
139320,93145.3
139321,113042.02
139322,47371.492
139323,112985.375
139324,117330.98
139325,117882.75
139326,116475.76
139327,129307.32
139328,137435.48
139329,96238.06
139330,100567.59
139331,128998.71
139332,125865.18
139333,44729.766
139334,148587.19
139335,128323.09
139336,44779.09
139337,107643.43
139338,46920.75
139339,101596.44
139340,127795.33
139341,52240.633
139342,47159.168
139343,58246.832
139344,116988.195
139345,122728.336
139346,106922.05
139347,114427.53
139348,54180.2
139349,121255.555
139350,103363.08
139351,89955.836
139352,104064.66
139353,102680.586
139354,106361.18
139355,109759.59
139356,62887.363
139357,46176.12
139358,121599.88
139359,49843.273
139360,51813.0
139361,100970.78
139362,108725.43
139363,47760.55
139364,91451.85
139365,128645.76
139366,109971.56
139367,52580.023
139368,116614.64
139369,101355.734
139370,49480.47
139371,96964.58
139372,71627.13
139373,51431.7
139374,93550.26
139375,122871.766
139376,40188.79
139377,106454.836
139378,96500.59
139379,162704.08
139380,54569.023
139381,139870.64
139382,126547.64
139383,99754.63
139384,44855.902
139385,134212.19
139386,137316.81
139387,126683.75
139388,52436.51
139389,46417.527
139390,160733.55
139391,59824.367
139392,50054.523
139393,96667.68
139394,42637.707
139395,85342.5
139396,116540.984
139397,50377.934
139398,118001.625
139399,144369.16
139400,44210.016
139401,49935.54
139402,92610.9
139403,183388.75
139404,135203.38
139405,116025.664
139406,48123.816
139407,96959.836
139408,162953.56
139409,103911.69
139410,58217.863
139411,109320.13
139412,50011.258
139413,133604.7
139414,103115.65
139415,131244.94
139416,54054.543
139417,106301.54
139418,101014.25
139419,104157.664
139420,45408.08
139421,111422.375
139422,86282.09
139423,47866.676
139424,121122.85
139425,46681.516
139426,125417.65
139427,43392.543
139428,128156.89
139429,143377.8
139430,131256.95
139431,59153.984
139432,133246.6
139433,112363.25
139434,125566.19
139435,104670.43
139436,49613.33
139437,103805.984
139438,125493.03
139439,105538.484
139440,140734.69
139441,144446.97
139442,150423.7
139443,106495.93
139444,61525.625
139445,133164.92
139446,137876.22
139447,100228.7
139448,116757.76
139449,165801.67
139450,53688.137
139451,50475.25
139452,102745.65
139453,116310.164
139454,124173.62
139455,104173.63
139456,48959.402
139457,85464.6
139458,94714.49
139459,127916.34
139460,132130.97
139461,121394.4
139462,122831.016
139463,92083.33
139464,124801.39
139465,120474.81
139466,50558.684
139467,131138.88
139468,44413.797
139469,44267.88
139470,97897.52
139471,47683.14
139472,123362.734
139473,103098.66
139474,106974.086
139475,57504.36
139476,55306.43
139477,46353.9
139478,142869.06
139479,47691.367
139480,84802.22
139481,130462.4
139482,48306.547
139483,44542.984
139484,125364.836
139485,52636.19
139486,92192.96
139487,53517.773
139488,108537.33
139489,109556.7
139490,103087.53
139491,42758.33
139492,130411.27
139493,115472.54
139494,63335.414
139495,50032.977
139496,118821.32
139497,87654.54
139498,103349.89
139499,118287.125
139500,48145.02
139501,121027.77
139502,120978.445
139503,148117.2
139504,56379.96
139505,123424.56
139506,119534.3
139507,109019.52
139508,49095.156
139509,48658.73
139510,153807.44
139511,121449.555
139512,156081.92
139513,99699.62
139514,123092.98
139515,101927.35
139516,47844.848
139517,103877.625
139518,104332.78
139519,96118.51
139520,55346.105
139521,93076.72
139522,139597.12
139523,57386.668
139524,48426.945
139525,109175.18
139526,50890.65
139527,48315.35
139528,111504.3
139529,47709.992
139530,63702.688
139531,124513.45
139532,111126.37
139533,105761.164
139534,90873.57
139535,79407.65
139536,49450.816
139537,46878.254
139538,137446.69
139539,90952.25
139540,45847.086
139541,47440.645
139542,151631.98
139543,160830.05
139544,101991.01
139545,42255.258
139546,142591.94
139547,141465.58
139548,118790.6
139549,159358.33
139550,161308.44
139551,53644.35
139552,43024.684
139553,96469.28
139554,64771.516
139555,93987.42
139556,113395.33
139557,118953.96
139558,100055.375
139559,129437.086
139560,113683.55
139561,52146.15
139562,51850.664
139563,106752.39
139564,138398.89
139565,135919.6
139566,43865.508
139567,97394.39
139568,103323.016
139569,110097.94
139570,126895.81
139571,104810.305
139572,48720.703
139573,145954.2
139574,152143.58
139575,44464.914
139576,121470.91
139577,58734.434
139578,116069.766
139579,127640.82
139580,53169.81
139581,115285.54
139582,60274.844
139583,44896.707
139584,45712.535
139585,101693.17
139586,89095.54
139587,67337.11
139588,84973.13
139589,93112.164
139590,123319.7
139591,121587.484
139592,92630.59
139593,107296.04
139594,52220.62
139595,54580.656
139596,60344.46
139597,102325.414
139598,47939.492
139599,50560.18
139600,132290.22
139601,89244.66
139602,48077.6
139603,53276.87
139604,116887.29
139605,154408.67
139606,119709.77
139607,122741.484
139608,51728.25
139609,48884.266
139610,112931.0
139611,58009.01
139612,116947.06
139613,148884.4
139614,134578.19
139615,100394.74
139616,116974.44
139617,119840.81
139618,105180.64
139619,48652.477
139620,138321.84
139621,129571.96
139622,129355.445
139623,95184.47
139624,129777.92
139625,104743.95
139626,120822.99
139627,108554.49
139628,49706.758
139629,120949.055
139630,95691.766
139631,42229.03
139632,47885.44
139633,143143.66
139634,48781.266
139635,59518.273
139636,48646.125
139637,134242.69
139638,125284.24
139639,107440.43
139640,184993.02
139641,46998.42
139642,91422.2
139643,103062.875
139644,98754.64
139645,104995.65
139646,122811.59
139647,123106.2
139648,119596.734
139649,55922.57
139650,57643.63
139651,50868.113
139652,58528.945
139653,134724.47
139654,146216.5
139655,46186.594
139656,130110.38
139657,59276.516
139658,165721.58
139659,44331.332
139660,100726.086
139661,144552.16
139662,115629.83
139663,120082.945
139664,93598.31
139665,48528.484
139666,130534.74
139667,118848.984
139668,89929.56
139669,50883.188
139670,125138.05
139671,93379.586
139672,127594.945
139673,49365.3
139674,48722.02
139675,145366.73
139676,136260.6
139677,61768.094
139678,47676.09
139679,114779.98
139680,129201.47
139681,87495.766
139682,119133.414
139683,49140.715
139684,46877.766
139685,53683.113
139686,44390.79
139687,125057.37
139688,46748.24
139689,160981.05
139690,47939.492
139691,47065.92
139692,149389.33
139693,50793.832
139694,53067.53
139695,127818.445
139696,118205.3
139697,134237.42
139698,96836.586
139699,100102.61
139700,49887.516
139701,89868.17
139702,121861.85
139703,122048.945
139704,116685.32
139705,108836.77
139706,120102.1
139707,101980.85
139708,114466.33
139709,48564.664
139710,77062.79
139711,132067.31
139712,93922.5
139713,50166.316
139714,54899.62
139715,105878.945
139716,111612.234
139717,114850.305
139718,118438.42
139719,122166.61
139720,144602.0
139721,50706.812
139722,103761.99
139723,51577.508
139724,127807.7
139725,112120.15
139726,160107.38
139727,141381.25
139728,134513.8
139729,56017.617
139730,131140.98
139731,133361.61
139732,123802.46
139733,116139.92
139734,151937.75
139735,48255.34
139736,86648.836
139737,127554.08
139738,87238.14
139739,152969.48
139740,40859.54
139741,50232.258
139742,97513.16
139743,116510.664
139744,131318.7
139745,138316.03
139746,47152.56
139747,120398.68
139748,171222.45
139749,104278.0
139750,46306.18
139751,113207.26
139752,48795.188
139753,113061.72
139754,105810.26
139755,49018.08
139756,3802.2808
139757,115624.64
139758,33596.875
139759,46994.426
139760,136415.3
139761,49936.52
139762,121316.09
139763,182851.84
139764,90386.79
139765,118662.63
139766,172224.62
139767,51419.953
139768,94555.49
139769,142300.05
139770,48834.875
139771,148895.03
139772,110774.84
139773,120091.945
139774,53364.33
139775,48444.96
139776,112151.7
139777,132456.5
139778,117184.836
139779,118040.65
139780,45146.668
139781,44143.547
139782,119435.26
139783,118129.39
139784,44426.363
139785,124389.7
139786,155996.17
139787,65727.05
139788,130698.28
139789,121790.63
139790,123219.09
139791,114092.29
139792,133759.83
139793,52758.285
139794,145828.56
139795,120542.37
139796,51430.36
139797,46121.62
139798,109536.48
139799,47207.777
139800,113006.805
139801,162549.17
139802,67073.48
139803,48390.38
139804,152954.1
139805,123977.42
139806,140620.12
139807,116566.61
139808,130406.17
139809,52568.184
139810,50681.3
139811,124602.13
139812,99218.75
139813,51196.64
139814,125368.73
139815,133804.47
139816,128555.26
139817,109883.54
139818,120190.96
139819,149888.42
139820,66677.3
139821,152705.45
139822,137953.66
139823,121361.26
139824,44543.445
139825,135055.88
139826,98997.08
139827,113580.89
139828,124877.56
139829,48252.26
139830,138646.17
139831,120483.33
139832,117395.96
139833,143930.17
139834,98639.89
139835,79810.09
139836,172817.88
139837,96672.49
139838,86076.69
139839,109176.55
139840,107414.41
139841,129990.945
139842,96505.45
139843,106055.6
139844,49498.395
139845,191715.45
139846,57321.957
139847,59479.64
139848,175280.72
139849,136883.81
139850,46122.914
139851,44241.03
139852,124113.35
139853,88726.13
139854,88669.43
139855,94721.75
139856,51496.348
139857,44606.742
139858,132486.22
139859,131159.75
139860,69442.92
139861,114301.62
139862,121541.96
139863,126405.99
139864,114041.086
139865,148611.08
139866,44654.094
139867,147514.61
139868,133466.05
139869,53826.81
139870,52765.77
139871,128309.836
139872,117097.62
139873,116990.13
139874,156969.12
139875,120163.086
139876,107595.58
139877,122433.95
139878,52596.668
139879,56655.297
139880,103131.92
139881,46944.785
139882,100397.23
139883,46779.6
139884,202568.14
139885,108237.07
139886,45669.383
139887,43956.41
139888,66336.64
139889,44710.758
139890,118716.91
139891,159730.14
139892,45951.91
139893,106717.07
139894,147492.3
139895,39683.844
139896,107335.73
139897,124345.734
139898,55216.637
139899,47621.258
139900,144770.11
139901,54712.664
139902,110699.375
139903,130892.34
139904,118645.64
139905,47920.457
139906,57148.305
139907,89425.93
139908,149822.69
139909,46370.207
139910,46785.69
139911,126941.46
139912,86871.62
139913,44154.652
139914,47733.973
139915,127451.16
139916,106211.43
139917,124858.266
139918,49272.73
139919,48836.773
139920,50039.97
139921,133447.75
139922,50540.418
139923,49854.137
139924,121898.02
139925,115745.516
139926,159712.34
139927,84539.14
139928,48064.23
139929,105455.055
139930,49882.86
139931,119745.91
139932,127895.81
139933,146043.3
139934,52069.684
139935,115555.92
139936,47700.863
139937,43512.87
139938,45932.1
139939,45830.074
139940,188657.58
139941,91354.04
139942,92823.72
139943,116319.25
139944,132328.5
139945,119958.55
139946,125224.27
139947,114567.48
139948,45876.82
139949,63766.887
139950,50332.38
139951,50848.22
139952,124545.67
139953,103252.72
139954,180670.94
139955,50299.883
139956,49414.69
139957,131113.9
139958,55383.152
139959,53178.33
139960,44996.715
139961,52066.535
139962,115921.44
139963,119322.7
139964,147844.36
139965,106046.5
139966,132470.89
139967,105679.47
139968,52124.95
139969,115882.88
139970,245029.95
139971,95096.52
139972,140679.97
139973,50529.42
139974,113043.93
139975,104437.93
139976,54576.105
139977,46785.69
139978,70526.58
139979,53784.508
139980,134855.66
139981,131123.02
139982,45712.535
139983,53455.41
139984,119479.83
139985,114968.92
139986,96897.125
139987,47958.9
139988,52840.492
139989,158612.61
139990,51641.195
139991,97753.18
139992,56520.715
139993,130332.53
139994,104848.67
139995,110586.11
139996,107851.84
139997,125647.17
139998,110711.81
139999,113718.52
140000,131024.58
140001,138749.56
140002,53601.355
140003,134871.12
140004,45144.273
140005,58172.254
140006,58734.773
140007,47716.105
140008,113554.305
140009,141242.52
140010,50500.914
140011,98397.14
140012,119283.94
140013,73841.664
140014,45238.086
140015,94685.43
140016,114585.16
140017,104464.14
140018,127857.32
140019,91403.85
140020,52510.06
140021,45746.137
140022,136484.78
140023,121958.164
140024,54615.24
140025,44307.098
140026,52239.676
140027,91559.44
140028,139625.97
140029,50508.52
140030,126930.27
140031,82472.13
140032,97404.99
140033,57663.824
140034,54038.547
140035,47443.754
140036,126486.484
140037,115369.08
140038,135662.27
140039,113745.836
140040,51098.67
140041,58631.645
140042,46117.414
140043,48504.848
140044,30861.02
140045,95920.57
140046,106420.01
140047,124755.375
140048,140059.34
140049,115611.13
140050,50679.832
140051,127989.016
140052,144938.69
140053,114299.15
140054,111906.02
140055,121774.52
140056,52461.06
140057,89780.63
140058,140308.77
140059,63594.605
140060,129252.445
140061,113764.05
140062,133470.02
140063,98316.53
140064,98219.79
140065,110057.93
140066,108414.5
140067,49363.082
140068,97495.75
140069,52430.61
140070,51165.562
140071,122533.34
140072,136156.19
140073,151708.23
140074,53238.453
140075,101104.164
140076,46203.926
140077,125933.164
140078,211477.62
140079,169579.39
140080,111170.336
140081,48851.02
140082,58451.76
140083,49711.754
140084,161386.47
140085,104164.7
140086,104643.016
140087,147753.78
140088,51037.887
140089,47920.277
140090,132507.7
140091,56263.64
140092,180828.66
140093,91054.97
140094,56921.19
140095,155640.89
140096,96324.7
140097,46966.633
140098,51945.066
140099,51560.22
140100,93008.125
140101,50362.695
140102,103432.37
140103,134915.39
140104,134403.27
140105,169529.27
140106,100353.46
140107,111617.95
140108,101063.1
140109,93164.36
140110,102014.48
140111,125603.61
140112,111207.445
140113,152507.9
140114,156372.69
140115,121053.25
140116,47389.84
140117,63877.25
140118,53164.266
140119,108181.69
140120,115646.54
140121,150458.64
140122,128432.81
140123,85120.73
140124,46367.78
140125,54563.77
140126,138215.5
140127,48584.54
140128,135162.25
140129,66658.2
140130,92130.87
140131,112490.22
140132,45043.477
140133,147243.72
140134,117969.47
140135,49190.33
140136,140153.83
140137,40659.16
140138,113430.26
140139,106992.39
140140,120911.83
140141,48111.836
140142,50445.906
140143,46948.715
140144,98221.46
140145,91047.53
140146,109986.51
140147,127516.164
140148,99470.805
140149,95479.016
140150,49384.457
140151,51442.344
140152,155369.0
140153,142303.81
140154,115538.016
140155,57754.168
140156,40971.355
140157,47010.82
140158,156890.58
140159,48694.98
140160,113132.66
140161,49406.86
140162,114322.9
140163,58812.375
140164,56640.816
140165,142142.81
140166,109302.31
140167,87063.9
140168,117645.11
140169,95089.695
140170,135110.56
140171,97890.1
140172,93281.97
140173,129167.96
140174,114758.88
140175,128165.945
140176,139795.17
140177,108567.33
140178,93135.0
140179,93492.734
140180,130688.92
140181,153383.9
140182,112808.19
140183,123523.61
140184,47837.586
140185,94583.89
140186,102723.2
140187,106131.97
140188,105070.125
140189,64325.14
140190,111706.22
140191,124476.07
140192,63220.99
140193,113207.31
140194,111654.31
140195,110265.49
140196,132931.45
140197,119385.53
140198,105529.69
140199,88075.16
140200,120356.79
140201,93343.22
140202,126278.23
140203,55838.094
140204,132543.81
140205,139252.88
140206,69555.9
140207,51051.477
140208,88983.914
140209,195486.53
140210,55211.51
140211,116194.59
140212,52413.562
140213,48034.62
140214,136525.56
140215,111731.26
140216,150081.95
140217,53032.086
140218,152544.17
140219,111625.77
140220,45636.11
140221,55148.316
140222,47725.93
140223,53559.207
140224,95928.805
140225,49546.87
140226,92276.58
140227,96999.836
140228,174878.34
140229,45068.367
140230,46708.84
140231,163000.95
140232,98584.59
140233,48596.54
140234,61579.09
140235,48884.266
140236,49335.44
140237,49502.496
140238,147452.25
140239,87654.54
140240,163131.16
140241,93636.56
140242,112037.74
140243,51595.28
140244,124583.984
140245,51174.598
140246,131711.47
140247,50052.547
140248,54898.98
140249,55612.293
140250,127104.62
140251,43198.535
140252,113333.76
140253,131321.17
140254,117569.35
140255,129013.7
140256,137334.1
140257,98493.54
140258,101024.39
140259,107459.414
140260,47683.14
140261,131515.28
140262,117361.586
140263,80589.79
140264,98493.54
140265,49684.31
140266,106417.35
140267,120320.89
140268,191198.02
140269,92996.98
140270,127378.65
140271,151397.64
140272,99499.31
140273,111766.984
140274,121868.85
140275,98262.28
140276,109026.53
140277,88985.68
140278,44548.332
140279,113064.77
140280,115421.47
140281,47933.582
140282,99554.836
140283,129401.13
140284,126265.57
140285,105286.484
140286,102049.26
140287,153017.73
140288,136656.06
140289,108705.695
140290,54914.914
140291,49673.664
140292,122212.555
140293,149929.38
140294,121412.336
140295,110585.68
140296,107957.68
140297,55234.227
140298,48306.547
140299,41048.875
140300,54423.188
140301,102867.04
140302,134736.61
140303,132810.72
140304,121604.28
140305,49697.74
140306,149956.92
140307,113320.35
140308,87634.555
140309,145018.5
140310,44608.836
140311,105481.39
140312,113109.51
140313,111111.27
140314,154745.6
140315,106395.19
140316,48242.957
140317,48365.85
140318,119116.38
140319,47419.383
140320,122082.78
140321,126590.3
140322,140840.95
140323,89419.8
140324,109365.89
140325,62185.207
140326,153197.19
140327,111701.46
140328,147740.22
140329,53382.824
140330,122275.39
140331,44290.832
140332,45363.566
140333,51623.863
140334,114690.086
140335,134727.02
140336,125231.02
140337,51449.062
140338,98514.445
140339,100397.23
140340,117337.68
140341,117019.8
140342,125948.555
140343,119894.91
140344,133185.4
140345,157218.58
140346,150158.44
140347,38330.32
140348,56401.043
140349,131379.14
140350,49434.832
140351,154597.58
140352,92860.77
140353,47980.59
140354,132018.42
140355,51760.293
140356,63551.395
140357,163131.16
140358,172094.52
140359,47614.76
140360,49270.816
140361,67773.234
140362,98618.64
140363,111193.18
140364,48027.453
140365,115026.79
140366,126646.92
140367,101710.086
140368,97738.79
140369,101761.44
140370,100125.625
140371,45665.426
140372,90222.1
140373,119949.375
140374,143803.92
140375,127763.85
140376,146931.8
140377,44945.69
140378,148117.42
140379,51136.86
140380,50991.574
140381,45419.31
140382,60216.723
140383,44645.18
140384,139956.69
140385,52462.336
140386,108568.47
140387,76371.67
140388,106753.49
140389,117041.875
140390,121491.18
140391,130290.8
140392,105523.41
140393,136196.12
140394,101773.805
140395,49105.195
140396,119919.66
140397,52538.277
140398,165521.12
140399,119555.63
140400,50377.934
140401,156119.88
140402,131574.47
140403,112441.234
140404,53242.113
140405,108111.39
140406,118089.47
140407,46015.535
140408,126747.31
140409,128900.09
140410,48844.625
140411,118575.414
140412,137795.52
140413,176501.66
140414,141679.94
140415,137775.38
140416,49929.684
140417,151387.34
140418,129522.516
140419,112412.74
140420,51838.617
140421,109476.625
140422,58359.766
140423,50988.53
140424,74275.44
140425,131091.69
140426,54454.082
140427,107222.22
140428,117455.98
140429,46641.727
140430,49697.72
140431,162153.86
140432,100432.195
140433,101530.74
140434,130506.625
140435,133660.3
140436,39343.11
140437,142337.53
140438,57343.105
140439,47339.426
140440,94738.72
140441,52657.88
140442,104789.414
140443,54709.195
140444,50377.934
140445,44608.836
140446,121715.8
140447,54416.523
140448,48484.504
140449,112851.98
140450,134818.47
140451,49732.082
140452,54050.73
140453,49453.15
140454,92680.67
140455,101179.87
140456,98394.02
140457,95127.26
140458,46181.91
140459,135558.52
140460,101997.92
140461,113590.37
140462,114679.33
140463,115816.03
140464,59181.95
140465,56785.34
140466,53049.465
140467,91310.81
140468,44851.51
140469,112259.875
140470,111320.83
140471,116052.05
140472,48029.61
140473,45927.395
140474,106718.484
140475,140798.08
140476,121806.67
140477,108524.4
140478,109750.445
140479,57457.67
140480,47535.96
140481,108626.21
140482,187875.28
140483,122638.11
140484,189091.89
140485,115345.43
140486,134918.4
140487,147126.16
140488,134716.78
140489,136023.48
140490,42676.723
140491,106791.484
140492,127953.41
140493,123428.555
140494,93756.92
140495,89506.625
140496,122232.3
140497,93239.95
140498,55116.75
140499,127648.4
140500,125209.8
140501,88332.4
140502,107705.984
140503,107868.23
140504,96674.805
140505,127033.4
140506,49076.23
140507,170846.58
140508,50144.973
140509,51765.055
140510,51861.37
140511,126479.54
140512,46113.78
140513,148495.25
140514,100159.71
140515,130556.32
140516,55944.293
140517,102876.445
140518,134648.95
140519,72253.61
140520,49185.07
140521,106088.91
140522,48379.402
140523,45250.773
140524,127917.1
140525,93278.18
140526,55408.254
140527,49937.617
140528,96504.28
140529,117089.375
140530,47368.24
140531,45402.523
140532,157745.8
140533,158345.03
140534,120919.984
140535,140780.25
140536,138845.36
140537,98305.125
140538,118289.34
140539,95005.67
140540,160469.08
140541,119318.92
140542,51583.016
140543,127817.42
140544,119972.92
140545,46945.98
140546,109303.65
140547,157265.66
140548,57372.973
140549,44135.02
140550,151882.64
140551,47879.203
140552,45965.688
140553,58178.285
140554,48299.027
140555,48956.44
140556,160192.58
140557,104207.805
140558,59010.69
140559,48995.082
140560,47325.35
140561,114309.27
140562,49157.71
140563,138981.7
140564,124601.25
140565,44144.195
140566,124766.125
140567,136813.73
140568,146439.23
140569,138881.03
140570,175866.56
140571,102231.695
140572,127349.26
140573,90019.22
140574,111489.4
140575,49034.016
140576,99044.27
140577,135373.78
140578,48317.797
140579,102730.65
140580,108625.61
140581,132279.28
140582,183784.11
140583,121829.3
140584,131130.33
140585,101208.62
140586,47024.0
140587,63866.504
140588,57828.223
140589,49953.176
140590,48121.844
140591,47615.23
140592,128301.86
140593,97719.98
140594,123145.26
140595,140306.58
140596,147325.56
140597,133090.0
140598,53211.977
140599,96820.51
140600,95945.43
140601,133178.06
140602,133852.55
140603,46734.92
140604,131543.33
140605,105240.32
140606,165930.53
140607,105277.23
140608,90154.21
140609,98597.68
140610,136245.88
140611,44775.164
140612,116952.91
140613,144250.89
140614,107173.53
140615,109972.15
140616,48569.45
140617,51290.473
140618,128323.164
140619,123199.4
140620,162233.86
140621,52835.96
140622,57181.28
140623,114346.26
140624,53534.17
140625,132651.17
140626,100126.09
140627,90607.03
140628,108625.43
140629,100508.75
140630,97358.75
140631,150299.17
140632,43197.0
140633,91310.81
140634,56151.098
140635,128529.87
140636,155930.67
140637,122177.69
140638,55820.66
140639,149129.42
140640,99230.43
140641,155446.23
140642,128926.26
140643,92991.875
140644,114598.4
140645,130513.73
140646,48565.223
140647,118280.74
140648,132268.5
140649,69280.73
140650,100396.09
140651,101854.73
140652,104241.73
140653,122998.06
140654,48207.133
140655,119543.43
140656,108950.71
140657,60732.26
140658,98890.62
140659,47621.25
140660,104850.54
140661,66656.375
140662,141848.92
140663,81049.72
140664,111478.72
140665,134017.83
140666,129820.68
140667,122604.36
140668,42947.46
140669,113250.09
140670,101935.54
140671,131038.18
140672,90295.49
140673,69920.85
140674,45850.094
140675,164870.94
140676,130219.23
140677,131709.38
140678,114056.125
140679,105878.45
140680,52140.664
140681,134813.66
140682,152021.86
140683,50630.457
140684,56742.047
140685,54970.617
140686,46397.938
140687,173952.45
140688,98675.98
140689,98754.64
140690,176224.1
140691,121767.77
140692,47368.24
140693,46524.64
140694,116403.695
140695,124429.195
140696,101114.15
140697,56291.85
140698,126652.125
140699,163815.95
140700,44941.2
140701,44934.95
140702,98015.49
140703,121231.72
140704,111238.78
140705,49881.043
140706,115674.62
140707,135133.86
140708,86241.19
140709,45136.066
140710,100976.29
140711,50851.945
140712,136387.9
140713,51606.18
140714,106430.41
140715,102648.05
140716,130878.4
140717,133686.14
140718,128259.24
140719,110815.49
140720,107934.35
140721,58147.484
140722,140476.42
140723,51451.4
140724,46948.715
140725,55966.965
140726,129495.27
140727,50153.24
140728,116899.61
140729,128342.984
140730,82202.305
140731,54995.63
140732,95563.44
140733,145358.94
140734,48022.15
140735,129314.086
140736,70268.67
140737,139013.39
140738,142289.19
140739,49299.7
140740,130535.36
140741,127546.695
140742,44038.297
140743,142438.11
140744,153471.64
140745,51575.105
140746,145961.8
140747,103678.62
140748,133726.89
140749,50057.145
140750,47649.062
140751,134643.45
140752,92680.67
140753,89792.695
140754,106080.81
140755,49830.6
140756,141991.39
140757,119755.15
140758,106343.91
140759,125966.664
140760,93135.0
140761,47441.34
140762,129730.47
140763,80552.36
140764,55664.11
140765,53617.305
140766,46498.684
140767,94478.234
140768,157678.45
140769,49717.812
140770,58699.812
140771,79670.805
140772,121160.13
140773,133833.47
140774,102480.54
140775,107106.98
140776,40785.375
140777,118206.234
140778,101383.29
140779,94485.72
140780,147940.66
140781,126420.695
140782,81758.766
140783,117667.63
140784,91636.445
140785,165889.03
140786,137585.52
140787,48590.332
140788,152208.78
140789,45150.44
140790,108770.62
140791,50274.613
140792,65938.0
140793,146024.7
140794,100652.86
140795,127485.02
140796,171528.5
140797,120767.95
140798,117120.29
140799,162736.78
140800,98629.24
140801,117216.53
140802,152046.44
140803,101054.64
140804,101397.945
140805,155908.08
140806,87412.67
140807,47079.082
140808,49072.043
140809,136899.86
140810,124072.17
140811,127674.85
140812,96550.38
140813,113804.41
140814,120316.016
140815,141778.92
140816,130547.81
140817,92822.6
140818,126591.81
140819,50039.97
140820,175216.22
140821,122603.24
140822,46771.59
140823,155227.58
140824,52978.633
140825,60834.52
140826,104464.14
140827,104773.29
140828,136726.9
140829,137496.36
140830,156092.44
140831,102621.086
140832,100838.734
140833,121087.28
140834,45960.406
140835,141936.45
140836,147823.03
140837,45900.688
140838,133634.0
140839,130355.47
140840,42139.375
140841,101711.305
140842,106382.62
140843,96674.61
140844,98098.164
140845,175885.84
140846,48652.348
140847,109075.14
140848,113981.51
140849,111923.2
140850,48891.086
140851,137340.33
140852,106901.125
140853,84752.2
140854,47111.598
140855,111325.125
140856,68596.99
140857,95940.836
140858,56543.43
140859,111269.34
140860,147132.16
140861,90358.61
140862,100962.484
140863,95697.695
140864,57706.72
140865,48971.797
140866,43021.137
140867,46636.383
140868,96454.805
140869,165663.86
140870,113208.266
140871,103755.2
140872,104665.28
140873,105292.61
140874,146648.88
140875,52325.547
140876,102400.68
140877,177424.2
140878,109972.17
140879,47506.31
140880,66595.875
140881,132973.27
140882,89868.17
140883,47164.21
140884,119922.555
140885,44575.992
140886,57707.984
140887,47988.645
140888,110051.22
140889,83063.234
140890,43641.6
140891,132647.03
140892,108929.914
140893,111701.46
140894,133556.23
140895,117381.445
140896,96048.01
140897,156863.11
140898,127489.055
140899,56126.527
140900,133498.22
140901,102337.23
140902,57777.0
140903,96171.22
140904,164844.69
140905,202962.77
140906,90154.21
140907,69921.98
140908,114370.625
140909,48214.254
140910,95298.11
140911,93252.86
140912,142507.83
140913,96285.63
140914,105910.96
140915,117082.88
140916,150299.17
140917,50542.863
140918,118728.53
140919,54173.527
140920,49043.87
140921,127265.5
140922,118317.77
140923,103152.93
140924,46739.535
140925,106288.51
140926,105281.96
140927,127071.44
140928,114735.74
140929,59171.76
140930,95658.94
140931,138293.33
140932,84806.99
140933,139517.25
140934,104707.914
140935,124780.266
140936,117490.44
140937,104125.45
140938,154743.14
140939,114204.11
140940,113795.03
140941,47883.156
140942,165968.61
140943,101949.32
140944,92079.45
140945,46621.016
140946,49123.96
140947,132197.03
140948,70554.21
140949,95996.44
140950,51630.21
140951,52661.47
140952,109642.03
140953,119693.92
140954,49191.395
140955,48736.977
140956,121493.35
140957,49265.617
140958,153171.78
140959,120818.8
140960,55114.383
140961,45542.07
140962,133606.08
140963,98040.74
140964,110714.34
140965,117153.46
140966,107747.6
140967,112011.34
140968,124747.67
140969,147272.22
140970,127225.4
140971,92273.664
140972,110355.23
140973,48886.355
140974,87839.34
140975,44306.38
140976,70044.83
140977,50028.13
140978,109584.484
140979,85732.09
140980,48604.36
140981,115404.055
140982,100594.47
140983,133963.19
140984,146240.84
140985,153623.39
140986,106417.35
140987,46477.656
140988,95907.35
140989,60830.934
140990,50152.37
140991,133832.08
140992,106755.69
140993,126778.234
140994,41188.695
140995,49018.234
140996,125285.95
140997,53046.47
140998,43865.508
140999,43322.73
141000,112913.21
141001,39199.047
141002,149954.77
141003,52022.35
141004,100400.54
141005,40128.438
141006,114051.21
141007,99002.17
141008,94555.49
141009,45751.273
141010,141399.73
141011,102590.95
141012,89453.72
141013,90423.9
141014,106780.5
141015,43015.34
141016,113121.82
141017,112097.75
141018,119307.49
141019,103513.086
141020,130660.48
141021,53495.305
141022,128528.63
141023,102544.54
141024,93459.445
141025,49178.906
141026,105756.734
141027,111112.48
141028,130714.41
141029,118651.31
141030,112578.62
141031,103584.33
141032,48386.297
141033,162891.78
141034,103772.625
141035,127945.36
141036,52297.957
141037,129266.51
141038,118427.68
141039,116436.03
141040,125727.336
141041,130763.69
141042,40776.316
141043,121590.51
141044,100182.58
141045,100610.086
141046,49808.543
141047,119607.21
141048,45043.477
141049,128772.95
141050,111538.45
141051,108787.26
141052,116692.51
141053,123581.07
141054,47904.46
141055,52173.363
141056,112294.89
141057,57547.816
141058,88987.0
141059,140098.9
141060,124687.984
141061,133610.48
141062,113417.78
141063,93441.15
141064,62306.63
141065,49036.35
141066,48583.746
141067,47981.938
141068,51917.508
141069,107785.26
141070,44790.324
141071,95175.24
141072,148648.84
141073,48560.094
141074,45964.617
141075,128861.11
141076,135459.8
141077,43689.67
141078,140783.28
141079,94457.55
141080,95201.62
141081,107616.7
141082,108102.445
141083,101892.27
141084,46077.39
141085,117403.48
141086,47367.29
141087,85710.445
141088,49334.93
141089,110637.945
141090,103307.305
141091,127476.02
141092,50176.453
141093,121070.93
141094,49271.72
141095,107821.35
141096,145132.02
141097,53731.418
141098,145967.58
141099,106008.87
141100,48504.848
141101,120455.63
141102,118522.875
141103,129914.99
141104,132654.33
141105,125345.12
141106,48191.996
141107,86754.26
141108,103807.65
141109,44419.855
141110,54186.95
141111,52160.63
141112,52268.77
141113,111567.9
141114,45930.56
141115,49046.324
141116,59029.016
141117,115396.14
141118,54648.496
141119,123624.414
141120,126003.08
141121,168194.77
141122,152166.06
141123,128689.51
141124,103400.96
141125,104461.46
141126,114519.58
141127,50383.484
141128,131453.84
141129,121464.58
141130,112154.82
141131,45712.535
141132,133705.3
141133,99828.44
141134,128561.15
141135,135422.56
141136,51679.246
141137,149080.4
141138,134409.11
141139,56856.453
141140,47154.758
141141,93598.67
141142,150015.95
141143,48979.18
141144,44939.965
141145,55157.773
141146,106838.0
141147,123424.36
141148,49090.12
141149,150616.16
141150,185404.86
141151,95869.016
141152,123780.33
141153,66674.13
141154,45774.586
141155,119197.766
141156,57111.016
141157,148554.2
141158,49115.7
141159,46582.797
141160,114623.62
141161,107595.74
141162,138251.81
141163,60408.176
141164,89736.125
141165,127320.516
141166,99497.46
141167,54896.72
141168,90310.77
141169,49095.297
141170,47587.59
141171,123441.62
141172,104995.69
141173,103881.83
141174,130191.25
141175,43180.133
141176,93116.13
141177,89033.59
141178,106268.03
141179,43117.37
141180,139519.14
141181,91324.14
141182,44937.344
141183,145100.86
141184,127342.914
141185,100529.67
141186,53500.766
141187,52765.39
141188,46369.46
141189,51837.004
141190,128408.01
141191,96888.83
141192,150337.89
141193,106526.414
141194,103094.234
141195,105980.95
141196,99044.27
141197,86028.44
141198,132928.14
141199,48509.08
141200,150801.11
141201,38434.406
141202,110200.055
141203,152305.61
141204,55438.004
141205,102304.45
141206,165761.73
141207,116805.56
141208,52275.914
141209,144749.98
141210,49729.54
141211,155530.3
141212,131542.86
141213,94774.305
141214,158702.22
141215,44645.71
141216,47135.97
141217,46286.06
141218,132283.66
141219,45371.51
141220,118267.195
141221,44730.098
141222,51953.41
141223,52586.527
141224,35913.414
141225,124989.15
141226,118547.51
141227,101751.29
141228,49735.46
141229,62218.047
141230,44539.03
141231,159463.39
141232,95658.94
141233,107096.9
141234,49618.906
141235,49616.336
141236,88282.24
141237,98658.42
141238,117127.71
141239,107628.7
141240,44242.203
141241,52270.22
141242,55057.254
141243,141245.58
141244,49950.043
141245,156578.34
141246,119940.08
141247,167717.27
141248,91405.66
141249,108190.484
141250,114288.49
141251,122237.555
141252,101951.56
141253,115777.875
141254,47900.684
141255,126444.52
141256,123807.35
141257,119533.24
141258,106527.875
141259,125317.53
141260,129384.68
141261,157737.97
141262,52247.35
141263,107126.99
141264,51160.895
141265,96505.79
141266,133452.92
141267,108624.734
141268,48281.977
141269,133329.58
141270,50971.484
141271,139233.61
141272,103231.98
141273,91384.42
141274,132442.27
141275,104035.22
141276,50209.895
141277,123115.195
141278,199840.66
141279,54444.836
141280,92330.33
141281,96745.734
141282,115319.06
141283,47348.77
141284,70892.12
141285,137124.16
141286,106180.19
141287,59720.363
141288,48349.582
141289,126828.05
141290,186139.38
141291,97404.93
141292,106015.836
141293,130891.95
141294,58824.766
141295,39879.03
141296,125665.68
141297,101991.01
141298,112100.984
141299,136384.45
141300,137686.69
141301,134095.44
141302,100983.28
141303,100145.57
141304,141388.44
141305,101082.414
141306,49355.17
141307,110899.266
141308,105717.23
141309,110675.516
141310,130849.93
141311,112058.91
141312,50500.125
141313,45745.656
141314,122820.45
141315,48382.754
141316,84492.04
141317,119761.98
141318,127572.805
141319,112039.83
141320,59030.633
141321,128260.19
141322,91468.93
141323,93035.61
141324,102268.19
141325,157296.73
141326,118140.8
141327,112364.57
141328,87323.28
141329,78446.016
141330,45707.043
141331,120486.79
141332,105342.3
141333,195097.48
141334,93267.766
141335,134207.78
141336,141507.83
141337,47967.812
141338,122777.74
141339,111004.04
141340,47916.152
141341,51682.773
141342,59139.65
141343,135413.0
141344,111395.49
141345,139976.98
141346,106718.27
141347,52442.57
141348,44015.164
141349,46952.082
141350,120727.555
141351,134876.98
141352,108459.03
141353,138780.3
141354,57818.66
141355,53943.406
141356,132248.78
141357,112056.875
141358,141179.2
141359,42636.152
141360,118723.69
141361,46357.273
141362,124213.32
141363,121503.695
141364,54018.477
141365,86410.03
141366,69069.96
141367,49793.56
141368,96502.93
141369,48033.277
141370,131061.805
141371,121818.35
141372,139238.02
141373,121443.336
141374,106571.08
141375,101226.375
141376,114320.01
141377,103864.86
141378,48625.95
141379,121092.23
141380,130157.5
141381,51231.023
141382,126125.055
141383,47775.76
141384,109321.336
141385,120634.55
141386,118662.63
141387,89982.28
141388,53597.926
141389,53814.594
141390,97072.47
141391,138906.83
141392,123035.54
141393,70098.98
141394,83057.27
141395,117454.36
141396,50313.277
141397,106425.52
141398,106691.02
141399,49294.27
141400,86410.03
141401,125023.45
141402,105769.984
141403,137165.67
141404,57589.43
141405,113121.12
141406,119745.91
141407,110425.53
141408,123710.24
141409,54599.92
141410,112547.48
141411,119003.67
141412,135432.81
141413,146043.7
141414,55499.9
141415,48041.535
141416,130413.78
141417,46705.34
141418,112867.87
141419,47440.645
141420,125396.55
141421,159541.47
141422,49355.668
141423,46818.215
141424,120730.445
141425,102008.15
141426,104912.86
141427,46932.15
141428,120320.46
141429,130482.445
141430,47057.203
141431,130257.516
141432,98910.16
141433,143384.31
141434,123689.02
141435,125495.83
141436,39655.652
141437,147844.47
141438,52034.254
141439,163911.42
141440,45222.184
141441,135971.47
141442,48191.45
141443,162277.28
141444,120697.46
141445,146969.33
141446,124940.18
141447,110301.266
141448,46444.76
141449,112420.91
141450,47159.688
141451,49473.027
141452,126654.445
141453,44759.418
141454,105188.586
141455,47418.656
141456,54100.26
141457,91373.81
141458,88672.08
141459,120859.46
141460,140870.56
141461,130879.21
141462,110947.734
141463,87914.234
141464,126764.984
141465,126339.72
141466,47211.84
141467,106171.19
141468,112058.266
141469,132407.11
141470,127812.45
141471,111167.04
141472,116782.56
141473,140289.25
141474,108340.95
141475,103314.516
141476,121892.195
141477,84318.63
141478,147624.27
141479,111011.25
141480,126222.35
141481,123253.93
141482,171353.28
141483,101372.66
141484,45565.863
141485,52829.562
141486,132880.89
141487,50558.664
141488,126016.375
141489,68397.7
141490,197112.98
141491,45883.785
141492,125531.94
141493,121221.3
141494,127610.625
141495,43317.414
141496,121907.68
141497,124832.23
141498,115482.8
141499,155954.33
141500,74565.65
141501,51574.465
141502,45902.72
141503,105834.35
141504,50519.64
141505,47971.918
141506,114778.805
141507,126468.86
141508,100738.23
141509,90261.945
141510,45371.895
141511,135547.77
141512,98443.96
141513,97383.0
141514,66773.93
141515,116239.06
141516,151454.97
141517,110267.93
141518,129436.85
141519,94022.88
141520,101892.27
141521,125866.266
141522,126558.67
141523,45271.867
141524,60891.332
141525,110820.44
141526,45832.414
141527,45162.355
141528,112398.94
141529,109642.03
141530,139989.25
141531,108637.125
141532,118616.61
141533,52810.77
141534,52067.973
141535,61215.12
141536,55950.664
141537,108335.445
141538,145905.84
141539,89412.1
141540,126625.1
141541,88618.94
141542,128350.11
141543,118215.46
141544,127793.33
141545,121823.13
141546,144265.45
141547,114900.26
141548,97246.08
141549,154840.25
141550,150996.77
141551,124627.46
141552,48343.51
141553,43906.3
141554,59648.945
141555,43542.586
141556,136041.83
141557,124737.65
141558,134403.27
141559,46878.254
141560,47424.53
141561,49672.414
141562,131125.45
141563,46664.355
141564,84021.68
141565,126817.664
141566,53352.19
141567,120422.08
141568,46190.336
141569,139199.92
141570,115512.15
141571,56227.633
141572,123236.36
141573,142583.33
141574,129996.38
141575,47745.703
141576,45483.535
141577,129065.8
141578,53781.63
141579,127551.39
141580,117759.09
141581,53908.94
141582,52057.016
141583,125467.49
141584,122324.65
141585,103775.67
141586,112297.125
141587,53532.652
141588,106054.414
141589,116607.875
141590,103617.51
141591,52544.12
141592,115078.34
141593,45175.535
141594,100102.61
141595,105355.055
141596,141215.97
141597,48820.926
141598,111917.01
141599,124861.28
141600,124029.45
141601,43036.453
141602,101570.54
141603,134454.4
141604,52221.176
141605,71356.42
141606,100888.01
141607,57285.676
141608,94168.484
141609,99792.53
141610,118873.54
141611,53748.14
141612,117499.57
141613,96724.516
141614,96410.64
141615,134525.25
141616,110133.266
141617,90952.25
141618,48376.727
141619,43556.203
141620,89127.58
141621,131735.98
141622,133043.03
141623,138150.38
141624,126874.33
141625,44662.082
141626,103210.69
141627,47654.715
141628,51541.1
141629,130721.66
141630,125200.34
141631,151098.94
141632,129537.78
141633,111344.92
141634,98516.51
141635,132565.64
141636,98397.14
141637,128579.97
141638,153748.53
141639,44969.664
141640,141889.62
141641,107130.6
141642,139947.2
141643,108309.08
141644,116155.51
141645,121694.64
141646,124851.414
141647,47246.566
141648,107396.055
141649,52656.992
141650,156948.08
141651,111318.555
141652,101338.516
141653,112339.734
141654,92888.04
141655,53568.348
141656,131832.7
141657,134858.77
141658,111683.78
141659,102480.54
141660,99090.9
141661,82387.31
141662,128702.3
141663,151268.73
141664,131807.33
141665,119828.28
141666,133198.72
141667,47393.043
141668,55192.78
141669,118414.16
141670,135644.6
141671,101436.52
141672,117471.14
141673,148814.06
141674,42677.004
141675,117009.24
141676,53313.574
141677,118523.805
141678,57003.145
141679,101605.96
141680,45254.242
141681,119301.06
141682,46305.34
141683,100247.88
141684,119785.02
141685,114757.516
141686,128758.12
141687,125514.88
141688,46569.223
141689,114290.38
141690,53130.02
141691,118985.05
141692,57810.73
141693,118368.3
141694,44009.22
141695,162231.36
141696,103628.3
141697,44330.33
141698,54373.098
141699,126725.98
141700,170289.28
141701,56847.7
141702,95346.98
141703,52379.17
141704,43685.02
141705,109992.49
141706,91969.36
141707,40603.08
141708,150544.6
141709,116264.98
141710,50131.562
141711,102450.69
141712,121808.15
141713,123938.414
141714,195494.95
141715,87099.02
141716,104884.7
141717,130295.21
141718,133000.53
141719,126109.18
141720,135347.78
141721,48732.03
141722,131983.67
141723,114561.49
141724,86884.08
141725,108914.195
141726,123266.805
141727,117524.875
141728,48084.7
141729,143605.94
141730,119167.06
141731,34725.465
141732,117290.164
141733,49594.605
141734,52320.625
141735,124117.805
141736,98122.61
141737,137974.8
141738,134913.14
141739,118734.95
141740,122115.89
141741,119446.06
141742,87309.36
141743,106740.984
141744,156358.19
141745,110780.55
141746,129591.586
141747,99874.22
141748,46076.547
141749,84492.04
141750,136353.92
141751,46858.742
141752,133074.86
141753,99425.64
141754,114728.0
141755,46301.01
141756,103648.38
141757,121952.67
141758,94828.21
141759,95258.26
141760,45426.984
141761,48107.56
141762,127784.46
141763,48790.363
141764,123837.4
141765,54869.273
141766,51938.42
141767,125764.8
141768,51489.406
141769,114931.05
141770,98842.46
141771,45844.992
141772,93597.766
141773,114667.8
141774,150015.64
141775,145430.45
141776,51268.125
141777,123671.414
141778,56047.363
141779,122115.89
141780,67828.29
141781,138055.92
141782,117048.41
141783,46195.83
141784,122100.9
141785,97686.76
141786,117481.914
141787,54391.26
141788,82539.36
141789,147229.69
141790,135199.81
141791,115567.734
141792,120819.305
141793,43877.895
141794,160319.62
141795,127994.61
141796,50915.03
141797,113103.92
141798,148544.62
141799,45762.285
141800,135483.7
141801,48440.367
141802,64101.39
141803,111892.09
141804,44771.996
141805,105810.52
141806,92003.266
141807,166763.98
141808,164695.33
141809,58510.64
141810,94825.67
141811,124233.4
141812,45368.25
141813,50021.586
141814,159803.53
141815,48869.156
141816,57629.562
141817,126612.62
141818,94957.336
141819,157761.38
141820,112214.81
141821,146212.8
141822,119911.61
141823,102044.11
141824,129744.68
141825,50140.883
141826,141081.42
141827,136242.89
141828,108380.21
141829,133407.75
141830,130993.86
141831,121849.28
141832,96505.79
141833,121948.76
141834,111008.58
141835,138127.4
141836,137396.22
141837,121566.53
141838,112355.445
141839,54666.426
141840,136512.9
141841,142062.55
141842,108965.586
141843,143363.03
141844,51453.676
141845,103763.67
141846,55062.066
141847,148560.97
141848,174471.66
141849,132134.61
141850,48211.21
141851,151152.31
141852,97936.19
141853,121870.46
141854,186442.47
141855,113552.29
141856,96221.29
141857,108057.23
141858,123501.57
141859,46410.43
141860,51199.957
141861,47286.93
141862,158279.7
141863,53666.875
141864,119414.195
141865,90323.016
141866,106565.26
141867,119710.06
141868,49446.0
141869,101892.27
141870,53079.055
141871,83236.83
141872,120052.08
141873,109984.266
141874,47852.016
141875,130902.16
141876,132909.08
141877,143191.19
141878,129405.28
141879,99910.18
141880,105607.7
141881,123081.18
141882,87136.59
141883,117957.805
141884,148970.55
141885,129926.06
141886,45505.812
141887,141403.64
141888,118860.67
141889,128335.41
141890,113472.76
141891,55880.484
141892,131588.47
141893,60767.906
141894,151336.12
141895,66741.67
141896,192849.44
141897,96620.43
141898,115116.62
141899,50757.223
141900,99450.59
141901,61934.605
141902,44771.047
141903,121797.2
141904,193620.61
141905,86724.805
141906,53876.332
141907,112936.31
141908,108717.98
141909,113204.51
141910,85658.72
141911,94702.31
141912,124492.37
141913,49896.645
141914,45755.77
141915,52350.508
141916,115708.72
141917,134906.66
141918,102119.98
141919,123221.664
141920,146649.62
141921,143486.3
141922,132520.55
141923,132825.9
141924,45603.055
141925,71870.02
141926,111779.82
141927,45588.156
141928,115484.77
141929,116829.35
141930,49804.34
141931,46761.145
141932,104422.99
141933,125578.95
141934,53209.047
141935,97768.91
141936,45642.914
141937,88215.664
141938,137904.62
141939,53059.715
141940,126056.45
141941,146471.44
141942,53723.383
141943,115666.414
141944,103507.83
141945,51857.656
141946,106272.94
141947,101712.37
141948,91451.85
141949,103210.69
141950,116724.22
141951,52634.223
141952,98401.44
141953,155064.38
141954,129995.805
141955,93290.06
141956,147673.22
141957,55413.668
141958,117408.87
141959,105927.625
141960,57842.156
141961,102998.61
141962,48433.2
141963,104643.914
141964,104636.016
141965,45874.12
141966,145579.02
141967,123668.445
141968,56521.516
141969,84931.38
141970,147858.66
141971,150561.48
141972,50301.582
141973,51173.527
141974,47980.59
141975,105758.6
141976,48549.348
141977,47689.58
141978,148675.86
141979,57533.9
141980,119849.266
141981,131035.305
141982,125851.51
141983,124982.69
141984,48098.477
141985,105992.34
141986,124123.32
141987,77701.45
141988,106514.195
141989,158932.14
141990,62916.87
141991,77611.1
141992,141109.97
141993,125593.93
141994,97308.58
141995,126694.9
141996,129328.92
141997,120063.72
141998,130436.85
141999,119998.016
142000,46220.266
142001,133162.56
142002,116816.92
142003,100102.61
142004,45780.29
142005,123281.21
142006,48324.46
142007,100550.81
142008,113773.32
142009,110400.305
142010,47231.434
142011,118613.94
142012,108276.414
142013,128072.29
142014,135093.64
142015,85650.35
142016,45014.746
142017,52074.727
142018,115956.125
142019,182149.75
142020,47374.56
142021,86641.766
142022,131248.0
142023,122203.98
142024,119933.32
142025,45371.895
142026,129079.08
142027,114542.68
142028,53761.117
142029,53280.98
142030,127473.05
142031,48929.85
142032,57589.395
142033,140523.78
142034,136771.69
142035,144650.05
142036,114587.06
142037,87309.36
142038,52455.734
142039,156520.34
142040,47082.996
142041,55013.074
142042,141535.39
142043,49095.09
142044,54093.74
142045,147054.2
142046,107504.945
142047,99591.01
142048,151652.42
142049,136115.56
142050,49051.59
142051,63424.21
142052,55839.266
142053,163978.23
142054,137379.28
142055,135985.2
142056,157462.92
142057,85395.36
142058,52037.113
142059,135151.48
142060,182097.67
142061,50391.46
142062,48674.895
142063,106312.01
142064,56144.68
142065,53430.906
142066,90134.586
142067,101210.734
142068,47557.715
142069,99828.44
142070,49132.37
142071,43393.973
142072,137626.67
142073,48755.406
142074,72521.305
142075,119984.12
142076,155390.97
142077,104630.21
142078,53049.492
142079,86720.13
142080,103358.08
142081,45354.074
142082,98097.82
142083,155442.75
142084,129301.35
142085,47725.36
142086,143396.28
142087,87654.54
142088,123750.664
142089,76861.57
142090,124390.09
142091,43782.47
142092,129472.836
142093,115128.336
142094,149915.3
142095,128351.88
142096,45313.74
142097,55955.844
142098,95415.734
142099,112585.24
142100,129871.96
142101,125696.69
142102,50886.395
142103,159899.48
142104,113018.4
142105,111599.52
142106,133348.78
142107,109112.22
142108,165577.67
142109,123627.57
142110,38118.145
142111,59002.203
142112,107912.55
142113,103331.04
142114,100502.15
142115,66534.555
142116,122992.13
142117,150516.08
142118,97353.1
142119,128452.016
142120,46731.81
142121,53385.453
142122,95446.39
142123,125207.07
142124,141727.89
142125,112153.375
142126,62551.066
142127,113028.49
142128,142380.45
142129,121743.05
142130,52752.04
142131,102193.18
142132,105874.586
142133,105436.79
142134,170569.48
142135,157126.92
142136,51499.59
142137,102473.54
142138,30435.945
142139,44888.72
142140,50681.3
142141,51565.516
142142,109190.99
142143,86575.9
142144,93598.67
142145,144439.72
142146,104874.06
142147,107924.51
142148,106635.93
142149,99022.23
142150,94443.77
142151,85300.54
142152,50630.457
142153,50330.254
142154,87654.54
142155,135305.11
142156,157243.55
142157,46056.832
142158,141614.61
142159,132703.31
142160,109323.89
142161,84172.98
142162,102729.33
142163,109826.86
142164,47190.64
142165,90793.375
142166,119038.484
142167,112797.0
142168,125874.47
142169,59347.96
142170,132510.86
142171,117061.77
142172,131421.12
142173,147180.8
142174,144391.0
142175,53512.867
142176,108787.82
142177,161480.14
142178,43743.387
142179,134433.64
142180,96875.164
142181,56063.07
142182,170065.62
142183,55918.21
142184,47711.348
142185,49000.984
142186,120642.04
142187,108533.48
142188,136603.64
142189,127882.8
142190,158832.61
142191,45832.81
142192,165456.23
142193,102774.46
142194,63470.426
142195,55841.95
142196,130861.445
142197,97754.89
142198,114629.41
142199,179459.7
142200,145548.42
142201,158042.03
142202,110488.414
142203,48260.645
142204,87368.164
142205,126874.33
142206,50074.582
142207,147637.62
142208,50981.07
142209,123513.33
142210,51938.195
142211,121896.09
142212,45840.2
142213,60334.094
142214,119094.02
142215,45093.55
142216,49038.09
142217,46945.98
142218,60657.605
142219,128817.49
142220,125406.27
142221,148315.3
142222,108432.07
142223,106582.016
142224,117106.12
142225,48407.92
142226,84492.04
142227,116691.48
142228,81463.82
142229,116718.84
142230,48851.96
142231,102119.41
142232,96771.51
142233,76143.57
142234,132392.7
142235,54128.04
142236,55036.676
142237,81242.78
142238,53822.742
142239,130726.266
142240,110001.59
142241,160931.16
142242,50934.457
142243,123325.016
142244,46644.81
142245,60774.07
142246,46305.34
142247,46575.367
142248,176915.62
142249,171989.45
142250,135463.47
142251,121230.23
142252,129766.49
142253,46522.99
142254,115595.35
142255,52338.973
142256,129693.81
142257,100798.63
142258,103250.11
142259,84067.41
142260,134212.19
142261,44000.914
142262,121139.93
142263,100343.41
142264,126274.41
142265,144391.72
142266,126861.47
142267,59515.215
142268,39676.023
142269,98918.7
142270,56870.71
142271,42677.004
142272,139826.61
142273,57529.652
142274,49953.38
142275,134232.34
142276,100151.53
142277,53173.664
142278,113078.734
142279,152828.17
142280,120050.48
142281,51970.41
142282,133038.28
142283,171704.19
142284,45510.69
142285,111319.016
142286,46443.89
142287,113331.36
142288,56917.82
142289,46179.46
142290,86884.08
142291,51949.676
142292,133795.92
142293,140798.28
142294,133564.81
142295,108550.04
142296,124406.61
142297,180699.31
142298,104022.555
142299,50409.46
142300,113569.7
142301,98997.08
142302,92134.02
142303,89757.28
142304,54254.555
142305,98064.46
142306,142323.33
142307,120629.21
142308,107528.19
142309,127206.914
142310,103298.69
142311,155453.83
142312,120153.3
142313,151679.52
142314,46786.113
142315,109074.72
142316,49580.06
142317,136785.0
142318,44940.664
142319,48096.77
142320,49731.715
142321,110872.36
142322,110568.54
142323,88360.4
142324,119374.414
142325,47157.375
142326,137020.6
142327,47421.746
142328,141322.69
142329,128044.55
142330,100266.81
142331,51628.953
142332,127337.35
142333,125057.98
142334,89056.76
142335,133154.16
142336,133844.94
142337,43180.133
142338,100293.234
142339,47520.062
142340,100334.34
142341,63103.375
142342,50377.55
142343,46579.812
142344,103648.16
142345,46538.72
142346,136414.45
142347,47904.46
142348,133414.53
142349,117136.47
142350,176804.8
142351,128206.9
142352,121381.08
142353,129140.23
142354,148133.89
142355,49843.273
142356,80589.79
142357,89469.34
142358,140552.25
142359,86686.945
142360,129192.2
142361,52038.75
142362,53232.17
142363,88204.72
142364,137235.5
142365,200307.16
142366,103837.43
142367,53414.586
142368,114156.914
142369,79426.38
142370,98779.97
142371,50595.348
142372,108429.45
142373,107205.08
142374,48524.99
142375,127187.86
142376,148919.19
142377,79588.055
142378,117892.68
142379,111356.484
142380,108703.01
142381,114179.59
142382,118379.15
142383,39667.652
142384,106718.484
142385,107596.09
142386,137408.67
142387,156228.17
142388,118933.29
142389,94555.49
142390,117081.68
142391,129633.05
142392,95318.19
142393,46522.99
142394,137104.31
142395,140153.78
142396,89732.01
142397,138914.5
142398,105803.28
142399,116165.77
142400,47158.812
142401,92348.0
142402,47298.934
142403,46117.973
142404,131932.06
142405,54372.56
142406,109583.94
142407,123740.13
142408,46342.13
142409,118770.94
142410,44945.69
142411,129400.695
142412,94828.21
142413,124005.15
142414,107256.43
142415,102321.195
142416,135342.33
142417,58027.61
142418,48652.477
142419,117054.53
142420,161376.52
142421,109565.2
142422,128524.7
142423,136189.8
142424,112120.875
142425,148889.88
142426,49885.742
142427,139469.92
142428,117574.414
142429,111349.97
142430,120045.34
142431,44062.434
142432,144457.5
142433,88201.945
142434,134218.94
142435,114739.95
142436,90428.06
142437,131639.73
142438,126345.24
142439,107081.01
142440,89736.125
142441,55499.41
142442,156888.1
142443,135119.58
142444,132118.64
142445,152266.1
142446,114186.33
142447,45620.1
142448,127462.89
142449,50890.26
142450,136049.11
142451,96742.16
142452,128267.086
142453,105143.38
142454,121099.53
142455,100650.3
142456,47159.13
142457,166883.14
142458,112578.62
142459,134787.0
142460,121244.92
142461,117198.445
142462,101729.06
142463,104282.37
142464,48386.914
142465,108559.18
142466,90480.664
142467,44135.98
142468,158673.22
142469,107756.23
142470,120781.875
142471,138655.84
142472,49258.26
142473,106494.59
142474,93834.13
142475,117302.65
142476,131672.1
142477,100221.92
142478,151940.75
142479,97847.97
142480,45435.555
142481,122641.375
142482,120504.836
142483,143342.06
142484,110899.81
142485,120446.49
142486,112683.82
142487,115564.76
142488,118973.18
142489,169776.45
142490,44687.87
142491,107665.12
142492,54156.82
142493,127336.07
142494,46752.605
142495,114411.17
142496,115074.85
142497,112221.836
142498,131520.92
142499,119919.31
142500,181197.7
142501,130370.11
142502,47151.906
142503,44969.105
142504,113260.14
142505,58774.363
142506,106924.35
142507,146632.0
142508,134648.89
142509,189477.89
142510,57044.03
142511,158134.45
142512,48029.0
142513,102834.516
142514,52129.996
142515,53025.9
142516,57452.46
142517,128657.51
142518,164440.94
142519,49933.22
142520,98736.4
142521,57428.64
142522,117072.28
142523,41323.05
142524,47607.004
142525,87065.28
142526,126715.734
142527,128047.64
142528,55843.49
142529,117813.57
142530,47711.09
142531,126412.0
142532,44431.766
142533,50557.2
142534,39914.92
142535,163759.44
142536,102858.984
142537,137275.06
142538,163475.92
142539,127125.0
142540,91451.85
142541,116808.67
142542,127083.42
142543,112682.875
142544,126197.22
142545,82743.42
142546,128139.836
142547,123631.055
142548,98269.7
142549,125443.41
142550,128427.02
142551,85988.42
142552,117590.85
142553,135512.98
142554,54491.715
142555,170042.69
142556,46537.246
142557,102950.78
142558,58331.375
142559,43789.082
142560,101464.92
142561,122170.47
142562,47879.203
142563,54166.246
142564,42994.273
142565,116151.164
142566,155291.16
142567,56152.63
142568,43306.86
142569,125332.49
142570,94517.586
142571,129726.36
142572,124679.46
142573,126401.47
142574,130151.04
142575,131083.39
142576,46842.914
142577,153454.98
142578,131717.33
142579,107257.17
142580,129295.234
142581,51361.21
142582,99310.375
142583,120293.89
142584,47806.535
142585,52935.246
142586,47973.055
142587,107616.7
142588,49655.543
142589,50363.633
142590,118125.89
142591,152472.9
142592,109922.375
142593,48577.4
142594,105294.516
142595,50294.633
142596,91883.266
142597,153877.6
142598,88771.65
142599,114209.06
142600,128366.9
142601,45542.07
142602,125718.914
142603,50113.758
142604,125678.086
142605,52757.7
142606,49987.066
142607,104563.91
142608,133932.62
142609,133487.7
142610,44730.098
142611,97008.45
142612,148058.44
142613,99582.836
142614,46998.42
142615,52822.332
142616,54246.816
142617,162343.9
142618,51459.82
142619,104546.44
142620,43676.977
142621,137816.45
142622,104836.78
142623,91441.28
142624,154048.03
142625,138089.12
142626,140213.19
142627,123894.7
142628,51274.91
142629,85776.9
142630,115756.5
142631,125314.336
142632,119417.61
142633,158376.0
142634,96479.99
142635,121177.35
142636,144680.62
142637,104732.125
142638,54509.08
142639,49843.273
142640,138950.12
142641,113336.38
142642,131566.64
142643,163492.78
142644,103432.37
142645,115885.14
142646,114356.53
142647,129711.5
142648,77945.04
142649,145430.4
142650,101596.44
142651,51861.973
142652,107904.01
142653,111109.27
142654,90673.234
142655,124364.945
142656,100111.6
142657,165819.69
142658,49459.094
142659,44403.57
142660,47274.55
142661,45536.68
142662,90901.27
142663,112917.91
142664,127042.73
142665,149549.77
142666,163943.22
142667,44284.984
142668,123639.3
142669,111240.805
142670,101802.51
142671,45644.42
142672,47473.223
142673,111743.71
142674,111263.086
142675,168388.92
142676,101892.27
142677,126231.28
142678,58863.453
142679,118419.266
142680,59258.945
142681,103285.984
142682,48203.77
142683,129799.914
142684,51653.883
142685,56472.06
142686,52885.996
142687,53988.418
142688,118763.36
142689,114868.86
142690,130718.266
142691,102240.83
142692,114999.66
142693,98149.1
142694,122327.98
142695,116885.97
142696,143909.34
142697,123874.805
142698,93803.58
142699,172475.61
142700,94137.85
142701,51024.805
142702,112380.5
142703,105954.88
142704,123152.65
142705,132528.67
142706,134290.33
142707,127838.21
142708,45685.324
142709,46557.68
142710,52973.605
142711,109813.82
142712,139928.94
142713,46657.934
142714,50749.47
142715,128142.34
142716,134040.84
142717,83715.055
142718,111226.79
142719,103357.93
142720,123637.32
142721,55450.15
142722,126679.3
142723,110972.695
142724,146980.84
142725,45803.28
142726,114564.78
142727,111695.43
142728,93799.71
142729,108902.05
142730,46484.195
142731,107819.54
142732,46224.996
142733,48306.547
142734,91451.85
142735,59082.973
142736,56972.254
142737,49939.934
142738,44986.055
142739,136304.33
142740,107605.414
142741,51641.195
142742,113263.8
142743,47354.477
142744,114502.29
142745,187171.05
142746,131035.82
142747,122400.14
142748,93926.75
142749,137660.72
142750,131823.66
142751,119483.04
142752,61254.03
142753,77941.49
142754,120186.69
142755,89868.17
142756,53359.465
142757,52066.453
142758,118220.4
142759,148161.78
142760,181358.48
142761,48722.02
142762,94135.13
142763,135703.44
142764,138590.78
142765,171588.16
142766,129181.35
142767,61434.887
142768,124515.07
142769,46341.3
142770,98532.58
142771,285416.03
142772,94555.49
142773,132426.05
142774,49130.824
142775,68827.0
142776,53376.555
142777,45525.785
142778,45762.285
142779,98601.88
142780,128645.31
142781,50263.707
142782,106033.266
142783,115480.5
142784,126023.555
142785,159836.0
142786,101190.65
142787,89239.66
142788,139865.6
142789,112602.414
142790,171738.2
142791,45192.957
142792,122432.695
142793,103793.55
142794,131567.7
142795,50777.406
142796,93400.31
142797,143622.89
142798,145859.22
142799,130468.52
142800,48803.277
142801,110835.04
142802,156446.22
142803,46480.273
142804,88839.805
142805,48378.406
142806,105483.734
142807,170335.31
142808,137292.47
142809,47560.867
142810,47166.91
142811,114589.766
142812,159300.83
142813,134136.47
142814,55160.54
142815,104038.82
142816,49051.59
142817,50900.03
142818,55795.855
142819,140746.12
142820,49172.64
142821,109441.375
142822,47700.863
142823,53801.168
142824,126500.3
142825,109126.61
142826,107092.22
142827,91252.73
142828,45800.914
142829,47092.5
142830,105471.69
142831,45755.45
142832,49361.04
142833,45754.11
142834,130580.37
142835,113998.03
142836,44973.695
142837,47426.965
142838,101916.19
142839,106283.28
142840,47368.16
142841,103492.43
142842,117820.21
142843,67292.92
142844,86765.305
142845,134680.11
142846,50368.66
142847,113058.2
142848,45452.07
142849,55192.61
142850,51357.348
142851,119540.98
142852,68653.36
142853,133920.02
142854,89045.336
142855,159661.14
142856,127210.21
142857,62436.055
142858,166721.53
142859,38513.07
142860,59552.402
142861,112303.97
142862,123771.47
142863,133597.16
142864,105807.15
142865,50560.508
142866,45756.68
142867,101712.64
142868,47610.105
142869,52633.305
142870,100765.125
142871,134812.52
142872,126224.04
142873,137747.9
142874,110024.234
142875,112495.75
142876,126712.03
142877,49990.918
142878,113047.28
142879,118652.08
142880,190402.77
142881,137133.38
142882,133642.5
142883,50092.062
142884,105547.75
142885,128744.81
142886,94825.67
142887,105002.37
142888,74606.945
142889,130448.92
142890,48604.36
142891,57176.074
142892,106451.164
142893,92883.52
142894,107302.25
142895,98510.375
142896,44038.297
142897,105420.66
142898,109649.41
142899,97357.13
142900,50599.855
142901,147114.27
142902,120257.17
142903,54830.207
142904,46309.953
142905,42856.008
142906,116905.72
142907,135438.12
142908,117499.164
142909,49057.816
142910,125924.66
142911,119181.49
142912,130454.85
142913,45842.78
142914,139106.14
142915,52374.03
142916,94979.26
142917,90310.77
142918,139401.95
142919,109054.625
142920,141326.08
142921,122363.89
142922,91348.09
142923,105666.91
142924,109496.195
142925,105679.47
142926,102736.59
142927,122692.29
142928,194231.8
142929,45639.03
142930,93967.95
142931,130442.06
142932,113465.82
142933,56457.17
142934,129815.555
142935,122899.46
142936,44408.86
142937,40465.965
142938,109642.03
142939,67348.2
142940,90416.15
142941,55548.32
142942,49523.3
142943,142793.7
142944,49869.996
142945,96153.914
142946,54173.465
142947,50401.24
142948,55552.55
142949,136570.0
142950,48370.242
142951,110978.25
142952,95218.39
142953,96020.93
142954,43634.848
142955,98675.42
142956,93116.13
142957,138624.33
142958,99688.19
142959,85844.266
142960,107146.41
142961,143220.23
142962,38310.137
142963,95458.7
142964,52537.156
142965,147131.67
142966,66524.02
142967,84260.28
142968,144253.67
142969,59731.312
142970,119444.6
142971,99708.8
142972,154763.58
142973,107279.5
142974,100108.26
142975,46807.906
142976,82723.484
142977,52896.03
142978,91060.33
142979,121497.81
142980,108543.88
142981,119070.38
142982,130155.805
142983,91565.6
142984,110209.51
142985,141668.44
142986,123105.67
142987,147451.03
142988,56270.17
142989,47709.742
142990,51088.316
142991,112462.06
142992,124144.55
142993,47298.793
142994,95388.96
142995,101794.86
142996,144708.36
142997,107399.29
142998,45548.926
142999,89143.44
143000,119721.05
143001,51519.688
143002,54787.168
143003,102958.016
143004,119292.33
143005,126367.414
143006,78093.45
143007,99463.51
143008,51679.285
143009,119902.72
143010,115023.92
143011,47840.89
143012,45816.562
143013,49310.168
143014,133814.98
143015,106069.93
143016,124165.734
143017,118668.8
143018,55686.332
143019,46818.215
143020,51194.723
143021,126329.33
143022,65479.734
143023,146104.23
143024,102028.445
143025,53823.93
143026,132795.25
143027,101021.484
143028,96836.586
143029,135083.08
143030,146892.45
143031,111057.11
143032,50909.86
143033,85273.49
143034,114808.31
143035,45326.12
143036,125834.16
143037,102028.266
143038,50953.14
143039,110531.17
143040,156831.8
143041,112454.76
143042,84886.23
143043,112573.88
143044,103238.055
143045,51588.79
143046,163980.25
143047,90731.13
143048,115867.87
143049,115393.234
143050,52133.34
143051,119385.44
143052,48701.957
143053,51325.535
143054,47683.14
143055,52124.523
143056,119509.82
143057,49966.016
143058,93763.0
143059,88748.28
143060,116720.73
143061,125997.43
143062,55638.75
143063,50961.176
143064,103645.48
143065,47914.715
143066,124198.79
143067,54681.598
143068,42761.863
143069,43358.53
143070,100219.805
143071,136355.05
143072,98394.945
143073,110937.35
143074,148090.16
143075,113290.58
143076,52775.965
143077,56422.82
143078,89955.836
143079,98005.43
143080,45688.73
143081,179517.4
143082,132309.0
143083,137883.6
143084,55556.062
143085,111700.08
143086,46044.34
143087,121074.58
143088,128289.6
143089,116701.83
143090,132380.55
143091,44981.125
143092,60242.37
143093,91468.93
143094,45376.15
143095,56436.355
143096,51245.617
143097,128796.484
143098,114047.43
143099,99044.8
143100,145135.16
143101,91373.81
143102,98997.08
143103,138768.28
143104,86938.12
143105,138560.6
143106,176378.66
143107,123316.15
143108,50319.227
143109,51037.887
143110,106571.51
143111,145105.62
143112,46103.176
143113,47065.92
143114,91625.42
143115,118289.516
143116,47153.293
143117,98532.7
143118,88540.94
143119,131237.75
143120,128149.32
143121,96848.47
143122,129373.055
143123,50681.3
143124,50679.61
143125,51895.047
143126,106476.49
143127,154639.06
143128,109477.23
143129,49646.72
143130,118245.125
143131,56560.78
143132,142218.84
143133,131427.36
143134,55218.164
143135,99856.69
143136,48525.035
143137,134533.25
143138,125257.43
143139,57148.15
143140,137314.1
143141,83804.16
143142,133802.34
143143,47523.035
143144,122649.1
143145,118076.65
143146,45024.9
143147,48086.277
143148,126694.45
143149,95935.19
143150,69745.59
143151,147627.52
143152,121578.3
143153,42914.684
143154,114199.56
143155,173675.83
143156,113611.49
143157,153040.55
143158,115906.61
143159,82157.96
143160,149384.19
143161,93336.18
143162,50256.477
143163,118311.95
143164,54445.95
143165,93325.266
143166,48895.977
143167,46807.906
143168,116933.17
143169,115254.04
143170,101991.01
143171,104990.25
143172,122761.625
143173,49671.867
143174,112757.6
143175,119100.29
143176,53473.645
143177,137718.02
143178,47939.492
143179,53241.766
143180,55157.69
143181,122880.195
143182,124626.375
143183,39461.64
143184,86508.95
143185,90473.69
143186,159430.7
143187,135611.53
143188,125704.45
143189,60943.95
143190,106110.9
143191,45426.453
143192,126177.016
143193,141978.08
143194,141641.08
143195,130529.375
143196,119053.36
143197,54728.664
143198,118871.9
143199,139488.86
143200,125668.3
143201,189598.19
143202,123334.12
143203,106959.93
143204,47494.91
143205,93135.0
143206,46203.926
143207,51932.684
143208,50354.76
143209,126093.21
143210,108632.77
143211,132294.25
143212,114380.67
143213,46655.473
143214,44553.69
143215,69646.46
143216,91098.68
143217,143743.72
143218,85251.06
143219,137794.45
143220,47564.562
143221,100151.26
143222,128815.53
143223,105605.766
143224,130813.46
143225,62745.633
143226,134060.17
143227,139420.02
143228,53762.223
143229,138245.16
143230,140261.92
143231,96471.72
143232,142064.88
143233,51775.832
143234,114532.33
143235,49700.84
143236,53264.18
143237,102174.21
143238,140422.03
143239,99752.73
143240,89923.52
143241,53868.81
143242,50917.66
143243,108829.234
143244,98881.2
143245,164818.47
143246,153108.62
143247,144446.19
143248,118113.164
143249,116969.15
143250,93470.81
143251,146950.7
143252,119312.35
143253,50308.254
143254,152108.53
143255,133531.34
143256,109872.74
143257,130408.625
143258,151657.0
143259,119463.09
143260,55890.22
143261,96021.52
143262,119816.414
143263,99482.42
143264,98618.64
143265,54447.992
143266,97738.79
143267,47911.387
143268,118980.805
143269,127801.375
143270,109793.77
143271,104430.43
143272,123880.4
143273,131828.66
143274,49705.21
143275,111395.49
143276,146998.34
143277,47825.617
143278,55127.996
143279,84458.71
143280,50742.11
143281,53373.64
143282,49472.824
143283,104944.625
143284,45620.1
143285,129921.69
143286,43306.86
143287,49534.656
143288,94582.305
143289,119981.76
143290,42720.96
143291,54255.684
143292,85395.36
143293,85699.055
143294,42549.23
143295,129263.03
143296,181757.12
143297,137557.98
143298,112605.74
143299,134995.52
143300,120461.016
143301,53033.08
143302,48414.344
143303,47003.754
143304,129857.016
143305,106825.53
143306,48121.355
143307,45268.4
143308,148850.8
143309,124397.51
143310,51786.855
143311,95890.266
143312,95339.91
143313,58590.51
143314,116853.195
143315,103138.805
143316,147089.03
143317,45790.496
143318,49224.562
143319,47564.562
143320,125083.29
143321,126241.05
143322,111091.47
143323,112862.5
143324,168002.44
143325,104511.38
143326,104595.68
143327,110355.23
143328,61648.504
143329,50792.21
143330,104116.734
143331,133494.53
143332,114182.58
143333,106879.086
143334,122987.125
143335,91584.84
143336,126392.09
143337,99369.88
143338,48538.816
143339,57053.2
143340,111660.41
143341,133084.75
143342,48015.875
143343,161235.16
143344,190963.02
143345,44061.473
143346,132131.17
143347,45072.297
143348,112311.234
143349,98236.59
143350,54713.402
143351,129912.74
143352,45714.2
143353,46534.62
143354,136850.34
143355,145328.33
143356,99592.42
143357,110972.695
143358,153826.38
143359,166955.78
143360,129838.16
143361,140793.56
143362,98601.88
143363,45712.535
143364,124781.93
143365,121170.4
143366,63417.598
143367,104236.58
143368,46285.633
143369,127773.664
143370,121718.95
143371,118420.57
143372,58427.508
143373,122142.73
143374,114255.945
143375,99779.195
143376,135866.78
143377,114128.23
143378,151992.56
143379,135542.14
143380,103035.46
143381,54848.566
143382,52340.402
143383,135244.34
143384,126193.61
143385,120244.414
143386,47152.844
143387,50588.168
143388,139466.39
143389,51160.277
143390,114939.76
143391,145606.84
143392,43438.98
143393,133189.9
143394,161880.23
143395,124770.03
143396,102126.836
143397,102896.22
143398,51533.914
143399,100355.24
143400,142218.38
143401,127174.61
143402,163197.27
143403,81157.43
143404,63278.547
143405,112037.74
143406,48311.754
143407,128669.01
143408,94246.41
143409,152601.92
143410,130997.766
143411,49052.543
143412,97350.67
143413,82727.13
143414,55198.395
143415,50322.2
143416,132499.03
143417,115480.97
143418,116547.92
143419,60921.355
143420,44867.285
143421,123691.375
143422,136780.05
143423,48064.168
143424,137535.86
143425,127874.13
143426,141690.42
143427,50544.203
143428,156092.02
143429,120867.31
143430,98348.336
143431,143979.69
143432,116320.055
143433,113458.72
143434,64428.043
143435,44543.645
143436,126764.984
143437,111902.51
143438,51320.098
143439,50456.664
143440,162133.11
143441,48807.258
143442,114761.766
143443,122979.24
143444,135145.44
143445,121785.09
143446,117934.07
143447,83013.18
143448,116106.31
143449,47034.645
143450,113396.38
143451,128623.664
143452,54448.02
143453,86906.36
143454,87862.336
143455,91941.97
143456,125644.69
143457,52863.25
143458,46807.906
143459,44791.23
143460,115847.6
143461,142766.89
143462,98997.08
143463,85383.81
143464,84127.07
143465,52222.97
143466,48098.477
143467,135295.33
143468,118361.74
143469,119255.7
143470,111292.73
143471,121547.625
143472,135598.42
143473,133300.84
143474,114478.06
143475,140375.27
143476,132373.05
143477,134417.12
143478,129912.43
143479,48169.086
143480,52985.465
143481,49331.867
143482,129717.414
143483,117094.305
143484,109227.75
143485,102661.59
143486,131827.02
143487,134983.2
143488,93530.3
143489,95993.11
143490,94018.664
143491,122638.65
143492,169579.9
143493,50937.31
143494,128534.73
143495,115493.734
143496,105564.24
143497,47347.863
143498,158652.73
143499,45530.25
143500,46642.895
143501,119629.42
143502,106537.8
143503,46876.355
143504,162067.36
143505,50640.43
143506,51250.9
143507,101079.93
143508,158913.45
143509,54276.594
143510,89397.91
143511,87063.9
143512,130862.79
143513,156881.83
143514,50070.39
143515,108049.88
143516,132204.12
143517,123713.85
143518,103943.625
143519,132120.06
143520,119876.32
143521,122406.78
143522,57700.95
143523,47683.14
143524,60885.977
143525,143688.81
143526,97818.125
143527,55395.363
143528,116638.11
143529,101395.484
143530,50785.023
143531,115099.8
143532,46613.73
143533,56537.055
143534,74588.01
143535,110794.41
143536,142126.6
143537,117024.55
143538,156469.23
143539,51034.41
143540,43457.81
143541,120514.82
143542,97994.04
143543,109047.68
143544,151469.12
143545,124938.5
143546,110038.305
143547,114450.664
143548,122115.58
143549,116042.234
143550,49051.59
143551,50882.863
143552,135734.6
143553,105265.61
143554,102300.6
143555,105282.33
143556,103988.66
143557,124609.34
143558,110715.914
143559,140160.55
143560,130135.96
143561,112462.445
143562,113131.34
143563,118895.29
143564,94938.1
143565,136734.75
143566,90416.15
143567,47957.75
143568,101534.58
143569,106718.484
143570,122327.98
143571,154879.16
143572,131962.25
143573,50724.152
143574,107945.375
143575,126254.55
143576,89550.086
143577,122189.766
143578,121695.39
143579,112047.47
143580,138064.78
143581,100968.38
143582,109259.48
143583,121676.195
143584,126807.67
143585,51352.52
143586,117122.15
143587,140062.23
143588,85280.91
143589,113941.6
143590,137655.92
143591,141444.97
143592,126150.01
143593,115493.734
143594,56580.54
143595,158928.48
143596,109761.29
143597,110686.49
143598,68405.08
143599,53575.266
143600,71593.64
143601,46994.426
143602,94317.41
143603,52261.98
143604,112714.47
143605,45599.152
143606,145386.56
143607,143461.52
143608,127504.836
143609,124060.51
143610,114833.52
143611,117183.14
143612,115124.75
143613,128795.3
143614,108944.82
143615,138743.78
143616,166981.64
143617,167861.34
143618,49629.28
143619,51722.83
143620,54247.98
143621,55501.707
143622,125951.8
143623,124556.67
143624,44464.914
143625,51615.27
143626,150650.62
143627,158021.69
143628,86510.99
143629,50913.273
143630,148606.48
143631,124863.36
143632,193921.47
143633,110248.19
143634,47852.63
143635,60400.402
143636,161376.52
143637,61649.367
143638,162995.02
143639,46012.766
143640,44542.293
143641,115403.336
143642,135137.44
143643,130697.48
143644,92273.664
143645,108893.43
143646,43872.777
143647,52981.863
143648,45045.652
143649,116836.836
143650,140845.67
143651,54083.938
143652,119282.37
143653,62131.33
143654,136570.14
143655,110833.33
143656,131215.17
143657,107534.266
143658,144716.5
143659,48994.39
143660,127209.23
143661,50197.234
143662,152457.23
143663,121098.945
143664,149257.89
143665,99474.98
143666,49254.69
143667,140700.6
143668,117517.05
143669,103064.65
143670,61013.316
143671,110706.9
143672,107009.27
143673,40121.605
143674,114718.85
143675,155707.4
143676,133439.44
143677,53776.72
143678,46885.984
143679,169370.06
143680,137615.81
143681,123589.18
143682,113936.76
143683,124674.38
143684,45337.418
143685,65483.42
143686,125788.875
143687,110810.78
143688,117293.39
143689,94356.33
143690,113360.46
143691,97753.18
143692,46813.12
143693,49582.113
143694,118586.5
143695,55418.383
143696,120576.91
143697,96947.95
143698,107357.22
143699,142720.73
143700,108788.9
143701,140546.56
143702,97753.18
143703,131303.11
143704,122984.75
143705,106816.305
143706,83265.375
143707,155797.27
143708,88553.6
143709,127617.625
143710,95081.51
143711,132149.62
143712,49446.742
143713,107368.07
143714,47183.312
143715,137353.72
143716,118664.4
143717,117733.42
143718,108111.39
143719,46033.24
143720,46348.273
143721,100657.77
143722,92324.64
143723,100515.09
143724,52525.61
143725,45295.375
143726,211695.19
143727,122458.35
143728,128293.805
143729,47118.79
143730,57048.4
143731,117942.3
143732,55007.367
143733,43865.508
143734,143881.2
143735,112788.69
143736,109517.09
143737,115250.04
143738,98818.625
143739,119242.23
143740,48279.465
143741,137803.45
143742,101562.6
143743,105535.58
143744,112760.95
143745,126854.61
143746,124330.54
143747,51692.223
143748,85710.445
143749,53219.363
143750,156822.92
143751,131701.16
143752,138079.73
143753,154461.56
143754,107256.43
143755,173625.47
143756,111320.83
143757,124481.28
143758,144146.1
143759,174102.12
143760,107778.88
143761,134843.48
143762,124173.875
143763,91451.85
143764,117750.16
143765,120936.43
143766,41482.42
143767,133643.83
143768,47211.84
143769,50630.457
143770,50904.457
143771,85606.78
143772,111011.25
143773,132435.97
143774,31140.684
143775,47979.527
143776,136020.92
143777,112008.336
143778,134203.69
143779,48651.293
143780,112811.4
143781,125155.38
143782,48162.973
143783,46103.293
143784,110467.086
143785,82531.66
143786,99039.6
143787,115302.37
143788,162150.02
143789,50990.035
143790,49904.92
143791,123454.336
143792,107437.85
143793,50835.91
143794,118815.55
143795,128655.414
143796,128084.67
143797,143111.6
143798,93770.78
143799,138452.7
143800,131569.67
143801,120614.06
143802,115493.734
143803,117090.99
143804,121531.73
143805,116679.18
143806,168782.83
143807,130040.875
143808,44847.355
143809,25791.215
143810,58508.645
143811,98639.89
143812,122742.32
143813,42513.215
143814,115056.0
143815,116800.7
143816,114097.21
143817,117718.38
143818,103030.29
143819,70916.28
143820,116857.75
143821,64160.457
143822,48784.895
143823,120805.875
143824,99132.1
143825,102263.93
143826,127781.7
143827,93986.07
143828,118863.984
143829,131583.47
143830,134517.08
143831,51352.266
143832,47873.695
143833,46682.754
143834,49565.863
143835,101273.72
143836,136278.97
143837,131716.61
143838,119362.375
143839,58481.59
143840,154921.33
143841,133069.78
143842,48449.766
143843,116549.664
143844,108039.68
143845,138711.69
143846,135391.23
143847,103459.93
143848,160310.08
143849,45174.934
143850,50155.6
143851,43624.973
143852,82427.22
143853,49241.87
143854,51902.457
143855,47683.14
143856,106526.414
143857,131467.66
143858,94111.125
143859,63141.75
143860,133196.81
143861,92130.87
143862,65117.887
143863,51868.918
143864,47619.312
143865,105456.664
143866,157492.27
143867,121510.26
143868,83702.49
143869,109925.26
143870,136304.86
143871,106347.6
143872,155530.56
143873,103410.48
143874,121524.78
143875,140439.27
143876,99148.695
143877,68034.76
143878,157047.62
143879,89602.695
143880,57739.88
143881,138417.78
143882,138347.12
143883,80523.805
143884,42302.945
143885,48306.547
143886,112780.42
143887,117764.195
143888,42034.176
143889,106370.39
143890,176084.47
143891,48250.64
143892,91838.625
143893,99316.28
143894,45129.953
143895,114541.516
143896,50845.457
143897,61113.684
143898,113969.555
143899,108799.64
143900,52044.535
143901,144521.08
143902,124915.33
143903,113600.41
143904,120985.01
143905,53540.77
143906,93986.07
143907,153181.69
143908,91422.16
143909,178049.27
143910,45242.477
143911,94685.43
143912,119559.055
143913,82258.79
143914,135112.56
143915,161524.73
143916,68429.41
143917,100641.55
143918,110203.805
143919,134934.3
143920,115380.6
143921,101944.445
143922,51685.348
143923,131581.23
143924,55505.633
143925,47708.605
143926,126095.23
143927,47975.383
143928,160077.14
143929,86606.48
143930,125144.78
143931,48073.84
143932,133602.05
143933,48387.73
143934,90674.81
143935,123442.734
143936,50591.348
143937,85720.555
143938,44784.055
143939,93616.74
143940,100463.6
143941,52574.4
143942,45446.55
143943,49703.09
143944,127738.516
143945,89475.97
143946,100787.95
143947,156894.53
143948,60397.684
143949,122757.17
143950,127154.71
143951,117470.945
143952,124881.72
143953,83202.71
143954,94863.11
143955,88682.13
143956,147571.2
143957,128095.99
143958,110340.62
143959,43891.043
143960,54008.363
143961,137659.56
143962,175982.22
143963,90358.61
143964,46218.21
143965,115859.37
143966,89296.5
143967,48481.6
143968,45242.477
143969,113447.74
143970,105648.13
143971,125735.21
143972,49772.453
143973,116276.33
143974,130353.81
143975,98597.68
143976,45381.31
143977,90236.67
143978,47349.52
143979,112395.87
143980,44517.977
143981,41669.812
143982,47071.33
143983,63782.305
143984,51929.96
143985,77485.53
143986,46491.766
143987,94479.38
143988,59658.62
143989,59720.188
143990,112893.97
143991,59046.87
143992,55625.36
143993,54784.375
143994,143045.98
143995,114806.35
143996,43503.363
143997,133892.55
143998,44626.402
143999,49784.43
144000,130223.3
144001,127392.66
144002,50645.066
144003,129402.695
144004,127644.086
144005,49701.4
144006,132350.23
144007,141187.89
144008,149924.52
144009,45921.586
144010,120758.33
144011,163900.2
144012,50462.26
144013,118105.92
144014,113681.92
144015,134794.22
144016,116947.734
144017,116527.0
144018,100684.14
144019,58860.848
144020,52925.266
144021,108663.0
144022,120255.46
144023,135659.92
144024,46305.34
144025,50152.57
144026,47368.24
144027,128886.54
144028,95458.7
144029,144115.62
144030,51096.105
144031,43860.58
144032,51422.51
144033,50077.33
144034,89369.766
144035,101772.23
144036,122524.11
144037,138667.06
144038,131860.6
144039,102450.67
144040,140168.97
144041,56707.844
144042,105679.47
144043,62773.574
144044,51111.195
144045,141930.8
144046,110789.164
144047,122501.04
144048,64554.79
144049,132887.52
144050,109872.74
144051,128833.766
144052,150863.56
144053,103535.79
144054,48379.402
144055,107778.88
144056,118184.28
144057,106129.58
144058,155588.6
144059,53873.883
144060,119176.98
144061,127156.55
144062,114267.11
144063,124185.98
144064,107357.59
144065,118905.8
144066,102454.31
144067,48830.074
144068,48171.14
144069,110441.86
144070,147278.4
144071,132903.98
144072,48583.49
144073,72297.63
144074,125670.6
144075,139080.23
144076,101206.13
144077,129832.22
144078,40311.03
144079,117665.56
144080,53206.293
144081,126523.48
144082,108244.945
144083,145354.56
144084,60513.45
144085,99708.695
144086,96043.69
144087,47683.14
144088,116702.92
144089,164321.3
144090,166469.42
144091,46638.03
144092,111115.016
144093,133905.38
144094,51889.727
144095,48056.867
144096,56198.902
144097,118123.664
144098,84759.38
144099,83073.445
144100,111157.08
144101,65332.31
144102,113185.5
144103,74249.15
144104,46880.504
144105,114880.13
144106,152768.95
144107,51914.92
144108,117343.6
144109,130647.81
144110,107423.71
144111,61814.992
144112,161585.9
144113,47124.184
144114,44431.766
144115,98462.09
144116,57921.48
144117,43274.5
144118,44925.875
144119,65715.58
144120,96025.11
144121,114760.836
144122,110398.125
144123,105034.83
144124,126535.14
144125,118349.24
144126,105995.48
144127,118213.555
144128,144685.8
144129,45058.074
144130,93899.4
144131,173004.64
144132,128934.53
144133,135549.77
144134,102354.664
144135,59535.69
144136,93532.67
144137,47972.773
144138,125674.414
144139,48135.047
144140,124619.43
144141,113237.99
144142,129301.95
144143,55014.047
144144,44192.277
144145,50228.33
144146,85139.55
144147,100711.4
144148,59279.438
144149,116663.33
144150,50798.895
144151,97865.53
144152,119103.59
144153,111304.85
144154,108782.445
144155,117560.06
144156,125344.516
144157,128926.586
144158,128139.25
144159,50876.867
144160,103426.234
144161,91864.055
144162,126301.375
144163,50301.89
144164,151551.58
144165,128603.01
144166,103606.36
144167,156792.08
144168,106017.51
144169,111176.47
144170,126696.29
144171,106215.25
144172,107346.12
144173,53603.242
144174,119913.375
144175,143779.19
144176,140603.86
144177,154226.88
144178,46462.16
144179,133331.08
144180,55363.758
144181,100145.57
144182,135429.66
144183,121975.14
144184,44940.848
144185,140897.98
144186,130156.695
144187,50405.75
144188,45029.12
144189,136028.2
144190,115909.88
144191,113407.03
144192,91578.22
144193,46999.65
144194,117946.1
144195,40090.617
144196,93120.16
144197,113517.37
144198,116314.15
144199,49630.195
144200,85775.695
144201,118123.484
144202,131355.39
144203,70719.78
144204,51158.86
144205,47709.742
144206,133913.4
144207,115862.59
144208,125135.93
144209,132312.39
144210,145012.58
144211,165243.03
144212,51058.02
144213,58216.004
144214,125461.19
144215,101082.414
144216,142614.42
144217,138072.9
144218,64371.188
144219,47291.4
144220,96447.97
144221,121455.5
144222,47925.055
144223,104468.734
144224,141741.03
144225,126873.26
144226,51860.09
144227,51921.168
144228,110273.74
144229,45036.387
144230,89858.945
144231,191714.53
144232,50446.457
144233,47005.65
144234,106783.55
144235,50388.297
144236,101107.234
144237,119680.19
144238,111720.164
144239,135111.23
144240,125997.43
144241,52320.496
144242,53167.4
144243,114071.43
144244,124796.42
144245,79362.54
144246,87069.4
144247,124978.51
144248,52981.863
144249,41992.355
144250,94825.67
144251,144131.28
144252,51988.133
144253,110001.59
144254,126073.766
144255,125908.8
144256,122224.63
144257,105523.41
144258,115823.375
144259,127791.33
144260,100474.26
144261,117562.99
144262,91813.41
144263,122106.2
144264,89266.08
144265,123325.016
144266,89419.8
144267,44539.03
144268,57427.61
144269,124540.445
144270,46672.63
144271,49327.69
144272,150033.14
144273,46297.617
144274,47274.55
144275,137115.19
144276,102886.164
144277,102698.59
144278,122446.34
144279,118884.52
144280,48764.707
144281,56945.832
144282,134220.31
144283,54998.64
144284,101848.22
144285,177653.64
144286,49321.04
144287,124989.484
144288,45043.477
144289,44796.746
144290,59924.555
144291,87833.46
144292,119003.734
144293,51037.887
144294,137843.8
144295,113215.03
144296,111573.195
144297,124506.36
144298,100413.26
144299,181388.84
144300,48855.867
144301,100415.76
144302,55545.617
144303,133985.53
144304,97388.695
144305,116183.04
144306,125311.234
144307,129661.19
144308,149278.52
144309,43626.207
144310,65757.71
144311,123379.06
144312,112451.914
144313,49560.57
144314,47504.363
144315,114431.33
144316,130946.03
144317,45246.496
144318,112579.41
144319,107557.46
144320,88426.8
144321,50331.44
144322,123899.805
144323,124955.04
144324,135230.55
144325,118050.65
144326,50456.13
144327,45762.285
144328,118927.92
144329,59779.24
144330,150596.28
144331,109585.28
144332,94755.445
144333,130005.15
144334,56368.04
144335,134195.45
144336,126883.17
144337,100986.07
144338,143105.28
144339,124587.89
144340,62851.43
144341,121884.44
144342,53183.863
144343,104947.74
144344,91790.4
144345,54199.91
144346,236817.14
144347,132668.3
144348,95458.7
144349,118715.11
144350,113198.19
144351,120784.78
144352,131927.81
144353,101442.03
144354,48496.414
144355,161107.45
144356,83657.79
144357,86027.38
144358,46526.453
144359,105995.53
144360,47544.812
144361,109886.12
144362,157899.69
144363,100627.35
144364,74405.8
144365,52544.938
144366,137336.61
144367,45950.8
144368,157118.1
144369,91261.44
144370,128158.62
144371,43945.887
144372,88146.55
144373,56817.438
144374,104464.14
144375,129956.01
144376,95317.875
144377,130411.69
144378,135624.22
144379,140379.97
144380,105193.31
144381,127760.664
144382,219451.08
144383,106992.39
144384,49834.176
144385,123855.2
144386,50767.887
144387,40649.504
144388,110055.75
144389,131370.4
144390,51568.258
144391,99893.21
144392,88784.71
144393,47393.84
144394,45356.32
144395,125252.43
144396,108319.875
144397,126069.22
144398,53045.332
144399,108134.375
144400,120059.01
144401,50921.93
144402,135922.44
144403,123679.195
144404,103678.62
144405,109644.336
144406,73446.61
144407,123805.914
144408,51196.086
144409,48481.6
144410,73391.52
144411,133870.28
144412,116337.39
144413,154533.94
144414,109545.2
144415,72446.41
144416,127143.28
144417,130883.125
144418,132400.83
144419,100618.95
144420,135355.7
144421,105555.02
144422,93530.3
144423,46826.79
144424,156095.98
144425,147388.45
144426,147944.27
144427,133662.33
144428,51680.566
144429,149912.53
144430,55899.875
144431,116235.57
144432,91468.93
144433,144304.67
144434,168284.44
144435,95090.17
144436,49101.277
144437,129045.09
144438,105994.336
144439,147327.23
144440,45014.746
144441,54043.355
144442,48720.703
144443,128317.01
144444,151765.28
144445,97944.81
144446,117117.766
144447,99514.62
144448,141350.42
144449,119156.375
144450,128606.65
144451,49843.273
144452,47352.953
144453,58267.26
144454,48607.59
144455,142277.53
144456,125404.51
144457,105878.25
144458,48788.047
144459,130319.52
144460,179066.5
144461,85527.87
144462,104670.43
144463,200665.69
144464,221553.23
144465,123493.01
144466,49183.21
144467,123644.09
144468,59077.34
144469,53784.777
144470,103535.625
144471,51614.973
144472,44331.023
144473,121653.04
144474,133363.0
144475,102966.55
144476,45360.426
144477,92862.055
144478,109344.74
144479,100419.43
144480,145770.1
144481,104238.8
144482,95281.42
144483,150110.12
144484,115611.58
144485,108820.83
144486,150174.66
144487,113401.42
144488,123397.445
144489,129608.914
144490,94825.67
144491,100640.336
144492,143176.5
144493,123725.016
144494,124286.69
144495,50555.72
144496,58588.93
144497,120187.055
144498,110398.13
144499,98723.56
144500,48782.92
144501,52262.598
144502,116844.46
144503,78044.37
144504,87309.36
144505,98997.08
144506,101923.414
144507,127250.09
144508,62118.51
144509,119105.836
144510,128835.43
144511,51278.543
144512,107932.96
144513,87421.05
144514,153476.03
144515,56553.67
144516,47205.055
144517,135152.94
144518,51364.14
144519,91883.266
144520,112531.55
144521,114684.18
144522,85671.36
144523,110949.42
144524,43402.984
144525,49706.457
144526,91523.664
144527,138654.39
144528,100971.414
144529,134781.77
144530,136579.72
144531,139621.31
144532,52774.047
144533,119592.97
144534,48604.36
144535,53089.766
144536,116947.63
144537,46994.56
144538,40473.01
144539,88282.24
144540,120866.65
144541,43958.08
144542,142466.9
144543,47284.152
144544,121306.484
144545,126465.29
144546,140650.58
144547,122507.125
144548,135119.58
144549,147158.33
144550,59091.457
144551,125477.82
144552,78177.85
144553,109274.305
144554,168094.73
144555,108860.6
144556,54163.637
144557,49446.945
144558,49018.188
144559,127597.39
144560,51477.035
144561,64879.83
144562,125106.51
144563,50656.984
144564,119550.08
144565,95527.586
144566,50538.426
144567,60410.906
144568,130632.305
144569,114975.33
144570,116584.59
144571,108126.445
144572,103091.66
144573,137690.95
144574,55616.67
144575,48900.17
144576,55983.15
144577,95676.08
144578,45228.773
144579,47211.84
144580,66648.07
144581,55056.105
144582,84260.28
144583,47144.77
144584,103129.65
144585,48871.28
144586,220181.34
144587,185089.08
144588,47237.754
144589,130855.51
144590,134218.42
144591,110228.92
144592,87862.336
144593,138994.92
144594,108679.28
144595,49087.453
144596,125015.66
144597,49708.22
144598,91187.86
144599,56625.887
144600,48104.355
144601,97753.18
144602,130988.18
144603,45456.812
144604,121689.8
144605,116379.26
144606,142229.0
144607,108294.14
144608,86771.78
144609,49515.406
144610,125874.47
144611,116572.234
144612,96178.375
144613,54094.22
144614,46988.637
144615,137028.3
144616,142154.12
144617,48156.59
144618,121947.9
144619,132380.88
144620,118642.3
144621,98555.34
144622,126798.4
144623,123764.58
144624,155831.2
144625,59180.96
144626,108719.98
144627,120517.85
144628,90873.57
144629,99260.79
144630,91374.26
144631,155296.95
144632,50836.47
144633,56196.73
144634,45930.145
144635,47159.168
144636,110307.875
144637,55485.297
144638,87823.414
144639,52026.605
144640,46374.375
144641,132401.14
144642,112361.06
144643,49629.38
144644,59860.035
144645,130025.56
144646,112700.88
144647,123639.91
144648,132451.38
144649,131254.44
144650,117180.07
144651,101677.77
144652,90000.984
144653,47750.97
144654,112562.555
144655,86781.98
144656,45661.438
144657,45371.895
144658,50298.492
144659,118419.086
144660,118448.35
144661,99362.18
144662,46305.34
144663,119417.37
144664,89544.08
144665,101961.234
144666,108128.055
144667,94725.1
144668,80496.21
144669,153341.19
144670,91388.69
144671,163534.75
144672,106968.734
144673,127678.12
144674,99190.6
144675,58967.39
144676,119509.91
144677,122321.77
144678,112921.695
144679,125569.79
144680,66420.44
144681,93761.79
144682,113936.43
144683,128899.414
144684,135317.81
144685,102577.836
144686,44940.21
144687,123701.5
144688,52495.35
144689,117636.93
144690,72988.32
144691,119129.914
144692,86593.305
144693,122255.41
144694,130528.69
144695,105096.305
144696,116626.016
144697,126336.12
144698,122964.71
144699,119074.4
144700,106137.64
144701,47677.16
144702,133054.47
144703,169192.19
144704,108470.445
144705,48141.66
144706,81463.82
144707,53709.414
144708,47405.26
144709,55514.742
144710,50289.6
144711,151754.56
144712,118949.6
144713,96745.734
144714,128114.61
144715,134446.31
144716,45332.723
144717,87833.46
144718,151020.2
144719,52139.19
144720,125739.47
144721,88639.33
144722,127117.586
144723,109108.8
144724,94439.61
144725,109166.266
144726,123877.875
144727,44616.664
144728,122288.67
144729,121493.305
144730,45460.79
144731,89681.5
144732,43831.016
144733,120042.01
144734,134447.3
144735,111426.82
144736,135114.9
144737,50608.445
144738,129197.85
144739,101618.21
144740,52231.176
144741,184298.11
144742,50155.89
144743,145074.16
144744,143023.12
144745,103827.62
144746,151690.03
144747,148939.12
144748,57204.38
144749,46939.0
144750,116112.95
144751,140533.5
144752,54603.883
144753,52585.816
144754,105260.5
144755,107584.43
144756,179087.03
144757,116342.914
144758,43180.133
144759,117117.38
144760,52253.844
144761,54770.414
144762,46179.79
144763,132947.45
144764,49156.46
144765,87903.31
144766,127152.375
144767,116629.46
144768,135853.73
144769,147964.2
144770,114768.22
144771,110340.62
144772,120978.445
144773,44893.035
144774,134076.69
144775,113231.14
144776,134487.7
144777,100989.414
144778,50864.344
144779,114067.72
144780,119359.92
144781,109722.67
144782,51557.543
144783,108886.21
144784,51601.355
144785,49922.72
144786,47630.56
144787,46498.465
144788,125835.08
144789,49495.176
144790,130267.02
144791,123408.46
144792,46645.258
144793,54194.367
144794,50990.035
144795,53266.766
144796,51557.703
144797,100658.63
144798,119632.76
144799,107819.54
144800,106922.95
144801,128773.37
144802,160872.94
144803,107770.45
144804,53586.316
144805,134030.23
144806,102514.29
144807,83714.26
144808,108647.35
144809,48012.664
144810,108350.8
144811,100545.44
144812,122460.68
144813,109880.58
144814,99520.66
144815,84127.07
144816,46061.004
144817,51967.996
144818,128545.39
144819,130470.78
144820,110972.695
144821,46506.188
144822,59297.195
144823,98982.62
144824,51363.375
144825,115809.14
144826,135562.95
144827,108965.97
144828,84828.89
144829,149874.9
144830,195426.7
144831,132200.22
144832,123493.66
144833,46950.426
144834,144381.61
144835,115525.71
144836,120368.37
144837,41574.953
144838,50592.57
144839,120034.805
144840,143648.7
144841,117484.61
144842,193620.61
144843,126351.71
144844,136811.42
144845,97817.29
144846,120298.06
144847,102700.164
144848,122287.97
144849,112124.91
144850,121701.58
144851,112717.836
144852,124600.33
144853,124857.06
144854,156521.36
144855,136074.89
144856,81488.03
144857,50022.465
144858,111346.15
144859,124781.93
144860,92563.75
144861,131420.16
144862,44543.445
144863,125351.11
144864,53513.38
144865,121988.19
144866,79426.38
144867,51736.992
144868,107175.414
144869,52820.277
144870,108961.984
144871,122394.12
144872,96364.0
144873,115892.164
144874,114988.76
144875,123469.04
144876,102770.52
144877,112898.4
144878,120041.42
144879,95939.83
144880,104338.805
144881,66485.984
144882,125264.945
144883,109062.5
144884,46861.4
144885,50762.24
144886,116014.51
144887,126503.336
144888,51204.918
144889,53646.188
144890,125750.31
144891,133762.69
144892,119364.99
144893,133400.72
144894,123532.26
144895,117045.96
144896,101892.27
144897,119555.63
144898,96398.64
144899,91365.57
144900,66902.98
144901,71266.914
144902,92597.555
144903,54172.094
144904,99608.71
144905,86620.43
144906,146176.3
144907,101208.62
144908,48938.62
144909,142816.94
144910,93434.56
144911,116416.195
144912,98995.07
144913,164994.75
144914,157798.02
144915,114462.805
144916,102988.11
144917,156952.03
144918,150047.2
144919,48177.797
144920,110126.91
144921,132404.14
144922,43555.277
144923,46181.32
144924,51676.402
144925,88968.99
144926,48131.004
144927,134733.02
144928,52823.0
144929,123941.055
144930,149931.02
144931,49051.59
144932,149623.73
144933,52201.773
144934,122673.45
144935,55845.656
144936,42274.7
144937,49916.285
144938,100155.305
144939,140313.33
144940,98302.53
144941,87854.05
144942,117668.87
144943,132432.14
144944,55891.906
144945,117327.78
144946,121396.695
144947,54027.254
144948,46537.61
144949,92923.56
144950,113151.0
144951,117738.32
144952,103053.28
144953,55027.76
144954,61777.906
144955,53183.66
144956,136781.98
144957,129404.46
144958,104175.03
144959,205599.44
144960,45141.875
144961,105857.414
144962,47090.246
144963,47615.23
144964,50877.203
144965,136144.61
144966,116708.72
144967,133269.06
144968,107326.766
144969,105407.61
144970,105027.27
144971,86028.44
144972,111583.64
144973,47968.777
144974,57641.32
144975,130905.086
144976,94923.984
144977,166411.69
144978,115775.016
144979,131347.45
144980,163469.67
144981,40913.594
144982,119225.98
144983,77706.11
144984,92348.0
144985,53840.543
144986,134511.0
144987,109117.04
144988,109651.01
144989,46785.69
144990,46972.195
144991,44049.254
144992,50144.973
144993,129062.02
144994,81632.46
144995,97571.14
144996,54769.11
144997,50032.137
144998,127834.48
144999,47939.492
145000,110636.84
145001,60053.957
145002,90632.27
145003,76894.81
145004,54149.4
145005,48857.723
145006,140624.2
145007,107075.805
145008,109232.875
145009,136330.94
145010,104858.16
145011,106067.43
145012,51601.82
145013,173198.86
145014,110157.67
145015,140906.25
145016,48507.867
145017,141682.73
145018,53000.062
145019,140472.02
145020,94208.945
145021,46562.91
145022,44626.402
145023,95331.34
145024,106417.35
145025,87412.67
145026,47590.24
145027,102255.74
145028,93042.53
145029,121335.414
145030,58840.793
145031,81497.02
145032,123405.41
145033,124351.81
145034,161486.1
145035,109350.51
145036,137654.66
145037,125792.72
145038,124403.64
145039,84973.13
145040,175627.23
145041,121002.734
145042,78860.61
145043,111716.55
145044,106740.984
145045,57153.387
145046,127904.51
145047,44057.562
145048,83031.76
145049,56414.273
145050,58510.64
145051,109105.04
145052,50741.523
145053,119765.64
145054,169324.25
145055,127249.125
145056,156284.08
145057,90000.984
145058,98729.51
145059,48368.137
145060,96692.35
145061,47340.734
145062,126862.99
145063,126716.4
145064,127774.75
145065,45043.477
145066,124623.79
145067,94517.586
145068,50244.695
145069,49655.926
145070,210320.89
145071,113911.59
145072,125890.16
145073,101641.17
145074,51387.203
145075,97816.57
145076,165174.53
145077,54784.97
145078,97326.65
145079,123412.164
145080,123151.6
145081,58826.688
145082,112625.38
145083,107771.5
145084,51936.87
145085,120641.85
145086,47211.84
145087,122541.445
145088,47866.035
145089,51020.977
145090,115506.766
145091,51212.992
145092,45639.03
145093,45022.35
145094,119951.59
145095,129644.05
145096,97753.18
145097,54141.176
145098,45894.863
145099,126412.47
145100,51289.88
145101,109642.984
145102,137843.28
145103,47939.492
145104,130587.65
145105,90575.1
145106,49385.55
145107,51068.36
145108,109973.95
145109,101660.695
145110,48884.266
145111,127394.43
145112,110409.48
145113,116179.16
145114,93763.0
145115,115379.73
145116,46498.703
145117,89299.3
145118,86724.805
145119,115428.5
145120,123807.35
145121,81889.81
145122,129069.9
145123,109755.69
145124,86415.54
145125,46650.523
145126,115620.805
145127,157329.12
145128,107952.11
145129,130848.93
145130,163682.42
145131,125720.64
145132,46067.07
145133,131984.69
145134,125192.55
145135,122498.9
145136,107440.43
145137,158434.86
145138,118039.49
145139,114255.51
145140,110919.19
145141,45887.484
145142,45534.336
145143,48691.7
145144,48877.605
145145,63331.523
145146,100653.57
145147,146939.5
145148,61720.715
145149,132528.67
145150,114551.586
145151,44865.785
145152,109777.664
145153,123714.5
145154,142514.88
145155,123115.41
145156,139841.45
145157,114247.336
145158,129987.79
145159,51286.094
145160,46592.66
145161,107674.414
145162,49250.92
145163,145025.9
145164,104606.37
145165,82903.73
145166,94555.49
145167,166450.92
145168,124828.53
145169,143647.33
145170,109039.984
145171,88045.305
145172,54118.426
145173,46951.285
145174,53763.207
145175,45284.344
145176,47118.3
145177,79973.2
145178,102109.164
145179,91362.375
145180,124838.4
145181,90341.555
145182,116311.58
145183,142052.48
145184,50118.68
145185,138168.16
145186,53606.184
145187,50980.598
145188,100962.484
145189,117569.79
145190,116770.07
145191,100168.055
145192,56371.074
145193,43596.215
145194,122485.93
145195,66072.26
145196,93695.38
145197,111212.914
145198,53036.777
145199,96166.375
145200,47345.188
145201,57461.285
145202,113949.76
145203,148087.27
145204,56655.113
145205,121452.44
145206,50296.707
145207,114807.57
145208,121249.9
145209,110078.664
145210,117023.79
145211,61101.766
145212,91755.56
145213,97889.86
145214,93059.09
145215,59172.082
145216,115211.55
145217,48947.03
145218,43439.863
145219,59445.39
145220,113963.1
145221,48728.113
145222,127882.8
145223,129255.2
145224,139530.7
145225,120756.6
145226,113221.625
145227,119330.586
145228,140459.17
145229,150934.17
145230,49520.03
145231,49329.438
145232,52917.23
145233,133791.3
145234,115702.68
145235,100838.734
145236,133303.72
145237,132407.61
145238,127007.65
145239,101892.27
145240,92289.22
145241,123393.84
145242,119377.4
145243,56217.047
145244,90135.125
145245,139394.22
145246,103697.984
145247,106404.55
145248,96469.79
145249,55761.54
145250,167010.08
145251,134555.38
145252,128935.96
145253,120282.59
145254,47366.33
145255,43235.973
145256,116104.3
145257,112983.6
145258,58164.676
145259,108965.164
145260,100272.62
145261,144262.11
145262,104061.39
145263,53547.08
145264,59372.797
145265,120220.29
145266,47374.56
145267,110840.25
145268,114848.445
145269,130309.6
145270,142618.53
145271,116773.9
145272,115152.93
145273,127096.93
145274,111340.21
145275,49593.617
145276,108327.53
145277,130232.35
145278,181643.19
145279,92414.86
145280,152852.48
145281,46117.754
145282,100334.64
145283,147806.12
145284,48074.777
145285,119004.45
145286,161834.45
145287,49041.004
145288,50744.53
145289,135871.95
145290,99984.86
145291,52519.77
145292,139273.55
145293,47266.023
145294,121608.69
145295,138024.6
145296,48379.402
145297,142133.5
145298,45566.25
145299,126886.266
145300,114612.766
145301,115721.86
145302,107530.805
145303,114836.55
145304,149672.05
145305,134398.92
145306,136255.03
145307,102298.14
145308,121576.89
145309,155590.55
145310,151192.03
145311,45416.574
145312,124254.31
145313,156616.6
145314,94852.4
145315,56638.125
145316,112913.6
145317,127898.09
145318,129119.125
145319,47601.945
145320,120185.91
145321,58159.98
145322,44914.594
145323,153822.42
145324,50834.977
145325,56008.465
145326,96505.45
145327,127639.85
145328,107940.83
145329,114279.016
145330,175474.16
145331,43276.113
145332,60272.715
145333,53304.113
145334,43816.527
145335,89757.28
145336,53716.96
145337,54529.824
145338,128906.6
145339,123166.76
145340,50363.332
145341,53639.39
145342,113010.32
145343,50076.66
145344,133735.64
145345,100647.09
145346,116757.37
145347,45762.285
145348,124694.5
145349,64618.574
145350,137661.69
145351,146194.67
145352,47535.402
145353,46539.254
145354,99889.69
145355,144425.27
145356,59944.7
145357,116376.59
145358,48722.02
145359,158279.36
145360,49504.477
145361,115444.25
145362,122731.82
145363,127474.67
145364,44656.355
145365,143693.89
145366,47313.65
145367,140920.3
145368,109877.02
145369,56850.3
145370,101160.07
145371,151727.5
145372,102374.766
145373,100313.3
145374,116585.54
145375,127431.13
145376,100849.75
145377,43706.37
145378,50311.4
145379,120812.15
145380,118020.67
145381,86574.64
145382,124051.8
145383,45826.33
145384,113336.12
145385,46082.414
145386,115525.914
145387,113223.12
145388,53368.33
145389,136617.67
145390,58658.8
145391,119001.69
145392,149371.2
145393,55744.773
145394,80589.79
145395,107924.51
145396,56742.23
145397,54634.527
145398,100986.07
145399,138429.83
145400,48389.035
145401,137489.2
145402,122540.16
145403,110119.695
145404,91313.58
145405,124725.766
145406,49235.293
145407,50481.207
145408,54772.82
145409,58476.566
145410,45899.242
145411,99363.38
145412,160733.55
145413,48059.4
145414,125163.37
145415,95050.125
145416,134468.94
145417,109073.75
145418,109843.445
145419,106575.14
145420,115912.34
145421,49148.34
145422,45664.566
145423,52952.48
145424,54442.02
145425,50311.4
145426,109488.234
145427,212134.81
145428,50257.71
145429,46645.78
145430,108131.125
145431,109292.78
145432,117509.96
145433,157804.11
145434,50411.168
145435,155506.31
145436,74005.195
145437,54742.44
145438,51154.52
145439,48317.797
145440,130479.48
145441,141484.45
145442,105449.37
145443,148722.06
145444,131370.0
145445,123374.76
145446,137955.89
145447,45800.914
145448,112737.91
145449,135056.3
145450,168733.28
145451,107868.85
145452,81929.38
145453,123788.664
145454,58240.387
145455,108123.42
145456,50869.76
145457,49018.55
145458,113104.625
145459,128316.92
145460,118450.7
145461,106936.664
145462,120667.016
145463,134728.6
145464,106334.5
145465,95057.08
145466,87810.86
145467,103245.16
145468,53707.273
145469,119692.66
145470,104132.336
145471,52755.816
145472,163961.55
145473,49921.57
145474,51041.74
145475,129605.0
145476,47897.0
145477,94605.305
145478,58745.758
145479,124540.61
145480,85397.77
145481,100745.5
145482,102629.25
145483,124605.914
145484,53100.58
145485,58678.0
145486,122540.664
145487,45677.76
145488,127457.85
145489,47683.14
145490,129847.82
145491,113498.24
145492,46511.336
145493,168110.05
145494,49016.59
145495,51241.86
145496,183770.77
145497,123475.79
145498,157099.44
145499,48036.473
145500,63995.992
145501,108725.43
145502,98106.74
145503,99316.28
145504,98512.7
145505,119850.61
145506,142303.81
145507,123370.08
145508,107994.05
145509,143858.4
145510,51186.66
145511,112736.695
145512,108788.9
145513,141092.97
145514,58983.895
145515,51350.82
145516,121862.46
145517,181307.81
145518,50765.902
145519,143897.8
145520,52623.24
145521,109213.92
145522,104625.836
145523,44954.637
145524,57371.38
145525,53384.45
145526,49504.81
145527,45150.785
145528,112735.33
145529,135651.77
145530,47219.285
145531,46417.527
145532,48161.19
145533,114097.0
145534,105106.73
145535,53293.133
145536,33893.945
145537,106349.81
145538,169698.06
145539,100163.98
145540,141001.05
145541,122637.164
145542,182472.83
145543,110937.055
145544,45845.363
145545,127626.445
145546,53076.348
145547,137660.72
145548,124728.43
145549,118493.33
145550,105149.82
145551,97702.16
145552,99104.95
145553,47988.7
145554,58329.418
145555,100196.586
145556,93350.695
145557,136938.69
145558,118770.56
145559,49295.027
145560,140594.56
145561,48733.97
145562,50983.05
145563,120635.17
145564,38364.562
145565,131022.16
145566,125174.875
145567,128439.336
145568,155904.14
145569,103394.03
145570,114882.76
145571,131679.31
145572,89419.8
145573,101067.68
145574,49903.72
145575,152982.08
145576,116079.17
145577,92410.98
145578,118300.55
145579,109860.7
145580,175540.3
145581,109060.01
145582,125429.09
145583,117166.8
145584,135290.12
145585,174505.53
145586,125419.62
145587,105608.28
145588,155495.97
145589,117387.37
145590,54040.41
145591,105071.69
145592,160973.31
145593,96775.3
145594,112228.29
145595,105424.88
145596,127061.74
145597,131817.17
145598,57878.84
145599,193197.05
145600,94503.04
145601,60457.207
145602,50317.41
145603,53210.145
145604,52364.527
145605,53939.05
145606,153169.3
145607,50326.734
145608,97497.055
145609,146478.36
145610,146600.75
145611,57428.47
145612,49274.74
145613,93972.664
145614,111699.65
145615,84411.84
145616,47796.438
145617,94555.49
145618,74786.86
145619,43210.676
145620,112647.8
145621,123756.484
145622,121014.9
145623,101628.336
145624,116067.41
145625,112765.85
145626,134032.45
145627,132738.45
145628,50427.938
145629,47205.605
145630,131271.84
145631,50885.645
145632,45710.668
145633,121018.59
145634,102955.39
145635,132501.97
145636,111373.5
145637,46211.766
145638,134307.42
145639,131785.83
145640,53394.777
145641,140990.23
145642,113535.65
145643,51439.484
145644,51651.312
145645,48484.727
145646,139116.11
145647,140780.25
145648,44943.723
145649,44886.46
145650,123169.305
145651,106172.08
145652,54241.668
145653,48181.816
145654,188653.2
145655,101639.08
145656,93193.73
145657,134520.3
145658,127729.43
145659,127500.93
145660,156467.12
145661,160251.95
145662,53374.992
145663,127210.305
145664,142857.16
145665,179951.03
145666,127706.055
145667,108017.125
145668,103532.22
145669,94816.59
145670,50224.066
145671,154760.28
145672,116164.836
145673,140074.33
145674,131940.67
145675,93763.0
145676,133934.56
145677,56033.09
145678,52010.22
145679,106110.88
145680,135958.19
145681,53885.562
145682,122474.01
145683,142848.12
145684,120031.086
145685,46546.29
145686,130069.25
145687,53123.113
145688,69600.37
145689,124334.33
145690,97863.3
145691,114230.664
145692,85919.266
145693,110562.33
145694,44178.16
145695,148234.17
145696,49614.965
145697,86774.61
145698,59951.816
145699,118750.9
145700,51878.637
145701,126895.25
145702,45155.04
145703,112413.44
145704,107317.914
145705,65824.09
145706,100986.41
145707,115149.86
145708,159312.98
145709,96509.82
145710,158959.78
145711,131421.58
145712,169527.25
145713,50488.188
145714,46944.543
145715,46440.06
145716,46653.047
145717,45321.05
145718,66949.86
145719,90537.32
145720,107679.43
145721,122017.73
145722,141230.53
145723,46505.277
145724,94782.94
145725,125496.63
145726,172144.69
145727,136396.86
145728,56839.953
145729,50701.34
145730,51921.836
145731,174519.67
145732,125501.445
145733,134424.1
145734,51957.76
145735,128665.734
145736,90918.81
145737,48738.684
145738,157735.5
145739,102309.63
145740,102661.59
145741,118403.3
145742,49879.094
145743,102745.65
145744,52469.195
145745,103331.31
145746,134423.62
145747,143730.9
145748,133029.5
145749,160415.47
145750,55738.355
145751,107502.914
145752,103380.445
145753,144868.73
145754,111342.56
145755,48135.24
145756,90206.29
145757,150631.94
145758,48938.28
145759,119319.64
145760,132292.27
145761,134544.47
145762,93756.92
145763,119847.11
145764,117400.86
145765,127367.805
145766,135527.77
145767,57716.773
145768,139821.66
145769,104284.39
145770,105809.3
145771,115675.46
145772,155609.81
145773,49534.637
145774,45124.22
145775,44794.066
145776,125025.484
145777,82836.2
145778,123809.34
145779,47951.66
145780,130790.63
145781,105679.47
145782,85650.33
145783,56743.95
145784,207681.25
145785,129813.12
145786,100573.33
145787,49232.188
145788,117761.33
145789,47234.55
145790,139856.95
145791,48253.31
145792,52088.918
145793,147902.38
145794,103472.87
145795,131150.97
145796,124268.85
145797,146135.4
145798,133143.73
145799,151215.16
145800,143891.45
145801,110691.125
145802,101926.664
145803,119424.77
145804,138459.14
145805,159645.22
145806,56561.867
145807,51227.938
145808,118243.1
145809,45226.918
145810,145808.86
145811,57701.75
145812,45891.758
145813,138914.5
145814,110970.195
145815,45219.984
145816,100976.36
145817,136049.8
145818,50895.426
145819,50147.035
145820,125189.97
145821,120729.85
145822,38814.832
145823,97061.55
145824,118744.17
145825,132183.94
145826,125425.99
145827,134363.22
145828,52615.266
145829,172216.45
145830,49982.016
145831,135583.61
145832,102135.9
145833,122465.664
145834,162781.11
145835,143665.67
145836,112788.89
145837,44430.773
145838,46289.84
145839,200470.94
145840,135412.42
145841,150389.3
145842,103432.37
145843,98164.61
145844,111694.58
145845,123195.42
145846,137402.81
145847,129606.7
145848,50068.03
145849,106361.22
145850,156066.77
145851,147386.86
145852,53044.027
145853,93135.0
145854,113406.31
145855,133074.86
145856,108516.26
145857,133422.5
145858,46643.62
145859,133905.86
145860,48933.293
145861,113098.81
145862,129965.81
145863,117179.51
145864,138049.52
145865,51614.746
145866,43664.58
145867,140166.33
145868,51576.664
145869,100619.12
145870,51781.71
145871,41469.234
145872,143044.53
145873,119524.8
145874,119695.484
145875,174602.52
145876,121718.01
145877,142297.33
145878,130373.29
145879,119252.14
145880,123869.71
145881,45803.598
145882,96647.984
145883,114329.06
145884,90035.375
145885,96263.72
145886,100659.125
145887,139003.64
145888,59009.0
145889,131926.42
145890,85187.766
145891,114476.11
145892,137799.58
145893,121823.08
145894,47640.81
145895,101223.36
145896,111547.695
145897,104308.17
145898,102119.836
145899,118030.52
145900,53360.535
145901,56811.62
145902,49051.59
145903,136612.38
145904,127309.79
145905,109232.48
145906,131770.22
145907,44612.715
145908,114194.13
145909,42362.785
145910,125024.47
145911,122074.13
145912,132076.31
145913,193736.83
145914,101532.84
145915,46088.1
145916,149212.42
145917,186294.48
145918,140675.98
145919,111204.13
145920,113325.08
145921,121355.016
145922,117077.734
145923,122773.266
145924,53436.73
145925,54165.008
145926,48456.977
145927,50118.68
145928,144369.92
145929,53234.207
145930,52653.457
145931,113152.63
145932,112356.77
145933,112112.0
145934,45883.61
145935,115419.7
145936,47513.973
145937,49933.22
145938,51094.33
145939,127420.62
145940,169567.47
145941,137979.72
145942,48169.91
145943,110866.88
145944,50060.496
145945,97168.45
145946,89493.695
145947,136080.61
145948,121110.11
145949,46425.23
145950,114800.48
145951,52820.277
145952,94594.41
145953,48893.863
145954,48657.613
145955,111126.12
145956,106197.46
145957,122088.42
145958,101240.32
145959,151306.56
145960,62208.195
145961,122440.06
145962,47943.715
145963,166931.4
145964,111112.48
145965,97671.586
145966,150196.3
145967,127752.42
145968,47485.64
145969,113290.04
145970,49630.195
145971,119734.16
145972,126134.29
145973,49297.684
145974,103963.664
145975,97039.195
145976,113637.62
145977,95623.9
145978,130594.74
145979,47834.0
145980,118744.4
145981,47443.656
145982,153263.42
145983,124224.266
145984,97538.766
145985,105547.75
145986,96422.76
145987,43063.336
145988,96144.445
145989,99913.445
145990,49226.41
145991,56857.55
145992,49523.3
145993,95658.94
145994,127077.055
145995,85365.34
145996,50293.535
145997,130212.57
145998,180529.81
145999,118243.32
146000,149706.19
146001,129488.04
146002,110888.445
146003,130712.89
146004,142705.44
146005,100694.82
146006,100859.15
146007,51734.273
146008,58503.395
146009,98640.445
146010,148719.94
146011,48677.21
146012,124090.37
146013,120196.05
146014,133491.42
146015,103521.39
146016,108432.07
146017,88202.195
146018,118162.984
146019,50961.61
146020,43586.14
146021,116531.77
146022,131022.16
146023,121966.82
146024,100976.29
146025,143363.9
146026,220157.8
146027,160266.81
146028,45271.867
146029,48855.496
146030,57382.41
146031,127533.97
146032,113134.695
146033,51756.555
146034,47024.0
146035,53972.715
146036,44340.207
146037,118000.4
146038,46061.137
146039,47505.426
146040,137670.95
146041,130088.19
146042,90411.56
146043,129715.57
146044,130546.37
146045,99954.87
146046,43417.707
146047,140783.52
146048,102661.3
146049,155420.14
146050,110923.81
146051,50309.215
146052,56639.465
146053,145766.3
146054,113702.945
146055,130582.44
146056,49590.543
146057,46668.332
146058,126779.7
146059,123266.6
146060,147919.47
146061,165977.98
146062,122358.3
146063,45562.93
146064,116179.836
146065,110099.22
146066,48231.54
146067,117749.43
146068,85658.72
146069,85710.445
146070,53037.926
146071,99206.516
146072,92997.484
146073,46302.008
146074,139593.52
146075,49321.04
146076,89299.3
146077,114148.28
146078,50426.63
146079,97918.375
146080,139719.33
146081,148449.38
146082,46516.1
146083,51523.695
146084,99674.93
146085,47018.062
146086,66126.695
146087,38050.414
146088,128336.984
146089,94218.02
146090,49284.85
146091,47834.953
146092,109610.97
146093,121863.45
146094,102950.78
146095,116913.63
146096,43246.06
146097,54407.24
146098,118495.305
146099,47066.75
146100,115965.72
146101,94032.516
146102,110024.664
146103,51904.164
146104,46176.58
146105,47601.945
146106,49797.5
146107,52980.99
146108,96263.72
146109,51464.63
146110,138148.1
146111,34811.434
146112,48657.613
146113,127499.03
146114,117590.734
146115,50506.44
146116,106019.04
146117,93936.16
146118,157202.86
146119,96850.984
146120,59845.73
146121,52903.023
146122,107134.51
146123,103726.97
146124,50354.438
146125,105302.055
146126,123342.59
146127,108429.734
146128,140461.52
146129,130893.766
146130,103564.76
146131,138929.17
146132,154678.42
146133,89742.11
146134,120756.266
146135,86028.44
146136,55422.54
146137,45944.92
146138,134808.05
146139,46729.77
146140,93697.53
146141,112765.07
146142,119573.41
146143,119611.1
146144,102628.44
146145,152938.64
146146,129085.55
146147,98367.46
146148,132016.94
146149,49020.33
146150,53350.668
146151,113646.95
146152,139048.97
146153,50490.99
146154,111229.68
146155,155204.11
146156,142800.5
146157,52118.355
146158,49212.613
146159,96850.984
146160,107035.78
146161,94373.3
146162,133297.69
146163,112520.27
146164,106331.24
146165,64558.93
146166,118221.03
146167,114738.99
146168,108746.24
146169,51055.152
146170,45470.348
146171,100556.695
146172,126773.055
146173,52952.48
146174,48928.836
146175,47903.777
146176,111071.46
146177,42405.83
146178,47440.645
146179,36839.324
146180,128388.08
146181,56695.668
146182,47443.754
146183,52540.336
146184,98269.7
146185,52121.406
146186,115200.3
146187,47625.7
146188,48152.527
146189,125918.42
146190,114246.64
146191,107873.65
146192,122489.83
146193,49067.867
146194,52825.043
146195,63580.51
146196,56781.703
146197,90314.08
146198,153744.36
146199,69151.93
146200,49886.082
146201,50882.598
146202,113807.99
146203,81633.875
146204,130938.88
146205,53287.16
146206,50368.367
146207,61051.484
146208,156101.03
146209,49933.22
146210,46098.902
146211,107393.62
146212,98973.34
146213,51403.77
146214,109995.5
146215,87577.87
146216,49765.68
146217,151265.84
146218,49258.26
146219,112380.16
146220,77514.5
146221,131284.75
146222,108849.086
146223,133985.14
146224,124880.44
146225,44687.87
146226,131934.8
146227,114699.88
146228,47352.938
146229,55877.945
146230,54344.754
146231,54406.59
146232,159326.64
146233,87162.19
146234,118722.69
146235,48897.18
146236,129393.98
146237,123222.71
146238,146471.44
146239,156457.97
146240,126400.87
146241,132828.72
146242,49914.535
146243,115942.164
146244,48628.22
146245,50233.9
146246,142061.38
146247,44072.176
146248,119993.69
146249,111846.945
146250,112078.74
146251,42103.383
146252,180889.17
146253,58168.043
146254,44979.94
146255,118787.98
146256,143291.61
146257,46750.68
146258,53399.05
146259,99406.9
146260,65981.46
146261,45229.688
146262,41876.58
146263,96527.6
146264,155509.64
146265,48999.793
146266,110388.42
146267,46561.36
146268,118513.266
146269,56707.633
146270,132656.02
146271,47902.305
146272,123400.76
146273,119173.67
146274,73489.09
146275,137602.7
146276,106017.51
146277,51550.49
146278,56285.12
146279,111744.88
146280,85519.56
146281,107515.85
146282,140722.45
146283,117329.36
146284,127720.56
146285,90222.41
146286,121263.1
146287,137336.61
146288,125472.555
146289,108111.375
146290,56382.47
146291,105834.35
146292,93731.305
146293,51503.633
146294,140276.16
146295,107594.98
146296,44354.297
146297,137576.78
146298,98495.72
146299,159497.89
146300,95454.87
146301,45608.3
146302,51354.473
146303,43709.14
146304,46067.07
146305,51069.594
146306,123345.63
146307,45469.848
146308,175022.4
146309,65397.508
146310,90575.1
146311,92662.57
146312,52715.57
146313,93865.586
146314,165041.89
146315,53143.195
146316,143352.5
146317,42523.703
146318,89694.51
146319,48414.65
146320,88433.93
146321,181443.92
146322,63156.184
146323,133448.45
146324,52113.32
146325,124425.86
146326,115024.63
146327,107765.63
146328,166721.53
146329,105430.89
146330,169535.12
146331,53431.19
146332,141715.62
146333,153017.73
146334,121648.28
146335,49759.105
146336,45095.36
146337,103665.92
146338,48658.73
146339,49943.02
146340,51314.68
146341,116639.85
146342,112996.34
146343,50073.65
146344,118200.41
146345,84726.27
146346,65810.305
146347,130732.85
146348,115995.28
146349,45432.098
146350,44734.375
146351,46709.445
146352,119218.01
146353,131028.26
146354,193779.16
146355,49854.438
146356,76770.75
146357,110545.19
146358,124908.445
146359,162474.6
146360,124512.664
146361,45456.168
146362,136493.98
146363,62616.7
146364,123142.71
146365,76104.0
146366,50787.66
146367,95764.56
146368,115360.75
146369,125574.08
146370,47042.797
146371,103891.13
146372,131709.72
146373,96108.9
146374,50337.906
146375,153365.86
146376,139098.81
146377,119203.414
146378,150709.36
146379,189547.55
146380,49555.047
146381,45598.746
146382,122199.16
146383,141248.39
146384,121215.94
146385,138754.3
146386,138301.34
146387,42232.938
146388,46270.598
146389,51894.254
146390,125971.05
146391,126551.836
146392,120045.484
146393,53764.047
146394,125755.664
146395,56929.332
146396,100774.85
146397,130233.234
146398,152387.08
146399,48413.234
146400,92005.305
146401,115550.42
146402,108617.086
146403,48064.83
146404,106185.82
146405,50069.062
146406,144822.33
146407,112988.33
146408,170003.19
146409,98401.44
146410,112234.695
146411,110293.055
146412,168526.03
146413,136090.94
146414,48504.848
146415,124124.12
146416,140317.95
146417,111463.586
146418,105371.84
146419,127756.336
146420,148121.31
146421,54287.64
146422,144742.33
146423,112817.21
146424,102618.09
146425,132168.36
146426,98058.53
146427,120479.75
146428,51397.395
146429,126180.15
146430,137075.08
146431,137956.55
146432,130296.89
146433,53054.758
146434,89560.516
146435,87069.4
146436,96285.99
146437,142907.69
146438,118404.44
146439,51936.99
146440,119509.91
146441,108617.086
146442,202568.14
146443,46077.39
146444,130778.97
146445,50073.133
146446,126458.4
146447,120526.86
146448,88822.625
146449,155471.1
146450,32254.312
146451,107748.11
146452,163370.12
146453,129307.83
146454,141072.17
146455,123641.805
146456,117094.38
146457,51428.117
146458,115980.95
146459,135117.86
146460,125540.45
146461,49828.21
146462,46449.004
146463,137604.69
146464,123930.875
146465,48736.17
146466,109461.08
146467,114942.57
146468,47336.688
146469,112140.83
146470,75727.56
146471,115156.31
146472,48489.4
146473,97090.74
146474,60469.04
146475,144623.67
146476,55729.598
146477,132740.44
146478,56673.754
146479,50955.215
146480,49306.645
146481,133295.02
146482,101425.53
146483,51414.684
146484,160325.55
146485,123398.32
146486,98421.95
146487,52071.72
146488,52969.758
146489,104804.0
146490,46293.53
146491,92680.67
146492,51165.973
146493,52527.926
146494,151370.28
146495,56651.63
146496,115438.07
146497,101077.2
146498,45536.438
146499,132100.84
146500,104625.836
146501,50998.414
146502,128952.61
146503,47619.23
146504,123285.89
146505,137843.28
146506,97599.3
146507,71449.27
146508,51620.94
146509,54981.055
146510,132890.72
146511,125272.984
146512,131282.33
146513,123195.83
146514,117945.47
146515,49779.258
146516,43710.05
146517,97845.52
146518,107701.734
146519,133838.55
146520,55668.67
146521,51040.535
146522,96219.32
146523,98617.84
146524,88282.24
146525,98976.57
146526,148831.98
146527,110873.99
146528,46104.477
146529,121903.25
146530,113643.664
146531,50090.484
146532,136839.33
146533,119263.734
146534,116839.375
146535,130563.69
146536,113090.18
146537,130729.88
146538,50942.035
146539,105994.336
146540,51381.887
146541,114498.82
146542,167345.84
146543,129764.53
146544,61027.203
146545,124128.414
146546,50039.97
146547,108708.96
146548,115813.125
146549,53248.867
146550,113309.53
146551,93811.625
146552,165968.39
146553,108305.94
146554,31477.77
146555,55270.574
146556,167632.3
146557,49159.31
146558,122275.49
146559,125213.79
146560,120167.9
146561,110428.83
146562,41606.598
146563,95035.42
146564,53304.297
146565,153699.69
146566,121329.33
146567,130604.8
146568,57943.875
146569,40401.574
146570,138750.67
146571,49850.664
146572,103171.77
146573,121735.4
146574,104290.29
146575,110897.51
146576,45705.758
146577,124468.164
146578,130765.9
146579,48442.27
146580,95388.96
146581,143672.06
146582,124244.62
146583,136926.77
146584,105114.94
146585,42524.293
146586,152707.42
146587,130726.57
146588,40354.945
146589,116978.4
146590,96201.23
146591,126487.59
146592,46000.14
146593,52705.14
146594,47186.05
146595,120020.125
146596,145134.36
146597,95295.21
146598,136469.77
146599,88952.96
146600,62937.555
146601,91776.42
146602,59648.613
146603,51710.34
146604,112181.71
146605,127516.73
146606,148869.56
146607,126636.49
146608,108487.05
146609,69165.29
146610,48938.484
146611,53656.57
146612,123445.71
146613,133514.66
146614,96380.99
146615,123511.55
146616,56505.945
146617,48740.125
146618,107318.21
146619,127882.8
146620,44226.26
146621,47769.23
146622,214783.8
146623,123187.18
146624,119867.11
146625,131513.0
146626,86282.09
146627,48484.727
146628,48064.83
146629,106013.914
146630,51998.19
146631,123060.02
146632,109012.95
146633,48584.54
146634,83208.27
146635,102856.49
146636,121792.8
146637,128258.98
146638,124398.49
146639,35046.71
146640,113962.48
146641,119396.48
146642,55478.4
146643,123475.59
146644,122291.97
146645,63328.61
146646,45101.734
146647,125235.93
146648,110837.42
146649,168121.45
146650,93464.95
146651,98525.4
146652,47368.24
146653,104527.96
146654,55659.586
146655,52248.477
146656,110110.86
146657,54632.75
146658,132884.19
146659,97329.23
146660,47057.684
146661,97093.266
146662,49000.87
146663,132642.0
146664,100375.17
146665,86282.09
146666,128145.516
146667,47739.344
146668,121477.195
146669,43678.805
146670,46442.535
146671,49446.742
146672,45786.81
146673,52197.176
146674,47748.45
146675,111638.516
146676,123126.984
146677,117094.305
146678,51716.418
146679,95216.9
146680,54397.15
146681,97798.7
146682,54575.473
146683,141784.8
146684,130551.516
146685,49843.348
146686,104666.58
146687,112595.24
146688,127117.68
146689,47414.582
146690,149604.84
146691,47440.645
146692,54148.254
146693,46584.95
146694,112161.17
146695,50173.49
146696,108403.56
146697,46484.133
146698,151082.38
146699,53964.445
146700,138492.9
146701,168978.52
146702,53477.25
146703,44206.496
146704,80562.695
146705,50999.445
146706,53710.586
146707,43761.395
146708,112473.32
146709,110549.484
146710,121185.055
146711,135826.28
146712,129921.13
146713,119242.23
146714,183303.25
146715,119035.79
146716,125477.08
146717,47973.156
146718,132329.34
146719,44038.297
146720,99412.03
146721,65734.32
146722,154609.66
146723,126223.234
146724,59162.727
146725,93763.0
146726,152543.67
146727,140341.72
146728,47355.684
146729,140502.72
146730,46610.613
146731,94251.84
146732,121628.99
146733,136815.67
146734,52589.176
146735,131692.55
146736,111011.25
146737,94302.46
146738,110369.13
146739,46122.04
146740,113027.25
146741,48984.63
146742,98810.69
146743,84492.04
146744,107832.33
146745,39557.234
146746,42040.39
146747,52014.027
146748,45891.93
146749,45337.707
146750,46468.773
146751,45142.152
146752,63393.05
146753,100962.484
146754,157885.72
146755,115258.836
146756,124373.38
146757,123666.73
146758,46477.547
146759,50117.754
146760,175090.0
146761,50004.574
146762,125574.08
146763,45566.25
146764,45845.26
146765,46305.34
146766,75012.14
146767,123227.96
146768,108383.914
146769,113612.055
146770,82670.914
146771,98268.46
146772,127710.45
146773,50477.836
146774,93353.27
146775,143441.42
146776,50977.992
146777,119282.42
146778,110874.67
146779,144527.08
146780,105200.74
146781,125844.16
146782,97753.18
146783,124517.36
146784,186400.98
146785,53473.695
146786,113832.875
146787,45204.78
146788,34526.055
146789,118285.54
146790,102927.27
146791,51789.984
146792,127589.46
146793,95641.21
146794,45722.633
146795,47984.67
146796,122134.62
146797,166684.44
146798,45021.223
146799,99819.06
146800,131218.14
146801,108978.555
146802,53168.11
146803,48605.44
146804,106039.73
146805,92823.72
146806,106093.664
146807,114689.58
146808,129905.17
146809,126041.445
146810,156145.61
146811,52418.2
146812,91982.16
146813,125224.14
146814,46785.69
146815,151850.78
146816,54047.23
146817,157827.75
146818,123447.35
146819,133072.06
146820,56018.7
146821,137632.98
146822,165606.86
146823,53250.07
146824,49037.227
146825,141861.95
146826,120549.39
146827,128402.52
146828,172547.67
146829,215919.81
146830,143308.3
146831,47159.168
146832,107819.54
146833,143838.08
146834,129024.53
146835,132831.4
146836,106081.02
146837,44204.348
146838,121817.71
146839,94021.29
146840,151879.56
146841,50532.234
146842,55555.832
146843,158118.5
146844,107443.68
146845,105292.92
146846,132320.25
146847,142319.67
146848,135647.81
146849,130787.76
146850,62032.7
146851,133713.12
146852,126680.56
146853,45774.586
146854,161907.69
146855,91779.555
146856,49800.703
146857,119121.77
146858,110740.375
146859,197573.98
146860,131633.19
146861,84694.35
146862,59777.094
146863,156401.23
146864,45587.71
146865,44759.176
146866,46103.293
146867,59503.727
146868,56227.016
146869,138563.55
146870,44832.11
146871,120411.734
146872,109539.36
146873,122937.46
146874,99984.86
146875,109169.375
146876,71775.984
146877,112944.21
146878,103961.85
146879,47778.3
146880,123950.56
146881,119959.12
146882,103321.52
146883,44316.06
146884,107246.06
146885,124988.07
146886,83300.84
146887,48387.95
146888,91838.625
146889,118005.61
146890,97657.29
146891,156724.56
146892,51751.13
146893,53045.11
146894,114125.45
146895,121419.03
146896,112484.016
146897,127215.64
146898,116838.96
146899,51814.832
146900,112795.84
146901,104733.65
146902,128014.91
146903,94241.1
146904,45692.22
146905,159065.45
146906,44926.25
146907,42907.332
146908,140096.16
146909,98053.195
146910,130368.93
146911,113244.22
146912,49390.293
146913,152005.81
146914,106719.78
146915,48711.71
146916,112184.21
146917,45469.848
146918,50471.836
146919,99420.48
146920,89742.11
146921,44446.793
146922,103610.93
146923,59920.953
146924,130462.64
146925,125579.66
146926,111159.195
146927,118503.41
146928,155203.8
146929,150469.39
146930,130124.97
146931,71687.06
146932,90450.85
146933,104523.48
146934,69841.71
146935,42572.555
146936,59499.62
146937,137511.25
146938,47522.016
146939,122629.27
146940,104411.5
146941,145260.03
146942,111718.695
146943,48940.414
146944,133594.38
146945,140723.78
146946,88443.25
146947,86884.08
146948,107412.695
146949,47885.77
146950,134648.12
146951,91110.81
146952,45508.445
146953,126989.91
146954,96733.086
146955,118844.47
146956,124734.89
146957,53220.574
146958,113554.72
146959,129424.82
146960,111793.875
146961,139707.53
146962,46215.75
146963,53592.363
146964,124512.07
146965,45669.383
146966,48481.6
146967,106055.984
146968,68595.97
146969,107291.4
146970,114330.03
146971,103321.52
146972,99335.97
146973,118025.945
146974,96620.43
146975,91598.3
146976,50542.69
146977,98601.88
146978,48720.703
146979,106850.12
146980,105834.35
146981,146987.64
146982,128910.5
146983,45135.516
146984,49088.582
146985,48459.434
146986,37317.15
146987,127374.07
146988,100815.77
146989,117860.734
146990,98736.28
146991,131377.16
146992,131281.86
146993,61687.42
146994,48374.125
146995,110182.14
146996,40225.695
146997,126632.445
146998,44784.055
146999,77323.35
147000,130160.52
147001,50097.434
147002,126688.5
147003,111935.55
147004,53170.18
147005,51079.0
147006,111403.65
147007,50213.766
147008,109466.12
147009,52305.207
147010,198340.61
147011,57437.13
147012,97341.625
147013,50445.56
147014,46570.492
147015,96151.95
147016,80318.414
147017,112505.97
147018,49191.133
147019,151149.66
147020,136440.42
147021,118656.15
147022,117829.86
147023,46456.625
147024,62660.973
147025,87981.836
147026,113329.25
147027,122564.086
147028,108965.97
147029,125606.96
147030,117181.18
147031,49372.566
147032,90973.266
147033,139876.4
147034,61510.715
147035,49232.91
147036,47590.24
147037,134970.78
147038,47810.43
147039,117547.37
147040,114144.945
147041,44939.965
147042,120102.08
147043,105987.85
147044,51415.04
147045,89955.836
147046,150763.05
147047,118381.93
147048,128833.5
147049,55302.49
147050,118529.71
147051,93654.34
147052,109052.516
147053,95388.54
147054,48706.402
147055,53064.33
147056,102990.36
147057,104348.01
147058,46566.43
147059,157743.22
147060,130160.52
147061,118897.41
147062,130663.91
147063,159934.31
147064,52269.734
147065,97969.75
147066,133179.73
147067,171015.58
147068,49547.76
147069,30200.303
147070,61716.152
147071,102590.95
147072,86410.03
147073,55704.6
147074,112514.984
147075,122405.49
147076,100983.35
147077,53329.055
147078,46073.887
147079,46002.6
147080,55385.81
147081,146435.8
147082,101915.78
147083,142562.27
147084,113591.805
147085,41179.324
147086,64795.934
147087,176673.3
147088,115633.375
147089,51842.984
147090,41981.78
147091,46073.887
147092,118010.664
147093,99044.27
147094,115823.375
147095,128318.39
147096,50089.305
147097,105278.19
147098,117742.94
147099,72204.64
147100,54073.676
147101,94459.18
147102,110033.87
147103,115009.18
147104,104794.516
147105,118468.96
147106,49991.51
147107,143979.25
147108,86410.03
147109,61082.4
147110,141162.81
147111,122126.53
147112,47859.883
147113,79387.97
147114,96001.21
147115,91668.35
147116,100154.39
147117,120575.64
147118,136254.2
147119,104803.37
147120,51970.434
147121,108242.23
147122,145294.2
147123,89820.03
147124,116378.95
147125,133606.36
147126,89116.125
147127,121577.99
147128,118918.914
147129,48907.316
147130,148364.3
147131,61694.805
147132,154667.77
147133,128876.414
147134,135891.6
147135,53427.918
147136,103587.13
147137,94517.586
147138,116772.87
147139,143657.3
147140,96153.97
147141,46073.887
147142,44075.86
147143,91883.266
147144,65380.977
147145,126762.734
147146,128935.92
147147,123292.48
147148,110702.3
147149,48910.13
147150,139918.94
147151,113656.72
147152,44023.684
147153,138222.12
147154,66540.945
147155,112917.11
147156,89441.63
147157,129646.7
147158,116988.83
147159,48726.234
147160,46309.566
147161,138957.31
147162,142556.95
147163,116808.67
147164,171503.28
147165,118170.39
147166,137302.56
147167,118141.57
147168,126677.73
147169,122531.945
147170,146240.69
147171,136075.55
147172,118321.516
147173,109643.88
147174,49867.69
147175,52737.09
147176,121757.28
147177,124518.03
147178,110752.25
147179,105047.586
147180,100149.68
147181,99473.48
147182,51930.645
147183,157611.0
147184,131484.25
147185,107502.914
147186,175809.27
147187,168277.33
147188,136358.22
147189,128873.97
147190,139632.03
147191,135757.73
147192,128335.89
147193,133397.06
147194,137511.6
147195,50563.695
147196,109904.766
147197,113164.016
147198,46666.117
147199,130564.15
147200,127750.07
147201,102805.82
147202,47733.973
147203,94937.5
147204,117409.18
147205,146089.02
147206,137998.72
147207,120935.98
147208,91388.69
147209,45473.566
147210,43870.496
147211,158958.36
147212,108736.47
147213,98514.445
147214,91101.055
147215,129359.016
147216,129073.04
147217,140867.84
147218,109271.71
147219,133429.8
147220,89929.56
147221,46333.168
147222,111029.76
147223,124162.43
147224,130341.7
147225,103497.64
147226,47701.01
147227,55449.504
147228,83714.26
147229,111869.0
147230,120899.87
147231,94108.016
147232,122545.99
147233,84455.33
147234,49593.14
147235,49141.824
147236,46088.1
147237,102968.766
147238,173004.38
147239,112190.516
147240,49446.387
147241,119417.055
147242,44601.207
147243,104611.266
147244,134807.73
147245,47816.49
147246,110096.875
147247,119549.85
147248,125610.86
147249,99506.33
147250,59997.926
147251,105188.71
147252,53184.3
147253,51663.723
147254,95300.61
147255,109968.78
147256,60000.348
147257,41911.375
147258,128356.51
147259,143778.1
147260,54675.816
147261,100859.36
147262,111500.695
147263,48683.105
147264,143685.42
147265,107766.93
147266,125804.336
147267,49234.39
147268,145023.7
147269,114596.03
147270,148670.03
147271,50942.37
147272,58339.984
147273,44316.06
147274,160116.55
147275,125486.92
147276,54852.36
147277,118825.445
147278,99691.13
147279,138396.33
147280,116412.16
147281,56659.426
147282,89420.86
147283,102950.13
147284,88416.61
147285,45950.8
147286,179926.72
147287,94589.336
147288,136539.3
147289,138466.03
147290,127554.63
147291,111165.89
147292,136250.11
147293,125977.945
147294,130326.72
147295,106672.42
147296,91433.77
147297,106476.49
147298,49684.33
147299,136537.42
147300,101803.836
147301,125265.836
147302,54339.035
147303,114681.28
147304,156828.92
147305,55963.36
147306,160363.39
147307,119442.414
147308,46190.336
147309,109492.9
147310,115832.72
147311,126818.71
147312,89408.68
147313,112041.93
147314,107616.7
147315,47247.75
147316,144398.67
147317,47250.81
147318,135049.78
147319,138729.66
147320,140151.6
147321,46897.46
147322,49350.51
147323,126540.47
147324,120972.0
147325,119380.11
147326,89868.17
147327,95771.06
147328,117423.875
147329,130422.03
147330,132362.45
147331,118934.875
147332,118893.54
147333,127730.41
147334,126253.11
147335,124741.16
147336,113573.94
147337,114271.984
147338,128502.27
147339,178322.19
147340,151483.38
147341,98403.25
147342,47654.887
147343,120920.49
147344,47953.88
147345,140486.5
147346,86151.0
147347,83208.27
147348,59860.15
147349,128110.195
147350,101880.625
147351,44867.285
147352,50635.04
147353,153624.17
147354,113254.85
147355,117108.49
147356,141287.47
147357,100266.81
147358,92291.555
147359,52212.5
147360,115212.58
147361,100808.484
147362,167013.14
147363,49890.46
147364,56894.84
147365,130720.46
147366,151138.66
147367,54169.484
147368,48584.54
147369,94222.086
147370,174396.78
147371,121290.06
147372,85822.93
147373,48819.582
147374,105878.51
147375,120872.92
147376,88672.08
147377,53771.867
147378,43782.47
147379,114629.25
147380,53372.94
147381,53312.492
147382,52472.402
147383,129124.11
147384,105847.984
147385,105341.87
147386,103595.88
147387,49321.04
147388,112301.53
147389,156807.62
147390,173964.23
147391,60743.777
147392,123239.88
147393,47897.0
147394,110211.15
147395,141788.94
147396,141516.77
147397,108789.53
147398,142414.02
147399,112234.56
147400,96618.38
147401,54183.73
147402,48152.527
147403,102568.62
147404,112301.53
147405,123679.195
147406,94427.75
147407,101633.4
147408,45295.5
147409,52951.004
147410,47606.91
147411,95472.87
147412,112420.91
147413,145454.72
147414,88048.23
147415,64569.566
147416,49306.645
147417,120606.83
147418,44305.77
147419,127128.6
147420,134922.52
147421,42841.95
147422,138735.27
147423,47989.496
147424,49295.027
147425,165991.62
147426,103820.23
147427,45688.73
147428,113206.72
147429,133998.3
147430,112529.64
147431,118401.94
147432,103239.805
147433,51669.344
147434,55112.625
147435,119034.58
147436,111308.76
147437,157714.98
147438,191099.84
147439,104224.89
147440,116411.87
147441,126256.266
147442,48098.594
147443,104229.0
147444,63177.37
147445,91052.12
147446,92382.14
147447,154118.52
147448,102586.91
147449,51674.613
147450,88340.016
147451,90479.36
147452,133128.17
147453,134650.62
147454,79910.305
147455,104487.52
147456,187208.77
147457,118570.3
147458,83395.734
147459,103734.93
147460,140229.4
147461,101694.555
147462,47193.5
147463,135787.88
147464,125974.85
147465,50144.973
147466,141868.0
147467,56134.54
147468,124662.734
147469,46038.402
147470,130420.87
147471,159635.66
147472,46993.188
147473,50213.766
147474,114336.43
147475,117228.78
147476,64949.633
147477,119413.234
147478,133203.22
147479,137336.95
147480,130257.734
147481,47938.297
147482,116314.414
147483,122110.38
147484,58345.137
147485,55326.457
147486,139928.47
147487,90147.53
147488,119146.52
147489,126210.2
147490,48511.04
147491,128930.58
147492,159082.22
147493,125195.44
147494,90000.984
147495,113914.914
147496,103218.44
147497,87914.234
147498,117383.234
147499,133706.75
147500,112997.414
147501,53646.81
147502,113064.9
147503,89901.13
147504,114359.63
147505,135382.2
147506,59833.344
147507,46331.348
147508,47011.566
147509,138489.5
147510,51849.168
147511,110087.96
147512,46905.38
147513,49173.164
147514,122000.57
147515,179120.83
147516,116852.766
147517,168929.22
147518,113528.59
147519,152821.0
147520,95095.18
147521,98707.22
147522,62456.63
147523,57861.742
147524,103584.33
147525,135292.98
147526,117007.375
147527,155237.16
147528,49966.78
147529,131186.89
147530,57536.066
147531,137336.95
147532,51963.664
147533,139759.61
147534,120709.375
147535,98137.76
147536,132686.33
147537,48524.844
147538,167030.55
147539,107126.99
147540,91658.85
147541,147561.16
147542,48098.477
147543,87633.945
147544,95890.266
147545,119923.52
147546,99969.67
147547,133422.5
147548,106780.5
147549,118859.64
147550,119586.41
147551,53413.246
147552,152084.97
147553,118899.39
147554,98883.836
147555,130014.83
147556,67589.305
147557,119875.88
147558,174673.22
147559,97822.38
147560,50470.406
147561,94567.125
147562,115648.19
147563,54508.277
147564,46012.766
147565,44960.402
147566,48604.36
147567,105377.98
147568,104741.71
147569,52807.98
147570,150360.03
147571,102814.875
147572,124758.3
147573,102202.78
147574,60982.035
147575,91310.81
147576,145261.67
147577,99777.15
147578,45809.24
147579,96475.94
147580,144242.73
147581,146031.89
147582,100587.63
147583,135695.12
147584,118942.51
147585,44515.05
147586,48327.668
147587,116485.91
147588,46372.92
147589,121738.09
147590,93153.51
147591,54944.54
147592,133003.75
147593,54941.797
147594,90301.57
147595,88618.94
147596,47482.008
147597,50583.03
147598,54017.24
147599,50438.285
147600,60918.785
147601,47718.305
147602,172576.58
147603,111636.45
147604,54675.973
147605,49613.242
147606,42565.64
147607,49107.574
147608,136124.52
147609,47329.82
147610,56277.746
147611,122138.7
147612,146611.94
147613,41482.42
147614,130718.016
147615,49678.242
147616,48578.59
147617,136060.2
147618,110047.73
147619,115323.27
147620,93007.516
147621,127695.66
147622,60625.758
147623,148915.39
147624,48482.316
147625,83715.055
147626,133739.3
147627,93649.195
147628,122023.11
147629,97298.29
147630,43017.203
147631,100254.336
147632,50610.207
147633,118851.42
147634,126769.24
147635,97126.64
147636,103856.13
147637,44774.426
147638,108586.91
147639,126284.51
147640,48941.48
147641,49784.42
147642,133818.78
147643,101315.836
147644,112631.55
147645,107637.74
147646,117715.555
147647,98370.08
147648,46103.176
147649,139979.88
147650,111552.24
147651,153563.61
147652,54701.996
147653,47444.42
147654,53522.453
147655,59967.547
147656,100276.48
147657,48116.008
147658,52864.64
147659,132974.8
147660,119542.86
147661,129827.03
147662,110967.32
147663,127222.18
147664,141020.11
147665,131130.66
147666,134925.83
147667,54861.867
147668,35422.758
147669,130155.94
147670,140462.12
147671,45295.816
147672,101403.82
147673,53905.38
147674,121608.125
147675,110508.58
147676,49791.805
147677,118883.48
147678,114593.95
147679,103431.234
147680,84973.13
147681,43613.75
147682,54296.395
147683,104553.68
147684,123403.45
147685,138449.78
147686,55018.668
147687,110160.25
147688,54501.305
147689,119958.8
147690,119534.54
147691,146608.25
147692,50251.086
147693,51347.293
147694,113555.24
147695,103897.27
147696,96620.82
147697,116468.8
147698,181163.38
147699,95229.27
147700,177673.33
147701,47310.4
147702,106253.5
147703,48311.754
147704,98737.89
147705,101897.14
147706,158484.23
147707,139061.84
147708,101868.59
147709,51720.375
147710,109968.3
147711,103030.89
147712,97471.766
147713,51131.926
147714,116979.94
147715,88347.24
147716,50146.117
147717,98919.62
147718,115069.305
147719,135311.33
147720,52761.168
147721,54600.008
147722,49104.965
147723,48300.63
147724,113009.2
147725,136358.83
147726,47714.78
147727,128426.805
147728,44390.977
147729,88645.21
147730,119466.195
147731,47353.984
147732,48578.59
147733,52182.1
147734,128289.6
147735,144451.14
147736,49881.043
147737,109999.055
147738,125490.016
147739,136876.75
147740,109055.11
147741,126182.97
147742,119218.19
147743,48480.83
147744,54593.555
147745,180869.81
147746,48652.477
147747,51630.21
147748,131620.36
147749,111489.61
147750,89497.625
147751,115445.695
147752,85710.445
147753,99326.41
147754,107201.96
147755,86417.63
147756,103594.62
147757,124542.43
147758,104098.164
147759,117395.96
147760,49503.957
147761,49355.656
147762,169867.53
147763,49018.55
147764,54385.125
147765,98885.89
147766,100014.23
147767,148611.48
147768,105503.484
147769,165993.7
147770,139850.45
147771,137860.48
147772,52015.85
147773,115407.375
147774,47939.492
147775,54346.816
147776,131418.83
147777,50676.676
147778,139029.45
147779,153878.06
147780,113629.24
147781,98397.14
147782,145888.27
147783,93823.086
147784,135958.19
147785,102494.47
147786,162754.95
147787,123674.08
147788,150910.94
147789,120435.82
147790,113126.22
147791,49348.3
147792,111692.92
147793,106418.555
147794,44945.69
147795,43613.75
147796,86236.47
147797,99271.31
147798,117077.57
147799,63681.906
147800,93922.5
147801,127867.18
147802,42284.414
147803,131730.27
147804,97784.7
147805,123115.21
147806,122406.9
147807,101832.06
147808,111712.57
147809,51664.246
147810,48048.605
147811,137873.95
147812,218337.97
147813,119642.51
147814,102774.51
147815,63226.098
147816,96570.89
147817,123014.445
147818,94745.65
147819,101351.73
147820,101892.27
147821,147230.38
147822,124117.26
147823,102492.93
147824,106553.34
147825,59394.863
147826,39175.875
147827,117720.28
147828,121094.23
147829,48255.973
147830,180766.69
147831,110357.81
147832,48142.105
147833,126939.95
147834,47705.695
147835,124306.95
147836,49065.29
147837,46748.24
147838,104121.77
147839,123548.99
147840,137718.2
147841,109189.414
147842,161435.52
147843,114430.69
147844,132491.84
147845,48250.195
147846,117949.3
147847,52444.72
147848,120848.25
147849,51974.92
147850,49335.44
147851,144253.8
147852,122569.4
147853,138186.39
147854,96809.98
147855,120847.234
147856,115153.57
147857,58212.344
147858,47392.81
147859,118181.62
147860,50560.508
147861,122281.055
147862,45950.8
147863,54443.105
147864,86393.766
147865,57156.34
147866,110054.18
147867,46012.766
147868,111022.44
147869,112006.47
147870,133082.42
147871,53031.46
147872,116693.29
147873,48064.83
147874,169840.9
147875,97172.79
147876,132549.77
147877,92350.336
147878,166307.88
147879,47429.742
147880,98682.36
147881,118786.44
147882,50855.598
147883,156567.02
147884,112341.13
147885,122174.98
147886,123686.29
147887,45978.74
147888,135172.75
147889,97994.04
147890,161075.72
147891,94122.46
147892,99724.914
147893,46824.246
147894,60934.66
147895,84740.125
147896,156689.6
147897,143941.94
147898,48833.695
147899,101270.31
147900,107537.55
147901,128505.62
147902,45712.535
147903,160723.95
147904,43733.87
147905,45762.285
147906,98488.61
147907,59984.06
147908,51236.66
147909,118418.555
147910,171123.2
147911,122688.17
147912,57719.395
147913,133866.5
147914,47616.9
147915,93916.66
147916,85588.7
147917,120168.41
147918,111139.95
147919,99971.82
147920,52565.348
147921,134723.3
147922,48778.59
147923,100571.875
147924,82324.766
147925,124691.43
147926,113826.76
147927,54954.492
147928,100864.43
147929,49274.766
147930,124243.97
147931,121092.62
147932,90046.34
147933,114112.79
147934,129696.516
147935,119563.89
147936,126843.25
147937,115181.336
147938,117641.26
147939,45266.945
147940,98470.32
147941,50926.63
147942,48676.87
147943,93343.22
147944,139565.11
147945,49363.29
147946,82772.945
147947,146670.38
147948,164687.81
147949,121583.52
147950,108196.17
147951,96809.98
147952,46953.35
147953,47734.133
147954,53281.31
147955,142868.94
147956,133665.72
147957,51708.766
147958,61661.84
147959,105237.98
147960,101368.76
147961,45605.324
147962,99151.46
147963,52577.387
147964,43345.97
147965,137061.27
147966,47619.312
147967,175866.56
147968,60667.836
147969,96330.52
147970,55876.758
147971,104915.516
147972,133649.19
147973,131135.7
147974,97506.67
147975,129499.805
147976,137294.66
147977,133337.5
147978,130513.336
147979,102443.72
147980,118371.555
147981,125494.914
147982,110450.734
147983,125862.74
147984,45317.23
147985,139259.39
147986,45469.23
147987,101929.8
147988,101291.36
147989,123451.555
147990,48294.855
147991,129584.0
147992,107241.305
147993,123109.56
147994,120595.47
147995,47152.56
147996,51202.633
147997,124750.36
147998,148652.2
147999,47320.457
148000,96922.73
148001,46422.684
148002,114698.805
148003,96149.15
148004,104935.086
148005,134132.31
148006,148974.9
148007,103077.41
148008,52967.87
148009,105441.734
148010,113372.88
148011,61372.98
148012,116668.23
148013,130371.734
148014,119645.34
148015,96093.8
148016,67068.734
148017,154407.19
148018,120891.67
148019,57912.285
148020,111684.63
148021,105155.734
148022,45361.402
148023,129862.04
148024,52294.48
148025,94005.73
148026,143230.62
148027,105244.36
148028,107099.016
148029,56044.836
148030,156718.28
148031,121239.91
148032,109994.93
148033,113807.99
148034,51011.375
148035,111493.46
148036,40479.0
148037,159185.69
148038,128543.31
148039,52583.293
148040,44991.992
148041,101929.83
148042,108287.484
148043,55848.51
148044,51867.477
148045,94517.586
148046,47919.125
148047,97738.79
148048,131025.81
148049,100556.695
148050,106562.42
148051,124540.31
148052,95955.445
148053,104494.05
148054,142701.58
148055,81509.164
148056,50430.836
148057,129282.445
148058,149147.08
148059,135537.17
148060,58107.824
148061,121766.47
148062,79267.875
148063,108294.14
148064,100332.53
148065,180644.58
148066,84535.66
148067,46103.293
148068,54285.777
148069,90798.734
148070,128994.54
148071,124547.86
148072,44154.652
148073,156700.6
148074,49389.473
148075,94891.96
148076,95373.79
148077,48031.668
148078,147540.98
148079,49399.477
148080,99586.96
148081,110645.555
148082,69390.84
148083,116110.805
148084,116686.95
148085,130153.01
148086,130945.586
148087,103889.59
148088,160771.98
148089,55792.027
148090,124283.64
148091,115453.06
148092,117018.97
148093,51532.656
148094,125592.65
148095,83292.94
148096,109545.99
148097,51207.61
148098,137426.94
148099,105218.02
148100,123429.89
148101,45474.344
148102,117009.87
148103,117159.336
148104,139735.89
148105,52219.105
148106,102784.195
148107,143743.72
148108,47964.76
148109,130131.23
148110,108700.86
148111,117808.75
148112,142466.9
148113,105102.35
148114,107723.3
148115,98540.87
148116,123524.6
148117,122229.71
148118,103797.336
148119,131695.42
148120,147171.3
148121,47211.84
148122,126415.96
148123,124584.36
148124,107931.21
148125,104939.71
148126,113408.305
148127,124029.92
148128,123736.96
148129,159902.58
148130,92631.055
148131,113990.68
148132,48604.36
148133,47596.047
148134,44410.098
148135,130946.63
148136,94178.59
148137,121545.77
148138,146574.05
148139,136731.97
148140,42067.574
148141,132877.62
148142,52775.14
148143,48672.13
148144,47072.824
148145,115191.57
148146,180827.83
148147,99112.77
148148,110664.83
148149,87069.4
148150,99925.336
148151,119934.8
148152,124802.305
148153,76895.4
148154,134596.42
148155,118452.75
148156,50784.348
148157,99404.64
148158,52028.355
148159,93067.61
148160,133862.28
148161,109068.62
148162,49446.742
148163,110047.73
148164,99691.13
148165,127818.445
148166,141852.0
148167,89797.02
148168,51313.062
148169,162170.88
148170,51353.934
148171,67781.34
148172,52460.496
148173,46270.973
148174,119603.83
148175,127118.49
148176,108020.125
148177,101210.18
148178,125359.98
148179,53729.582
148180,51352.965
148181,55213.51
148182,157757.48
148183,92701.086
148184,115281.39
148185,99494.04
148186,57739.457
148187,112139.4
148188,134485.56
148189,48380.15
148190,45882.85
148191,57012.227
148192,124973.57
148193,122535.12
148194,133969.28
148195,43534.53
148196,57605.78
148197,127365.195
148198,139429.75
148199,102381.34
148200,116004.16
148201,88405.97
148202,50689.2
148203,54534.914
148204,124802.055
148205,222212.02
148206,51751.13
148207,48815.062
148208,117496.0
148209,109876.85
148210,51160.277
148211,44295.7
148212,139643.9
148213,47257.293
148214,53239.082
148215,123954.07
148216,115663.59
148217,107969.98
148218,114585.26
148219,146588.36
148220,107797.76
148221,111202.164
148222,149123.19
148223,137589.58
148224,50648.277
148225,48534.184
148226,110488.875
148227,88918.24
148228,45413.934
148229,94614.43
148230,127973.43
148231,46792.223
148232,112552.5
148233,131355.56
148234,119958.8
148235,46453.105
148236,52519.535
148237,48343.195
148238,49096.305
148239,104372.82
148240,48681.605
148241,95658.94
148242,105175.49
148243,115847.34
148244,46566.406
148245,152584.1
148246,47049.625
148247,134770.58
148248,138419.88
148249,147959.98
148250,93669.65
148251,47027.723
148252,132294.14
148253,45240.543
148254,118014.695
148255,46597.902
148256,71144.8
148257,135233.23
148258,98047.53
148259,123262.195
148260,140677.81
148261,130454.85
148262,56167.727
148263,101516.63
148264,42487.77
148265,46613.168
148266,42334.48
148267,135617.0
148268,54785.848
148269,158648.2
148270,140185.81
148271,106868.97
148272,57584.992
148273,49738.934
148274,110616.78
148275,45816.33
148276,51319.77
148277,116433.16
148278,68580.13
148279,97898.49
148280,109226.86
148281,50959.117
148282,94304.31
148283,118626.445
148284,128615.54
148285,54438.47
148286,88663.195
148287,175628.75
148288,138477.64
148289,125472.82
148290,85458.15
148291,85650.33
148292,58355.305
148293,100313.3
148294,120305.664
148295,103124.71
148296,159422.38
148297,91469.01
148298,109394.92
148299,93116.13
148300,93325.266
148301,132009.14
148302,132761.0
148303,52926.754
148304,101463.555
148305,129700.09
148306,55975.094
148307,47375.527
148308,114930.23
148309,112827.13
148310,118507.195
148311,127994.04
148312,61352.414
148313,109264.66
148314,56344.176
148315,63928.914
148316,127058.984
148317,144748.55
148318,134630.1
148319,93917.31
148320,54826.363
148321,47284.297
148322,50633.29
148323,49683.914
148324,47384.598
148325,163698.1
148326,126286.38
148327,48369.207
148328,54325.086
148329,85546.63
148330,160513.23
148331,146152.47
148332,53001.812
148333,122448.3
148334,132172.42
148335,130273.266
148336,125270.164
148337,115240.57
148338,168310.48
148339,102939.17
148340,83956.91
148341,45238.492
148342,96225.086
148343,49738.668
148344,147261.47
148345,48504.848
148346,139566.34
148347,108232.14
148348,106070.305
148349,176551.44
148350,147472.64
148351,131685.53
148352,123861.38
148353,104559.43
148354,48607.703
148355,42659.137
148356,64729.07
148357,45966.49
148358,96778.34
148359,42365.254
148360,89243.805
148361,121716.6
148362,110918.52
148363,90674.81
148364,56259.36
148365,53221.17
148366,107540.92
148367,123265.13
148368,122746.87
148369,52616.004
148370,150092.38
148371,164673.89
148372,110817.75
148373,149555.33
148374,48300.63
148375,170104.62
148376,99667.07
148377,125968.43
148378,165296.5
148379,129106.65
148380,46877.766
148381,101790.586
148382,120506.766
148383,149760.78
148384,105105.14
148385,47504.363
148386,44316.06
148387,46439.7
148388,108705.2
148389,114718.6
148390,120796.47
148391,112529.34
148392,47615.23
148393,126834.23
148394,52282.03
148395,54464.56
148396,113161.445
148397,89429.3
148398,139953.23
148399,50554.79
148400,135362.34
148401,46180.7
148402,43808.16
148403,47211.84
148404,135212.61
148405,117355.664
148406,143520.06
148407,117455.875
148408,47870.59
148409,170244.22
148410,47126.434
148411,76233.02
148412,51052.586
148413,49138.22
148414,41664.74
148415,118791.48
148416,107963.99
148417,94668.1
148418,41876.58
148419,126903.68
148420,115835.77
148421,119260.61
148422,51616.94
148423,51922.395
148424,121278.66
148425,43779.676
148426,121430.79
148427,115387.01
148428,133297.03
148429,48578.59
148430,140436.72
148431,126765.53
148432,136347.61
148433,128528.016
148434,56516.457
148435,99363.336
148436,136800.83
148437,106149.92
148438,145941.27
148439,45803.28
148440,107616.7
148441,72842.14
148442,97039.47
148443,98628.59
148444,100982.75
148445,108381.29
148446,46070.14
148447,54189.2
148448,117880.8
148449,90791.055
148450,116783.664
148451,124166.62
148452,52352.934
148453,136130.42
148454,84260.28
148455,209692.8
148456,110130.36
148457,84704.1
148458,163197.27
148459,85913.72
148460,55170.58
148461,55361.08
148462,99747.56
148463,51264.51
148464,99517.42
148465,127512.6
148466,116714.32
148467,102400.68
148468,51324.79
148469,158813.77
148470,49872.79
148471,170141.67
148472,93936.016
148473,59122.875
148474,120663.23
148475,115794.62
148476,51760.625
148477,62680.645
148478,127857.32
148479,49167.297
148480,112180.38
148481,91451.85
148482,110571.734
148483,52228.254
148484,151106.88
148485,80508.016
148486,136759.69
148487,136205.31
148488,56166.305
148489,64172.9
148490,52067.43
148491,143307.6
148492,56650.09
148493,124137.23
148494,44376.453
148495,103207.29
148496,108906.516
148497,93738.14
148498,139243.12
148499,48925.934
148500,144613.7
148501,104989.67
148502,108769.61
148503,101089.766
148504,116383.67
148505,124471.84
148506,154460.53
148507,140075.56
148508,91766.195
148509,48354.184
148510,135260.25
148511,106097.195
148512,49506.582
148513,116641.86
148514,107908.04
148515,108492.88
148516,75481.734
148517,116187.234
148518,133708.25
148519,99840.734
148520,91354.04
148521,54472.53
148522,122122.87
148523,165795.23
148524,107950.25
148525,101355.91
148526,92082.12
148527,168227.1
148528,44708.832
148529,46421.42
148530,49912.82
148531,49475.18
148532,115138.73
148533,108120.44
148534,50612.156
148535,106021.71
148536,44242.664
148537,140508.25
148538,39172.3
148539,183287.61
148540,53196.434
148541,116672.695
148542,52170.098
148543,113669.58
148544,48482.457
148545,101656.88
148546,137275.06
148547,152137.02
148548,112091.92
148549,47722.176
148550,46560.527
148551,117801.34
148552,126366.164
148553,132675.25
148554,133154.44
148555,113671.95
148556,127222.93
148557,95458.7
148558,114573.36
148559,71516.43
148560,54630.8
148561,92996.98
148562,108876.0
148563,48435.895
148564,43681.04
148565,128305.06
148566,55772.1
148567,133613.33
148568,148328.34
148569,115309.125
148570,44860.92
148571,94627.18
148572,50670.855
148573,86282.09
148574,139666.28
148575,55301.652
148576,128789.56
148577,121414.56
148578,145848.9
148579,49688.21
148580,46519.902
148581,88102.76
148582,137971.28
148583,124498.305
148584,51478.17
148585,46581.277
148586,46939.0
148587,56671.492
148588,107903.945
148589,47887.04
148590,108675.7
148591,96605.76
148592,93848.41
148593,125841.83
148594,122829.84
148595,136460.06
148596,54303.39
148597,159506.84
148598,118018.984
148599,92701.086
148600,164498.14
148601,84159.234
148602,48261.234
148603,124040.58
148604,110656.164
148605,73108.03
148606,118155.1
148607,134495.62
148608,115873.93
148609,162295.02
148610,48451.72
148611,128828.35
148612,58619.117
148613,89868.17
148614,122336.305
148615,84020.61
148616,113713.734
148617,110876.22
148618,177064.73
148619,128757.16
148620,128396.76
148621,58091.566
148622,113251.875
148623,111837.12
148624,132456.61
148625,159530.83
148626,104885.81
148627,54528.574
148628,46664.715
148629,94246.875
148630,100176.21
148631,109140.15
148632,142077.48
148633,57324.406
148634,120983.664
148635,116720.516
148636,169159.23
148637,115528.56
148638,135780.5
148639,125528.67
148640,145424.92
148641,47666.383
148642,138139.78
148643,56136.203
148644,44565.465
148645,159255.62
148646,152409.45
148647,106328.375
148648,92057.48
148649,99406.9
148650,43646.004
148651,85395.36
148652,133295.44
148653,91405.66
148654,141933.8
148655,48242.32
148656,106035.6
148657,141201.94
148658,108387.9
148659,99197.88
148660,115838.27
148661,48400.293
148662,116444.68
148663,118592.49
148664,110048.914
148665,125532.78
148666,125539.74
148667,99973.44
148668,48061.54
148669,106570.44
148670,51594.113
148671,137661.5
148672,139720.0
148673,45135.516
148674,131078.72
148675,126978.3
148676,40491.54
148677,164038.31
148678,84978.25
148679,113816.82
148680,64164.543
148681,47181.055
148682,151605.27
148683,87707.93
148684,118693.77
148685,116941.78
148686,138003.34
148687,157540.2
148688,88818.55
148689,100432.195
148690,92209.59
148691,103115.65
148692,135291.44
148693,40431.28
148694,93738.14
148695,93343.22
148696,117569.35
148697,141463.53
148698,46697.727
148699,125033.49
148700,145909.33
148701,151587.69
148702,147937.48
148703,114714.04
148704,146197.52
148705,97466.586
148706,131619.58
148707,158042.03
148708,136171.1
148709,120557.07
148710,116104.18
148711,57635.71
148712,104469.72
148713,96823.17
148714,47115.297
148715,180624.72
148716,118352.914
148717,126471.44
148718,124895.49
148719,104424.42
148720,144652.66
148721,48949.54
148722,85397.77
148723,138475.78
148724,53124.55
148725,92944.59
148726,51169.87
148727,132344.84
148728,51710.71
148729,63673.79
148730,86450.58
148731,47904.594
148732,117982.88
148733,49806.625
148734,57277.95
148735,52249.28
148736,128105.734
148737,54559.887
148738,96229.336
148739,118071.34
148740,50098.516
148741,50401.24
148742,170998.89
148743,49793.14
148744,118505.945
148745,49400.785
148746,44860.664
148747,105408.6
148748,54215.91
148749,84172.98
148750,112508.62
148751,99469.695
148752,55307.418
148753,107629.75
148754,133079.88
148755,53460.918
148756,96713.96
148757,70535.85
148758,116724.04
148759,94674.98
148760,113575.61
148761,122739.23
148762,54865.81
148763,136248.56
148764,50357.848
148765,117658.94
148766,137099.08
148767,53207.188
148768,48731.812
148769,125552.55
148770,118854.89
148771,126481.79
148772,132824.97
148773,41771.062
148774,51557.117
148775,41542.203
148776,50720.445
148777,50824.71
148778,111485.17
148779,130278.19
148780,108743.97
148781,119376.95
148782,49879.164
148783,42802.74
148784,94051.59
148785,53559.73
148786,135824.16
148787,114249.9
148788,123990.59
148789,144981.53
148790,47656.1
148791,46251.496
148792,115235.38
148793,112500.73
148794,126942.23
148795,115324.85
148796,132430.16
148797,49907.05
148798,131467.39
148799,140981.25
148800,108388.05
148801,144154.75
148802,113143.16
148803,107361.0
148804,134404.3
148805,137609.83
148806,121169.04
148807,45345.406
148808,127708.125
148809,49478.094
148810,128544.54
148811,117374.17
148812,110689.91
148813,49429.64
148814,49984.05
148815,51710.34
148816,135344.73
148817,48774.21
148818,127931.76
148819,115463.25
148820,54748.066
148821,114103.734
148822,48418.527
148823,141456.69
148824,122789.65
148825,71985.664
148826,60528.996
148827,101315.836
148828,114835.37
148829,119894.77
148830,57412.51
148831,131319.48
148832,53541.312
148833,99531.96
148834,111976.234
148835,123679.195
148836,97977.14
148837,113676.73
148838,114766.08
148839,99217.61
148840,124402.69
148841,112662.82
148842,139115.8
148843,49312.684
148844,106796.66
148845,132347.75
148846,48163.13
148847,51841.18
148848,45816.33
148849,135556.31
148850,93394.016
148851,56565.05
148852,52070.23
148853,51091.508
148854,144562.81
148855,137135.27
148856,48135.24
148857,128275.11
148858,124013.12
148859,47808.96
148860,144670.84
148861,110902.8
148862,132433.42
148863,144951.48
148864,81579.97
148865,128136.875
148866,122230.61
148867,158748.5
148868,46655.965
148869,41940.56
148870,120005.586
148871,58245.406
148872,152484.56
148873,60546.723
148874,99330.16
148875,47671.848
148876,57149.84
148877,119955.54
148878,129199.88
148879,49408.254
148880,46457.848
148881,51841.184
148882,53761.438
148883,104035.22
148884,100653.016
148885,90854.65
148886,49684.31
148887,125137.26
148888,100065.58
148889,57210.113
148890,125191.195
148891,118485.79
148892,43322.73
148893,50708.426
148894,158742.03
148895,104818.47
148896,137869.44
148897,49173.08
148898,46425.23
148899,125845.086
148900,56286.938
148901,46932.15
148902,48353.71
148903,125459.93
148904,91451.85
148905,132623.45
148906,126912.25
148907,45639.03
148908,96084.76
148909,91857.195
148910,96745.734
148911,97753.18
148912,46049.43
148913,105441.734
148914,49655.688
148915,115009.18
148916,41048.086
148917,133255.42
148918,96505.79
148919,133368.27
148920,50613.594
148921,110369.06
148922,155860.38
148923,50285.258
148924,88351.26
148925,153677.02
148926,144567.95
148927,41358.0
148928,161888.62
148929,118483.375
148930,55299.195
148931,48736.977
148932,179750.53
148933,48135.24
148934,127404.98
148935,53494.97
148936,54831.168
148937,105108.53
148938,49133.09
148939,111536.52
148940,117091.41
148941,48714.13
148942,49306.645
148943,106015.836
148944,105434.766
148945,107385.445
148946,126728.93
148947,46968.023
148948,124021.91
148949,49229.71
148950,130782.18
148951,46368.188
148952,106053.28
148953,50213.13
148954,92996.98
148955,126219.93
148956,90026.766
148957,176715.44
148958,52696.98
148959,165847.47
148960,104024.88
148961,98071.41
148962,84162.04
148963,48795.188
148964,48245.05
148965,45481.066
148966,148402.53
148967,84260.28
148968,95691.91
148969,52999.56
148970,47210.617
148971,125669.67
148972,50863.08
148973,63450.527
148974,52374.03
148975,105751.49
148976,48560.094
148977,146781.34
148978,141175.81
148979,50477.547
148980,134266.78
148981,90000.984
148982,54348.977
148983,47904.46
148984,51920.98
148985,106763.25
148986,112254.92
148987,117611.08
